kind,condition,exposure,method,probe,k,precision,ci95,target_contrast,contrast_ci95,chance,n
compositional,ambiguous,exposed,association_only,0,10,0.34500000000000003,0.07436118884757448,0.0,0.0,0.14999999999999997,10
compositional,ambiguous,exposed,association_only,1,10,0.44499999999999995,0.04602191203318153,0.0,0.0,0.14999999999999997,10
compositional,ambiguous,exposed,association_only,2,10,0.425,0.034760097553861516,0.0,0.0,0.14999999999999997,10
compositional,ambiguous,exposed,association_only,3,10,0.46499999999999997,0.033932357442811485,0.0,0.0,0.14999999999999997,10
compositional,ambiguous,exposed,association_only,4,10,0.48,0.034555021442218184,0.0,0.0,0.14999999999999997,10
compositional,ambiguous,exposed,association_only,5,10,0.465,0.029446687080051895,0.0,0.0,0.14999999999999997,10
compositional,ambiguous,exposed,association_only,6,10,0.95,0.04461034085785039,0.915,0.07917550069989343,0.14999999999999997,10
compositional,ambiguous,exposed,association_only,7,10,0.885,0.04783926094926253,0.825,0.06584479402316082,0.14999999999999997,10
compositional,ambiguous,exposed,association_only,8,5,1.0,0.0,1.0,0.0,0.14999999999999997,10
compositional,ambiguous,exposed,association_only,8,10,0.9650000000000001,0.024141455597255685,0.9549999999999998,0.035568579986853796,0.14999999999999997,10
compositional,ambiguous,exposed,association_only,8,25,0.5820000000000001,0.0184087648132726,0.384,0.04035413348558376,0.14999999999999997,10
compositional,ambiguous,exposed,clustering,0,10,0.19,0.040606963805363765,0.0,0.0,0.14999999999999997,10
compositional,ambiguous,exposed,clustering,1,10,0.19,0.040606963805363765,0.0,0.0,0.14999999999999997,10
compositional,ambiguous,exposed,clustering,2,10,0.19,0.040606963805363765,0.0,0.0,0.14999999999999997,10
compositional,ambiguous,exposed,clustering,3,10,0.19,0.040606963805363765,0.0,0.0,0.14999999999999997,10
compositional,ambiguous,exposed,clustering,4,10,0.19,0.040606963805363765,0.0,0.0,0.14999999999999997,10
compositional,ambiguous,exposed,clustering,5,10,0.19,0.040606963805363765,0.0,0.0,0.14999999999999997,10
compositional,ambiguous,exposed,clustering,6,10,0.19,0.040606963805363765,0.0,0.0,0.14999999999999997,10
compositional,ambiguous,exposed,clustering,7,10,0.19,0.040606963805363765,0.0,0.0,0.14999999999999997,10
compositional,ambiguous,exposed,clustering,8,5,0.15000000000000002,0.06079364704696509,0.0,0.0,0.14999999999999997,10
compositional,ambiguous,exposed,clustering,8,10,0.19,0.040606963805363765,0.0,0.0,0.14999999999999997,10
compositional,ambiguous,exposed,clustering,8,25,0.158,0.01712877758885868,0.0,0.0,0.14999999999999997,10
compositional,ambiguous,exposed,competing_models,0,10,0.195,0.05183253216332726,0.0,0.0,0.14999999999999997,10
compositional,ambiguous,exposed,competing_models,1,10,0.39,0.04396843198393992,0.0,0.0,0.14999999999999997,10
compositional,ambiguous,exposed,competing_models,2,10,0.275,0.05128110656114111,0.0,0.0,0.14999999999999997,10
compositional,ambiguous,exposed,competing_models,3,10,0.275,0.07203075318821234,0.0,0.0,0.14999999999999997,10
compositional,ambiguous,exposed,competing_models,4,10,0.32999999999999996,0.06573676311525131,0.0,0.0,0.14999999999999997,10
compositional,ambiguous,exposed,competing_models,5,10,0.3,0.071535690598834,0.0,0.0,0.14999999999999997,10
compositional,ambiguous,exposed,competing_models,6,10,0.635,0.12164573547874856,0.635,0.12164573547874856,0.14999999999999997,10
compositional,ambiguous,exposed,competing_models,7,10,0.6599999999999999,0.07310809141785259,0.6599999999999999,0.07310809141785259,0.14999999999999997,10
compositional,ambiguous,exposed,competing_models,8,5,0.9199999999999999,0.07388174355966147,0.9199999999999999,0.07388174355966147,0.14999999999999997,10
compositional,ambiguous,exposed,competing_models,8,10,0.825,0.0911904705704476,0.825,0.0911904705704476,0.14999999999999997,10
compositional,ambiguous,exposed,competing_models,8,25,0.5999999999999999,8.371663225071135e-17,0.5999999999999999,8.371663225071135e-17,0.14999999999999997,10
compositional,ambiguous,exposed,context_oracle,0,10,0.635,0.0696223556258885,0.635,0.0696223556258885,0.14999999999999997,10
compositional,ambiguous,exposed,context_oracle,1,10,0.5999999999999999,0.05058337191929824,0.5999999999999999,0.05058337191929824,0.14999999999999997,10
compositional,ambiguous,exposed,context_oracle,2,10,0.585,0.047839260949262524,0.585,0.047839260949262524,0.14999999999999997,10
compositional,ambiguous,exposed,context_oracle,3,10,0.5799999999999998,0.053850111575460304,0.5799999999999998,0.053850111575460304,0.14999999999999997,10
compositional,ambiguous,exposed,context_oracle,4,10,0.5799999999999998,0.06353758354890776,0.5799999999999998,0.06353758354890776,0.14999999999999997,10
compositional,ambiguous,exposed,context_oracle,5,10,0.595,0.061836893494153375,0.595,0.061836893494153375,0.14999999999999997,10
compositional,ambiguous,exposed,context_oracle,6,10,0.6049999999999999,0.07624882889894678,0.6049999999999999,0.07624882889894678,0.14999999999999997,10
compositional,ambiguous,exposed,context_oracle,7,10,0.5799999999999998,0.03844927838735578,0.5799999999999998,0.03844927838735578,0.14999999999999997,10
compositional,ambiguous,exposed,context_oracle,8,5,0.53,0.0829457626379836,0.53,0.0829457626379836,0.14999999999999997,10
compositional,ambiguous,exposed,context_oracle,8,10,0.5999999999999999,0.07540523876180329,0.5999999999999999,0.07540523876180329,0.14999999999999997,10
compositional,ambiguous,exposed,context_oracle,8,25,0.5999999999999999,8.371663225071135e-17,0.5999999999999999,8.371663225071135e-17,0.14999999999999997,10
compositional,ambiguous,exposed,delta_only,0,10,0.18000000000000002,0.03016209550472132,0.0,0.0,0.14999999999999997,10
compositional,ambiguous,exposed,delta_only,1,10,0.175,0.045399965714333454,0.0,0.0,0.14999999999999997,10
compositional,ambiguous,exposed,delta_only,2,10,0.19,0.04709055651362149,0.0,0.0,0.14999999999999997,10
compositional,ambiguous,exposed,delta_only,3,10,0.18,0.03844927838735581,0.0,0.0,0.14999999999999997,10
compositional,ambiguous,exposed,delta_only,4,10,0.16999999999999998,0.04198386011486573,0.0,0.0,0.14999999999999997,10
compositional,ambiguous,exposed,delta_only,5,10,0.185,0.05072368667405657,0.0,0.0,0.14999999999999997,10
compositional,ambiguous,exposed,delta_only,6,10,0.395,0.059493729882829166,0.395,0.059493729882829166,0.14999999999999997,10
compositional,ambiguous,exposed,delta_only,7,10,0.5199999999999999,0.07578132707370469,0.43999999999999995,0.08564388794429338,0.14999999999999997,10
compositional,ambiguous,exposed,delta_only,8,5,0.58,0.17780293074622974,0.58,0.17780293074622974,0.14999999999999997,10
compositional,ambiguous,exposed,delta_only,8,10,0.44000000000000006,0.08225740415878822,0.4000000000000001,0.07540523876180331,0.14999999999999997,10
compositional,ambiguous,exposed,delta_only,8,25,0.262,0.048377030019105434,0.12000000000000002,0.0595653659471687,0.14999999999999997,10
compositional,ambiguous,exposed,frequency,0,10,0.225,0.05128110656114111,0.0,0.0,0.14999999999999997,10
compositional,ambiguous,exposed,frequency,1,10,0.225,0.05128110656114111,0.0,0.0,0.14999999999999997,10
compositional,ambiguous,exposed,frequency,2,10,0.225,0.05128110656114111,0.0,0.0,0.14999999999999997,10
compositional,ambiguous,exposed,frequency,3,10,0.22000000000000003,0.04828291119451135,0.0,0.0,0.14999999999999997,10
compositional,ambiguous,exposed,frequency,4,10,0.22999999999999998,0.04828291119451135,0.0,0.0,0.14999999999999997,10
compositional,ambiguous,exposed,frequency,5,10,0.22999999999999998,0.04828291119451135,0.0,0.0,0.14999999999999997,10
compositional,ambiguous,exposed,frequency,6,10,0.22000000000000003,0.04828291119451135,0.0,0.0,0.14999999999999997,10
compositional,ambiguous,exposed,frequency,7,10,0.225,0.045399965714333454,0.0,0.0,0.14999999999999997,10
compositional,ambiguous,exposed,frequency,8,5,0.19,0.08564388794429341,0.0,0.0,0.14999999999999997,10
compositional,ambiguous,exposed,frequency,8,10,0.225,0.05128110656114111,0.0,0.0,0.14999999999999997,10
compositional,ambiguous,exposed,frequency,8,25,0.264,0.025054518227513208,0.0,0.0,0.14999999999999997,10
compositional,ambiguous,exposed,mdi,0,10,0.35500000000000004,0.07242436679176703,0.0,0.0,0.14999999999999997,10
compositional,ambiguous,exposed,mdi,1,10,0.40499999999999997,0.0640944529475328,0.0,0.0,0.14999999999999997,10
compositional,ambiguous,exposed,mdi,2,10,0.34500000000000003,0.03936269025254046,0.0,0.0,0.14999999999999997,10
compositional,ambiguous,exposed,mdi,3,10,0.41500000000000004,0.05345268834627583,0.0,0.0,0.14999999999999997,10
compositional,ambiguous,exposed,mdi,4,10,0.45,0.029204323394125802,0.0,0.0,0.14999999999999997,10
compositional,ambiguous,exposed,mdi,5,10,0.39999999999999997,0.04130115022390259,0.0,0.0,0.14999999999999997,10
compositional,ambiguous,exposed,mdi,6,10,0.825,0.08130139551718843,0.78,0.11082261533949223,0.14999999999999997,10
compositional,ambiguous,exposed,mdi,7,10,0.8200000000000001,0.06786471488562297,0.7899999999999999,0.08564388794429341,0.14999999999999997,10
compositional,ambiguous,exposed,mdi,8,5,0.9200000000000002,0.056428113722910796,0.9200000000000002,0.056428113722910796,0.14999999999999997,10
compositional,ambiguous,exposed,mdi,8,10,0.85,0.05592202176243729,0.85,0.05592202176243729,0.14999999999999997,10
compositional,ambiguous,exposed,mdi,8,25,0.562,0.018408764813272627,0.396,0.030759422709884646,0.14999999999999997,10
compositional,ambiguous,exposed,mdi_decay0,0,10,0.35500000000000004,0.07242436679176703,0.0,0.0,0.14999999999999997,10
compositional,ambiguous,exposed,mdi_decay0,1,10,0.4,0.06079364704696506,0.0,0.0,0.14999999999999997,10
compositional,ambiguous,exposed,mdi_decay0,2,10,0.33999999999999997,0.036940871779830735,0.0,0.0,0.14999999999999997,10
compositional,ambiguous,exposed,mdi_decay0,3,10,0.4149999999999999,0.04783926094926254,0.0,0.0,0.14999999999999997,10
compositional,ambiguous,exposed,mdi_decay0,4,10,0.4600000000000001,0.0282140568614554,0.0,0.0,0.14999999999999997,10
compositional,ambiguous,exposed,mdi_decay0,5,10,0.42000000000000004,0.04828291119451135,0.0,0.0,0.14999999999999997,10
compositional,ambiguous,exposed,mdi_decay0,6,10,0.735,0.09087817352110693,0.615,0.12280872306885166,0.14999999999999997,10
compositional,ambiguous,exposed,mdi_decay0,7,10,0.82,0.09111249666087447,0.78,0.12413268944433438,0.14999999999999997,10
compositional,ambiguous,exposed,mdi_decay0,8,5,0.9000000000000001,0.058408646788251604,0.9000000000000001,0.058408646788251604,0.14999999999999997,10
compositional,ambiguous,exposed,mdi_decay0,8,10,0.85,0.06308854906325866,0.85,0.06308854906325866,0.14999999999999997,10
compositional,ambiguous,exposed,mdi_decay0,8,25,0.5720000000000001,0.01679354404594629,0.40800000000000003,0.022571245489164324,0.14999999999999997,10
compositional,ambiguous,exposed,mdi_decay020,0,10,0.35500000000000004,0.07242436679176703,0.0,0.0,0.14999999999999997,10
compositional,ambiguous,exposed,mdi_decay020,1,10,0.40499999999999997,0.0640944529475328,0.0,0.0,0.14999999999999997,10
compositional,ambiguous,exposed,mdi_decay020,2,10,0.345,0.03936269025254046,0.0,0.0,0.14999999999999997,10
compositional,ambiguous,exposed,mdi_decay020,3,10,0.40499999999999997,0.05949372988282917,0.0,0.0,0.14999999999999997,10
compositional,ambiguous,exposed,mdi_decay020,4,10,0.43,0.038449278387355804,0.0,0.0,0.14999999999999997,10
compositional,ambiguous,exposed,mdi_decay020,5,10,0.385,0.047839260949262545,0.0,0.0,0.14999999999999997,10
compositional,ambiguous,exposed,mdi_decay020,6,10,0.835,0.07163497682371314,0.8150000000000001,0.09545540805759051,0.14999999999999997,10
compositional,ambiguous,exposed,mdi_decay020,7,10,0.825,0.0636493471947376,0.8099999999999999,0.07502726526001942,0.14999999999999997,10
compositional,ambiguous,exposed,mdi_decay020,8,5,0.9200000000000002,0.06573676311525131,0.9200000000000002,0.06573676311525131,0.14999999999999997,10
compositional,ambiguous,exposed,mdi_decay020,8,10,0.8400000000000001,0.06263629556878302,0.835,0.06754979571591213,0.14999999999999997,10
compositional,ambiguous,exposed,mdi_decay020,8,25,0.558,0.017128777588858696,0.4,0.04157557949022801,0.14999999999999997,10
compositional,ambiguous,exposed,mdi_no_novelty,0,10,0.34,0.06911004288443635,0.0,0.0,0.14999999999999997,10
compositional,ambiguous,exposed,mdi_no_novelty,1,10,0.41500000000000004,0.06541159988584007,0.0,0.0,0.14999999999999997,10
compositional,ambiguous,exposed,mdi_no_novelty,2,10,0.33,0.04198386011486575,0.0,0.0,0.14999999999999997,10
compositional,ambiguous,exposed,mdi_no_novelty,3,10,0.4,0.04769046039922267,0.0,0.0,0.14999999999999997,10
compositional,ambiguous,exposed,mdi_no_novelty,4,10,0.45499999999999996,0.04602191203318153,0.0,0.0,0.14999999999999997,10
compositional,ambiguous,exposed,mdi_no_novelty,5,10,0.42000000000000004,0.03016209550472131,0.0,0.0,0.14999999999999997,10
compositional,ambiguous,exposed,mdi_no_novelty,6,10,0.8099999999999999,0.06911004288443637,0.78,0.08294576263798364,0.14999999999999997,10
compositional,ambiguous,exposed,mdi_no_novelty,7,10,0.835,0.056048973167046684,0.8300000000000001,0.0588933741601038,0.14999999999999997,10
compositional,ambiguous,exposed,mdi_no_novelty,8,5,0.99,0.02262157162854098,0.99,0.02262157162854098,0.14999999999999997,10
compositional,ambiguous,exposed,mdi_no_novelty,8,10,0.9,0.0533195556654618,0.9,0.0533195556654618,0.14999999999999997,10
compositional,ambiguous,exposed,mdi_no_novelty,8,25,0.584,0.011285622744582136,0.47000000000000003,0.022621571628540976,0.14999999999999997,10
compositional,ambiguous,exposed,mdi_original,0,10,0.39,0.05791986290822425,0.0,0.0,0.14999999999999997,10
compositional,ambiguous,exposed,mdi_original,1,10,0.3949999999999999,0.04901340519517214,0.0,0.0,0.14999999999999997,10
compositional,ambiguous,exposed,mdi_original,2,10,0.33999999999999997,0.0670216422199009,0.0,0.0,0.14999999999999997,10
compositional,ambiguous,exposed,mdi_original,3,10,0.43499999999999994,0.041472881318991815,0.0,0.0,0.14999999999999997,10
compositional,ambiguous,exposed,mdi_original,4,10,0.465,0.0294466870800519,0.0,0.0,0.14999999999999997,10
compositional,ambiguous,exposed,mdi_original,5,10,0.40499999999999997,0.059493729882829145,0.0,0.0,0.14999999999999997,10
compositional,ambiguous,exposed,mdi_original,6,10,0.755,0.06838635757163819,0.6199999999999999,0.08793686396787986,0.14999999999999997,10
compositional,ambiguous,exposed,mdi_original,7,10,0.8400000000000001,0.08564388794429338,0.75,0.14986494796736835,0.14999999999999997,10
compositional,ambiguous,exposed,mdi_original,8,5,0.9800000000000001,0.030162095504721306,0.9800000000000001,0.030162095504721306,0.14999999999999997,10
compositional,ambiguous,exposed,mdi_original,8,10,0.89,0.06263629556878302,0.8549999999999999,0.07436118884757449,0.14999999999999997,10
compositional,ambiguous,exposed,mdi_original,8,25,0.5360000000000001,0.022164523067898463,0.31000000000000005,0.043838922330058525,0.14999999999999997,10
compositional,ambiguous,exposed,mdi_reset,0,10,0.35500000000000004,0.07242436679176703,0.0,0.0,0.14999999999999997,10
compositional,ambiguous,exposed,mdi_reset,1,10,0.35500000000000004,0.07242436679176703,0.0,0.0,0.14999999999999997,10
compositional,ambiguous,exposed,mdi_reset,2,10,0.35500000000000004,0.07242436679176703,0.0,0.0,0.14999999999999997,10
compositional,ambiguous,exposed,mdi_reset,3,10,0.35500000000000004,0.07242436679176703,0.0,0.0,0.14999999999999997,10
compositional,ambiguous,exposed,mdi_reset,4,10,0.35500000000000004,0.07242436679176703,0.0,0.0,0.14999999999999997,10
compositional,ambiguous,exposed,mdi_reset,5,10,0.35500000000000004,0.07242436679176703,0.0,0.0,0.14999999999999997,10
compositional,ambiguous,exposed,mdi_reset,6,10,0.35500000000000004,0.07242436679176703,0.0,0.0,0.14999999999999997,10
compositional,ambiguous,exposed,mdi_reset,7,10,0.35500000000000004,0.07242436679176703,0.0,0.0,0.14999999999999997,10
compositional,ambiguous,exposed,mdi_reset,8,5,0.38,0.12064838201888528,0.0,0.0,0.14999999999999997,10
compositional,ambiguous,exposed,mdi_reset,8,10,0.35500000000000004,0.07242436679176703,0.0,0.0,0.14999999999999997,10
compositional,ambiguous,exposed,mdi_reset,8,25,0.32999999999999996,0.03455502144221818,0.0,0.0,0.14999999999999997,10
compositional,ambiguous,exposed,mdi_with_delta,0,10,0.35500000000000004,0.07624882889894678,0.0,0.0,0.14999999999999997,10
compositional,ambiguous,exposed,mdi_with_delta,1,10,0.39,0.04709055651362149,0.0,0.0,0.14999999999999997,10
compositional,ambiguous,exposed,mdi_with_delta,2,10,0.31500000000000006,0.04476938001062118,0.0,0.0,0.14999999999999997,10
compositional,ambiguous,exposed,mdi_with_delta,3,10,0.37499999999999994,0.03863368845438133,0.0,0.0,0.14999999999999997,10
compositional,ambiguous,exposed,mdi_with_delta,4,10,0.39999999999999997,0.0446103408578504,0.0,0.0,0.14999999999999997,10
compositional,ambiguous,exposed,mdi_with_delta,5,10,0.36500000000000005,0.05853020497757159,0.0,0.0,0.14999999999999997,10
compositional,ambiguous,exposed,mdi_with_delta,6,10,0.71,0.05001817684001296,0.71,0.05001817684001296,0.14999999999999997,10
compositional,ambiguous,exposed,mdi_with_delta,7,10,0.6599999999999999,0.0527836671332623,0.525,0.0830314061947558,0.14999999999999997,10
compositional,ambiguous,exposed,mdi_with_delta,8,5,0.89,0.07113715997370755,0.8800000000000001,0.07388174355966147,0.14999999999999997,10
compositional,ambiguous,exposed,mdi_with_delta,8,10,0.76,0.06702164221990092,0.73,0.08793686396787986,0.14999999999999997,10
compositional,ambiguous,exposed,mdi_with_delta,8,25,0.508,0.0295526974238646,0.32199999999999995,0.03958595494640605,0.14999999999999997,10
compositional,ambiguous,exposed,predicate_match,0,10,0.195,0.05183253216332726,0.0,0.0,0.14999999999999997,10
compositional,ambiguous,exposed,predicate_match,1,10,0.255,0.02639183356663115,0.0,0.0,0.14999999999999997,10
compositional,ambiguous,exposed,predicate_match,2,10,0.22500000000000003,0.034760097553861516,0.0,0.0,0.14999999999999997,10
compositional,ambiguous,exposed,predicate_match,3,10,0.295,0.03936269025254045,0.0,0.0,0.14999999999999997,10
compositional,ambiguous,exposed,predicate_match,4,10,0.265,0.044769380010621175,0.0,0.0,0.14999999999999997,10
compositional,ambiguous,exposed,predicate_match,5,10,0.22500000000000003,0.034760097553861516,0.0,0.0,0.14999999999999997,10
compositional,ambiguous,exposed,predicate_match,6,10,0.59,0.0439684319839399,0.59,0.0439684319839399,0.14999999999999997,10
compositional,ambiguous,exposed,predicate_match,7,10,0.755,0.05705441607566251,0.755,0.05705441607566251,0.14999999999999997,10
compositional,ambiguous,exposed,predicate_match,8,5,0.8700000000000001,0.06786471488562297,0.8700000000000001,0.06786471488562297,0.14999999999999997,10
compositional,ambiguous,exposed,predicate_match,8,10,0.8700000000000001,0.04524314325708195,0.8700000000000001,0.04524314325708195,0.14999999999999997,10
compositional,ambiguous,exposed,predicate_match,8,25,0.5999999999999999,8.371663225071135e-17,0.5999999999999999,8.371663225071135e-17,0.14999999999999997,10
compositional,ambiguous,exposed,random,0,10,0.13,0.048282911194511356,0.0,0.0,0.14999999999999997,10
compositional,ambiguous,exposed,random,1,10,0.13,0.048282911194511356,0.0,0.0,0.14999999999999997,10
compositional,ambiguous,exposed,random,2,10,0.13,0.048282911194511356,0.0,0.0,0.14999999999999997,10
compositional,ambiguous,exposed,random,3,10,0.13,0.048282911194511356,0.0,0.0,0.14999999999999997,10
compositional,ambiguous,exposed,random,4,10,0.13,0.048282911194511356,0.0,0.0,0.14999999999999997,10
compositional,ambiguous,exposed,random,5,10,0.13,0.048282911194511356,0.0,0.0,0.14999999999999997,10
compositional,ambiguous,exposed,random,6,10,0.13,0.048282911194511356,0.0,0.0,0.14999999999999997,10
compositional,ambiguous,exposed,random,7,10,0.13,0.048282911194511356,0.0,0.0,0.14999999999999997,10
compositional,ambiguous,exposed,random,8,5,0.12000000000000002,0.06573676311525133,0.0,0.0,0.14999999999999997,10
compositional,ambiguous,exposed,random,8,10,0.13,0.048282911194511356,0.0,0.0,0.14999999999999997,10
compositional,ambiguous,exposed,random,8,25,0.14999999999999997,0.026337917609264336,0.0,0.0,0.14999999999999997,10
compositional,ambiguous,exposed,recurrence,0,10,0.195,0.05183253216332726,0.0,0.0,0.14999999999999997,10
compositional,ambiguous,exposed,recurrence,1,10,0.24000000000000005,0.06032419100944262,0.0,0.0,0.14999999999999997,10
compositional,ambiguous,exposed,recurrence,2,10,0.255,0.046021912033181525,0.0,0.0,0.14999999999999997,10
compositional,ambiguous,exposed,recurrence,3,10,0.265,0.033932357442811485,0.0,0.0,0.14999999999999997,10
compositional,ambiguous,exposed,recurrence,4,10,0.24500000000000002,0.04602191203318153,0.0,0.0,0.14999999999999997,10
compositional,ambiguous,exposed,recurrence,5,10,0.24500000000000002,0.05450604454644074,0.0,0.0,0.14999999999999997,10
compositional,ambiguous,exposed,recurrence,6,10,0.38,0.06125950556116341,0.21500000000000002,0.10933759620461478,0.14999999999999997,10
compositional,ambiguous,exposed,recurrence,7,10,0.5299999999999999,0.048282911194511356,0.42000000000000004,0.06786471488562296,0.14999999999999997,10
compositional,ambiguous,exposed,recurrence,8,5,0.73,0.06786471488562297,0.7,0.07540523876180331,0.14999999999999997,10
compositional,ambiguous,exposed,recurrence,8,10,0.595,0.059493729882829145,0.5199999999999999,0.06125950556116341,0.14999999999999997,10
compositional,ambiguous,exposed,recurrence,8,25,0.4459999999999999,0.013572942977124587,0.30399999999999994,0.0259464156267217,0.14999999999999997,10
compositional,ambiguous,exposed,similarity,0,10,0.135,0.047839260949262545,0.0,0.0,0.14999999999999997,10
compositional,ambiguous,exposed,similarity,1,10,0.135,0.047839260949262545,0.0,0.0,0.14999999999999997,10
compositional,ambiguous,exposed,similarity,2,10,0.135,0.047839260949262545,0.0,0.0,0.14999999999999997,10
compositional,ambiguous,exposed,similarity,3,10,0.135,0.047839260949262545,0.0,0.0,0.14999999999999997,10
compositional,ambiguous,exposed,similarity,4,10,0.135,0.047839260949262545,0.0,0.0,0.14999999999999997,10
compositional,ambiguous,exposed,similarity,5,10,0.135,0.047839260949262545,0.0,0.0,0.14999999999999997,10
compositional,ambiguous,exposed,similarity,6,10,0.135,0.047839260949262545,0.0,0.0,0.14999999999999997,10
compositional,ambiguous,exposed,similarity,7,10,0.135,0.047839260949262545,0.0,0.0,0.14999999999999997,10
compositional,ambiguous,exposed,similarity,8,5,0.09,0.0527836671332623,0.0,0.0,0.14999999999999997,10
compositional,ambiguous,exposed,similarity,8,10,0.135,0.047839260949262545,0.0,0.0,0.14999999999999997,10
compositional,ambiguous,exposed,similarity,8,25,0.186,0.043735038481845914,0.0,0.0,0.14999999999999997,10
compositional,ambiguous,exposed,value_profile,0,10,0.195,0.05183253216332726,0.0,0.0,0.14999999999999997,10
compositional,ambiguous,exposed,value_profile,1,10,0.34,0.06911004288443635,0.0,0.0,0.14999999999999997,10
compositional,ambiguous,exposed,value_profile,2,10,0.25,0.0446103408578504,0.0,0.0,0.14999999999999997,10
compositional,ambiguous,exposed,value_profile,3,10,0.29500000000000004,0.059493729882829166,0.0,0.0,0.14999999999999997,10
compositional,ambiguous,exposed,value_profile,4,10,0.31,0.05791986290822424,0.0,0.0,0.14999999999999997,10
compositional,ambiguous,exposed,value_profile,5,10,0.24500000000000002,0.06183689349415336,0.0,0.0,0.14999999999999997,10
compositional,ambiguous,exposed,value_profile,6,10,0.605,0.07043430558720784,0.6,0.07726737690876265,0.14999999999999997,10
compositional,ambiguous,exposed,value_profile,7,10,0.63,0.06353758354890779,0.5900000000000001,0.06263629556878302,0.14999999999999997,10
compositional,ambiguous,exposed,value_profile,8,5,0.9,0.058408646788251604,0.9,0.058408646788251604,0.14999999999999997,10
compositional,ambiguous,exposed,value_profile,8,10,0.8400000000000001,0.07310809141785257,0.8400000000000001,0.07310809141785257,0.14999999999999997,10
compositional,ambiguous,exposed,value_profile,8,25,0.5700000000000001,0.02159277431650259,0.5259999999999999,0.04723522830304853,0.14999999999999997,10
compositional,ambiguous,holdout,association_only,0,10,0.34500000000000003,0.07436118884757448,0.0,0.0,0.14999999999999997,10
compositional,ambiguous,holdout,association_only,1,10,0.4600000000000001,0.032868381557625656,0.0,0.0,0.14999999999999997,10
compositional,ambiguous,holdout,association_only,2,10,0.43000000000000005,0.05385011157546033,0.0,0.0,0.14999999999999997,10
compositional,ambiguous,holdout,association_only,3,10,0.475,0.038633688454381344,0.0,0.0,0.14999999999999997,10
compositional,ambiguous,holdout,association_only,4,10,0.49000000000000005,0.022621571628540997,0.0,0.0,0.14999999999999997,10
compositional,ambiguous,holdout,association_only,5,10,0.47000000000000003,0.02500908842000647,0.0,0.0,0.14999999999999997,10
compositional,ambiguous,holdout,association_only,6,10,0.9799999999999999,0.025009088420006473,0.96,0.050018176840012946,0.14999999999999997,10
compositional,ambiguous,holdout,association_only,7,10,0.875,0.05128110656114108,0.795,0.08506098645467262,0.14999999999999997,10
compositional,ambiguous,holdout,association_only,8,5,1.0,0.0,1.0,0.0,0.14999999999999997,10
compositional,ambiguous,holdout,association_only,8,10,0.9550000000000001,0.03556857998685376,0.945,0.04282194397214669,0.14999999999999997,10
compositional,ambiguous,holdout,association_only,8,25,0.5860000000000001,0.011778674832020731,0.384,0.04146602573066179,0.14999999999999997,10
compositional,ambiguous,holdout,clustering,0,10,0.19,0.040606963805363765,0.0,0.0,0.14999999999999997,10
compositional,ambiguous,holdout,clustering,1,10,0.19,0.040606963805363765,0.0,0.0,0.14999999999999997,10
compositional,ambiguous,holdout,clustering,2,10,0.19,0.040606963805363765,0.0,0.0,0.14999999999999997,10
compositional,ambiguous,holdout,clustering,3,10,0.19,0.040606963805363765,0.0,0.0,0.14999999999999997,10
compositional,ambiguous,holdout,clustering,4,10,0.19,0.040606963805363765,0.0,0.0,0.14999999999999997,10
compositional,ambiguous,holdout,clustering,5,10,0.19,0.040606963805363765,0.0,0.0,0.14999999999999997,10
compositional,ambiguous,holdout,clustering,6,10,0.19,0.040606963805363765,0.0,0.0,0.14999999999999997,10
compositional,ambiguous,holdout,clustering,7,10,0.19,0.040606963805363765,0.0,0.0,0.14999999999999997,10
compositional,ambiguous,holdout,clustering,8,5,0.15000000000000002,0.06079364704696509,0.0,0.0,0.14999999999999997,10
compositional,ambiguous,holdout,clustering,8,10,0.19,0.040606963805363765,0.0,0.0,0.14999999999999997,10
compositional,ambiguous,holdout,clustering,8,25,0.158,0.01712877758885868,0.0,0.0,0.14999999999999997,10
compositional,ambiguous,holdout,competing_models,0,10,0.195,0.05183253216332726,0.0,0.0,0.14999999999999997,10
compositional,ambiguous,holdout,competing_models,1,10,0.365,0.1053651623587925,0.0,0.0,0.14999999999999997,10
compositional,ambiguous,holdout,competing_models,2,10,0.31,0.05001817684001294,0.0,0.0,0.14999999999999997,10
compositional,ambiguous,holdout,competing_models,3,10,0.31,0.07502726526001942,0.0,0.0,0.14999999999999997,10
compositional,ambiguous,holdout,competing_models,4,10,0.33999999999999997,0.06911004288443635,0.0,0.0,0.14999999999999997,10
compositional,ambiguous,holdout,competing_models,5,10,0.33999999999999997,0.07310809141785256,0.0,0.0,0.14999999999999997,10
compositional,ambiguous,holdout,competing_models,6,10,0.64,0.09357544042319987,0.64,0.09357544042319987,0.14999999999999997,10
compositional,ambiguous,holdout,competing_models,7,10,0.6900000000000001,0.0839677202297315,0.6900000000000001,0.0839677202297315,0.14999999999999997,10
compositional,ambiguous,holdout,competing_models,8,5,0.96,0.03694087177983073,0.96,0.03694087177983073,0.14999999999999997,10
compositional,ambiguous,holdout,competing_models,8,10,0.865,0.08268829974277671,0.865,0.08268829974277671,0.14999999999999997,10
compositional,ambiguous,holdout,competing_models,8,25,0.5999999999999999,8.371663225071135e-17,0.5999999999999999,8.371663225071135e-17,0.14999999999999997,10
compositional,ambiguous,holdout,context_oracle,0,10,0.635,0.0696223556258885,0.635,0.0696223556258885,0.14999999999999997,10
compositional,ambiguous,holdout,context_oracle,1,10,0.5999999999999999,0.05058337191929824,0.5999999999999999,0.05058337191929824,0.14999999999999997,10
compositional,ambiguous,holdout,context_oracle,2,10,0.585,0.047839260949262524,0.585,0.047839260949262524,0.14999999999999997,10
compositional,ambiguous,holdout,context_oracle,3,10,0.5799999999999998,0.053850111575460304,0.5799999999999998,0.053850111575460304,0.14999999999999997,10
compositional,ambiguous,holdout,context_oracle,4,10,0.5799999999999998,0.06353758354890776,0.5799999999999998,0.06353758354890776,0.14999999999999997,10
compositional,ambiguous,holdout,context_oracle,5,10,0.595,0.061836893494153375,0.595,0.061836893494153375,0.14999999999999997,10
compositional,ambiguous,holdout,context_oracle,6,10,0.6049999999999999,0.07624882889894678,0.6049999999999999,0.07624882889894678,0.14999999999999997,10
compositional,ambiguous,holdout,context_oracle,7,10,0.5799999999999998,0.03844927838735578,0.5799999999999998,0.03844927838735578,0.14999999999999997,10
compositional,ambiguous,holdout,context_oracle,8,5,0.53,0.0829457626379836,0.53,0.0829457626379836,0.14999999999999997,10
compositional,ambiguous,holdout,context_oracle,8,10,0.5999999999999999,0.07540523876180329,0.5999999999999999,0.07540523876180329,0.14999999999999997,10
compositional,ambiguous,holdout,context_oracle,8,25,0.5999999999999999,8.371663225071135e-17,0.5999999999999999,8.371663225071135e-17,0.14999999999999997,10
compositional,ambiguous,holdout,delta_only,0,10,0.18000000000000002,0.03016209550472132,0.0,0.0,0.14999999999999997,10
compositional,ambiguous,holdout,delta_only,1,10,0.19999999999999998,0.05331955566546181,0.0,0.0,0.14999999999999997,10
compositional,ambiguous,holdout,delta_only,2,10,0.16999999999999998,0.038449278387355804,0.0,0.0,0.14999999999999997,10
compositional,ambiguous,holdout,delta_only,3,10,0.185,0.04476938001062118,0.0,0.0,0.14999999999999997,10
compositional,ambiguous,holdout,delta_only,4,10,0.145,0.05183253216332726,0.0,0.0,0.14999999999999997,10
compositional,ambiguous,holdout,delta_only,5,10,0.17,0.0588933741601038,0.0,0.0,0.14999999999999997,10
compositional,ambiguous,holdout,delta_only,6,10,0.41000000000000003,0.06486603906680426,0.41000000000000003,0.06486603906680426,0.14999999999999997,10
compositional,ambiguous,holdout,delta_only,7,10,0.5199999999999999,0.07578132707370469,0.43,0.06992794168387285,0.14999999999999997,10
compositional,ambiguous,holdout,delta_only,8,5,0.52,0.1382200857688727,0.51,0.1408686111744157,0.14999999999999997,10
compositional,ambiguous,holdout,delta_only,8,10,0.4149999999999999,0.07549943647343585,0.36499999999999994,0.06754979571591213,0.14999999999999997,10
compositional,ambiguous,holdout,delta_only,8,25,0.27199999999999996,0.051892831253443406,0.13800000000000004,0.052002286830136614,0.14999999999999997,10
compositional,ambiguous,holdout,frequency,0,10,0.225,0.05128110656114111,0.0,0.0,0.14999999999999997,10
compositional,ambiguous,holdout,frequency,1,10,0.225,0.05128110656114111,0.0,0.0,0.14999999999999997,10
compositional,ambiguous,holdout,frequency,2,10,0.225,0.05128110656114111,0.0,0.0,0.14999999999999997,10
compositional,ambiguous,holdout,frequency,3,10,0.22000000000000003,0.04828291119451135,0.0,0.0,0.14999999999999997,10
compositional,ambiguous,holdout,frequency,4,10,0.22999999999999998,0.04828291119451135,0.0,0.0,0.14999999999999997,10
compositional,ambiguous,holdout,frequency,5,10,0.22999999999999998,0.04828291119451135,0.0,0.0,0.14999999999999997,10
compositional,ambiguous,holdout,frequency,6,10,0.22000000000000003,0.04828291119451135,0.0,0.0,0.14999999999999997,10
compositional,ambiguous,holdout,frequency,7,10,0.225,0.045399965714333454,0.0,0.0,0.14999999999999997,10
compositional,ambiguous,holdout,frequency,8,5,0.19,0.08564388794429341,0.0,0.0,0.14999999999999997,10
compositional,ambiguous,holdout,frequency,8,10,0.225,0.05128110656114111,0.0,0.0,0.14999999999999997,10
compositional,ambiguous,holdout,frequency,8,25,0.264,0.025054518227513208,0.0,0.0,0.14999999999999997,10
compositional,ambiguous,holdout,mdi,0,10,0.35500000000000004,0.07242436679176703,0.0,0.0,0.14999999999999997,10
compositional,ambiguous,holdout,mdi,1,10,0.425,0.03863368845438134,0.0,0.0,0.14999999999999997,10
compositional,ambiguous,holdout,mdi,2,10,0.38,0.04198386011486575,0.0,0.0,0.14999999999999997,10
compositional,ambiguous,holdout,mdi,3,10,0.44000000000000006,0.050018176840012946,0.0,0.0,0.14999999999999997,10
compositional,ambiguous,holdout,mdi,4,10,0.4800000000000001,0.025009088420006466,0.0,0.0,0.14999999999999997,10
compositional,ambiguous,holdout,mdi,5,10,0.43,0.03455502144221818,0.0,0.0,0.14999999999999997,10
compositional,ambiguous,holdout,mdi,6,10,0.8550000000000001,0.06183689349415336,0.7950000000000002,0.11491570367448825,0.14999999999999997,10
compositional,ambiguous,holdout,mdi,7,10,0.875,0.06137541769047295,0.8400000000000001,0.09357544042319982,0.14999999999999997,10
compositional,ambiguous,holdout,mdi,8,5,0.9700000000000001,0.04828291119451134,0.9700000000000001,0.04828291119451134,0.14999999999999997,10
compositional,ambiguous,holdout,mdi,8,10,0.915,0.06541159988584007,0.915,0.06541159988584007,0.14999999999999997,10
compositional,ambiguous,holdout,mdi,8,25,0.5740000000000001,0.01658915252759672,0.42000000000000004,0.03372224794619885,0.14999999999999997,10
compositional,ambiguous,holdout,mdi_decay0,0,10,0.35500000000000004,0.07242436679176703,0.0,0.0,0.14999999999999997,10
compositional,ambiguous,holdout,mdi_decay0,1,10,0.42000000000000004,0.045243143257081966,0.0,0.0,0.14999999999999997,10
compositional,ambiguous,holdout,mdi_decay0,2,10,0.38,0.04198386011486575,0.0,0.0,0.14999999999999997,10
compositional,ambiguous,holdout,mdi_decay0,3,10,0.43499999999999994,0.06320110677819657,0.0,0.0,0.14999999999999997,10
compositional,ambiguous,holdout,mdi_decay0,4,10,0.48,0.03455502144221818,0.0,0.0,0.14999999999999997,10
compositional,ambiguous,holdout,mdi_decay0,5,10,0.43,0.04198386011486573,0.0,0.0,0.14999999999999997,10
compositional,ambiguous,holdout,mdi_decay0,6,10,0.75,0.06079364704696509,0.575,0.12187922079047321,0.14999999999999997,10
compositional,ambiguous,holdout,mdi_decay0,7,10,0.875,0.06137541769047295,0.8350000000000002,0.09087817352110693,0.14999999999999997,10
compositional,ambiguous,holdout,mdi_decay0,8,5,0.9800000000000001,0.045243143257081966,0.9800000000000001,0.045243143257081966,0.14999999999999997,10
compositional,ambiguous,holdout,mdi_decay0,8,10,0.9100000000000001,0.06032419100944262,0.9100000000000001,0.06032419100944262,0.14999999999999997,10
compositional,ambiguous,holdout,mdi_decay0,8,25,0.576,0.017587372793575955,0.41800000000000004,0.041821026171844175,0.14999999999999997,10
compositional,ambiguous,holdout,mdi_decay020,0,10,0.35500000000000004,0.07242436679176703,0.0,0.0,0.14999999999999997,10
compositional,ambiguous,holdout,mdi_decay020,1,10,0.43,0.03844927838735581,0.0,0.0,0.14999999999999997,10
compositional,ambiguous,holdout,mdi_decay020,2,10,0.37,0.05114232117388981,0.0,0.0,0.14999999999999997,10
compositional,ambiguous,holdout,mdi_decay020,3,10,0.44000000000000006,0.043968431983939925,0.0,0.0,0.14999999999999997,10
compositional,ambiguous,holdout,mdi_decay020,4,10,0.45500000000000007,0.03556857998685377,0.0,0.0,0.14999999999999997,10
compositional,ambiguous,holdout,mdi_decay020,5,10,0.43,0.03844927838735581,0.0,0.0,0.14999999999999997,10
compositional,ambiguous,holdout,mdi_decay020,6,10,0.8699999999999999,0.045243143257081966,0.845,0.08506098645467265,0.14999999999999997,10
compositional,ambiguous,holdout,mdi_decay020,7,10,0.8400000000000001,0.06032419100944265,0.82,0.06573676311525131,0.14999999999999997,10
compositional,ambiguous,holdout,mdi_decay020,8,5,1.0,0.0,1.0,0.0,0.14999999999999997,10
compositional,ambiguous,holdout,mdi_decay020,8,10,0.8950000000000001,0.059493729882829145,0.8950000000000001,0.059493729882829145,0.14999999999999997,10
compositional,ambiguous,holdout,mdi_decay020,8,25,0.562,0.017128777588858668,0.41200000000000003,0.027971176673549137,0.14999999999999997,10
compositional,ambiguous,holdout,mdi_no_novelty,0,10,0.34,0.06911004288443635,0.0,0.0,0.14999999999999997,10
compositional,ambiguous,holdout,mdi_no_novelty,1,10,0.41000000000000003,0.0527836671332623,0.0,0.0,0.14999999999999997,10
compositional,ambiguous,holdout,mdi_no_novelty,2,10,0.35000000000000003,0.06079364704696508,0.0,0.0,0.14999999999999997,10
compositional,ambiguous,holdout,mdi_no_novelty,3,10,0.43500000000000005,0.04476938001062117,0.0,0.0,0.14999999999999997,10
compositional,ambiguous,holdout,mdi_no_novelty,4,10,0.4800000000000001,0.025009088420006466,0.0,0.0,0.14999999999999997,10
compositional,ambiguous,holdout,mdi_no_novelty,5,10,0.41500000000000004,0.041472881318991815,0.0,0.0,0.14999999999999997,10
compositional,ambiguous,holdout,mdi_no_novelty,6,10,0.85,0.06744449589239769,0.82,0.08121392761072753,0.14999999999999997,10
compositional,ambiguous,holdout,mdi_no_novelty,7,10,0.865,0.056048973167046684,0.86,0.05541130766974609,0.14999999999999997,10
compositional,ambiguous,holdout,mdi_no_novelty,8,5,0.99,0.02262157162854098,0.99,0.02262157162854098,0.14999999999999997,10
compositional,ambiguous,holdout,mdi_no_novelty,8,10,0.915,0.05072368667405657,0.915,0.05072368667405657,0.14999999999999997,10
compositional,ambiguous,holdout,mdi_no_novelty,8,25,0.584,0.011285622744582136,0.4580000000000001,0.023797491953131657,0.14999999999999997,10
compositional,ambiguous,holdout,mdi_original,0,10,0.39,0.05791986290822425,0.0,0.0,0.14999999999999997,10
compositional,ambiguous,holdout,mdi_original,1,10,0.425,0.04539996571433347,0.0,0.0,0.14999999999999997,10
compositional,ambiguous,holdout,mdi_original,2,10,0.34500000000000003,0.05183253216332726,0.0,0.0,0.14999999999999997,10
compositional,ambiguous,holdout,mdi_original,3,10,0.395,0.06838635757163816,0.0,0.0,0.14999999999999997,10
compositional,ambiguous,holdout,mdi_original,4,10,0.4600000000000001,0.036940871779830735,0.0,0.0,0.14999999999999997,10
compositional,ambiguous,holdout,mdi_original,5,10,0.41500000000000004,0.04783926094926254,0.0,0.0,0.14999999999999997,10
compositional,ambiguous,holdout,mdi_original,6,10,0.78,0.09111249666087448,0.66,0.12135324711253763,0.14999999999999997,10
compositional,ambiguous,holdout,mdi_original,7,10,0.8450000000000001,0.0662751567352332,0.75,0.09387876517468191,0.14999999999999997,10
compositional,ambiguous,holdout,mdi_original,8,5,0.99,0.02262157162854098,0.99,0.02262157162854098,0.14999999999999997,10
compositional,ambiguous,holdout,mdi_original,8,10,0.8600000000000001,0.04709055651362147,0.825,0.05901393390584797,0.14999999999999997,10
compositional,ambiguous,holdout,mdi_original,8,25,0.54,0.02612114093846109,0.30200000000000005,0.05620599468189996,0.14999999999999997,10
compositional,ambiguous,holdout,mdi_reset,0,10,0.35500000000000004,0.07242436679176703,0.0,0.0,0.14999999999999997,10
compositional,ambiguous,holdout,mdi_reset,1,10,0.35500000000000004,0.07242436679176703,0.0,0.0,0.14999999999999997,10
compositional,ambiguous,holdout,mdi_reset,2,10,0.35500000000000004,0.07242436679176703,0.0,0.0,0.14999999999999997,10
compositional,ambiguous,holdout,mdi_reset,3,10,0.35500000000000004,0.07242436679176703,0.0,0.0,0.14999999999999997,10
compositional,ambiguous,holdout,mdi_reset,4,10,0.35500000000000004,0.07242436679176703,0.0,0.0,0.14999999999999997,10
compositional,ambiguous,holdout,mdi_reset,5,10,0.35500000000000004,0.07242436679176703,0.0,0.0,0.14999999999999997,10
compositional,ambiguous,holdout,mdi_reset,6,10,0.35500000000000004,0.07242436679176703,0.0,0.0,0.14999999999999997,10
compositional,ambiguous,holdout,mdi_reset,7,10,0.35500000000000004,0.07242436679176703,0.0,0.0,0.14999999999999997,10
compositional,ambiguous,holdout,mdi_reset,8,5,0.38,0.12064838201888528,0.0,0.0,0.14999999999999997,10
compositional,ambiguous,holdout,mdi_reset,8,10,0.35500000000000004,0.07242436679176703,0.0,0.0,0.14999999999999997,10
compositional,ambiguous,holdout,mdi_reset,8,25,0.32999999999999996,0.03455502144221818,0.0,0.0,0.14999999999999997,10
compositional,ambiguous,holdout,mdi_with_delta,0,10,0.35500000000000004,0.07624882889894678,0.0,0.0,0.14999999999999997,10
compositional,ambiguous,holdout,mdi_with_delta,1,10,0.4,0.05840864678825163,0.0,0.0,0.14999999999999997,10
compositional,ambiguous,holdout,mdi_with_delta,2,10,0.33,0.04198386011486573,0.0,0.0,0.14999999999999997,10
compositional,ambiguous,holdout,mdi_with_delta,3,10,0.385,0.05345268834627583,0.0,0.0,0.14999999999999997,10
compositional,ambiguous,holdout,mdi_with_delta,4,10,0.41,0.036940871779830735,0.0,0.0,0.14999999999999997,10
compositional,ambiguous,holdout,mdi_with_delta,5,10,0.37,0.04828291119451137,0.0,0.0,0.14999999999999997,10
compositional,ambiguous,holdout,mdi_with_delta,6,10,0.71,0.07310809141785259,0.705,0.07043430558720787,0.14999999999999997,10
compositional,ambiguous,holdout,mdi_with_delta,7,10,0.655,0.05450604454644074,0.5299999999999999,0.06992794168387284,0.14999999999999997,10
compositional,ambiguous,holdout,mdi_with_delta,8,5,0.9100000000000001,0.07113715997370755,0.9100000000000001,0.07113715997370755,0.14999999999999997,10
compositional,ambiguous,holdout,mdi_with_delta,8,10,0.76,0.06486603906680428,0.725,0.07203075318821237,0.14999999999999997,10
compositional,ambiguous,holdout,mdi_with_delta,8,25,0.502,0.021802417818576315,0.304,0.03290296166351529,0.14999999999999997,10
compositional,ambiguous,holdout,predicate_match,0,10,0.195,0.05183253216332726,0.0,0.0,0.14999999999999997,10
compositional,ambiguous,holdout,predicate_match,1,10,0.255,0.02639183356663115,0.0,0.0,0.14999999999999997,10
compositional,ambiguous,holdout,predicate_match,2,10,0.22500000000000003,0.034760097553861516,0.0,0.0,0.14999999999999997,10
compositional,ambiguous,holdout,predicate_match,3,10,0.295,0.03936269025254045,0.0,0.0,0.14999999999999997,10
compositional,ambiguous,holdout,predicate_match,4,10,0.265,0.044769380010621175,0.0,0.0,0.14999999999999997,10
compositional,ambiguous,holdout,predicate_match,5,10,0.22500000000000003,0.034760097553861516,0.0,0.0,0.14999999999999997,10
compositional,ambiguous,holdout,predicate_match,6,10,0.59,0.0439684319839399,0.59,0.0439684319839399,0.14999999999999997,10
compositional,ambiguous,holdout,predicate_match,7,10,0.755,0.05705441607566251,0.755,0.05705441607566251,0.14999999999999997,10
compositional,ambiguous,holdout,predicate_match,8,5,0.8700000000000001,0.06786471488562297,0.8700000000000001,0.06786471488562297,0.14999999999999997,10
compositional,ambiguous,holdout,predicate_match,8,10,0.8700000000000001,0.04524314325708195,0.8700000000000001,0.04524314325708195,0.14999999999999997,10
compositional,ambiguous,holdout,predicate_match,8,25,0.5999999999999999,8.371663225071135e-17,0.5999999999999999,8.371663225071135e-17,0.14999999999999997,10
compositional,ambiguous,holdout,random,0,10,0.13,0.048282911194511356,0.0,0.0,0.14999999999999997,10
compositional,ambiguous,holdout,random,1,10,0.13,0.048282911194511356,0.0,0.0,0.14999999999999997,10
compositional,ambiguous,holdout,random,2,10,0.13,0.048282911194511356,0.0,0.0,0.14999999999999997,10
compositional,ambiguous,holdout,random,3,10,0.13,0.048282911194511356,0.0,0.0,0.14999999999999997,10
compositional,ambiguous,holdout,random,4,10,0.13,0.048282911194511356,0.0,0.0,0.14999999999999997,10
compositional,ambiguous,holdout,random,5,10,0.13,0.048282911194511356,0.0,0.0,0.14999999999999997,10
compositional,ambiguous,holdout,random,6,10,0.13,0.048282911194511356,0.0,0.0,0.14999999999999997,10
compositional,ambiguous,holdout,random,7,10,0.13,0.048282911194511356,0.0,0.0,0.14999999999999997,10
compositional,ambiguous,holdout,random,8,5,0.12000000000000002,0.06573676311525133,0.0,0.0,0.14999999999999997,10
compositional,ambiguous,holdout,random,8,10,0.13,0.048282911194511356,0.0,0.0,0.14999999999999997,10
compositional,ambiguous,holdout,random,8,25,0.14999999999999997,0.026337917609264336,0.0,0.0,0.14999999999999997,10
compositional,ambiguous,holdout,recurrence,0,10,0.195,0.05183253216332726,0.0,0.0,0.14999999999999997,10
compositional,ambiguous,holdout,recurrence,1,10,0.195,0.05183253216332726,0.0,0.0,0.14999999999999997,10
compositional,ambiguous,holdout,recurrence,2,10,0.195,0.05183253216332726,0.0,0.0,0.14999999999999997,10
compositional,ambiguous,holdout,recurrence,3,10,0.195,0.05183253216332726,0.0,0.0,0.14999999999999997,10
compositional,ambiguous,holdout,recurrence,4,10,0.195,0.05183253216332726,0.0,0.0,0.14999999999999997,10
compositional,ambiguous,holdout,recurrence,5,10,0.195,0.05183253216332726,0.0,0.0,0.14999999999999997,10
compositional,ambiguous,holdout,recurrence,6,10,0.195,0.05183253216332726,0.0,0.0,0.14999999999999997,10
compositional,ambiguous,holdout,recurrence,7,10,0.195,0.05183253216332726,0.0,0.0,0.14999999999999997,10
compositional,ambiguous,holdout,recurrence,8,5,0.22000000000000003,0.07388174355966148,0.0,0.0,0.14999999999999997,10
compositional,ambiguous,holdout,recurrence,8,10,0.195,0.05183253216332726,0.0,0.0,0.14999999999999997,10
compositional,ambiguous,holdout,recurrence,8,25,0.16599999999999998,0.029437030845301346,0.0,0.0,0.14999999999999997,10
compositional,ambiguous,holdout,similarity,0,10,0.135,0.047839260949262545,0.0,0.0,0.14999999999999997,10
compositional,ambiguous,holdout,similarity,1,10,0.135,0.047839260949262545,0.0,0.0,0.14999999999999997,10
compositional,ambiguous,holdout,similarity,2,10,0.135,0.047839260949262545,0.0,0.0,0.14999999999999997,10
compositional,ambiguous,holdout,similarity,3,10,0.135,0.047839260949262545,0.0,0.0,0.14999999999999997,10
compositional,ambiguous,holdout,similarity,4,10,0.135,0.047839260949262545,0.0,0.0,0.14999999999999997,10
compositional,ambiguous,holdout,similarity,5,10,0.135,0.047839260949262545,0.0,0.0,0.14999999999999997,10
compositional,ambiguous,holdout,similarity,6,10,0.135,0.047839260949262545,0.0,0.0,0.14999999999999997,10
compositional,ambiguous,holdout,similarity,7,10,0.135,0.047839260949262545,0.0,0.0,0.14999999999999997,10
compositional,ambiguous,holdout,similarity,8,5,0.09,0.0527836671332623,0.0,0.0,0.14999999999999997,10
compositional,ambiguous,holdout,similarity,8,10,0.135,0.047839260949262545,0.0,0.0,0.14999999999999997,10
compositional,ambiguous,holdout,similarity,8,25,0.186,0.043735038481845914,0.0,0.0,0.14999999999999997,10
compositional,ambiguous,holdout,value_profile,0,10,0.195,0.05183253216332726,0.0,0.0,0.14999999999999997,10
compositional,ambiguous,holdout,value_profile,1,10,0.315,0.10933759620461478,0.0,0.0,0.14999999999999997,10
compositional,ambiguous,holdout,value_profile,2,10,0.29,0.06486603906680426,0.0,0.0,0.14999999999999997,10
compositional,ambiguous,holdout,value_profile,3,10,0.305,0.06627515673523317,0.0,0.0,0.14999999999999997,10
compositional,ambiguous,holdout,value_profile,4,10,0.355,0.0640944529475328,0.0,0.0,0.14999999999999997,10
compositional,ambiguous,holdout,value_profile,5,10,0.27999999999999997,0.05385011157546033,0.0,0.0,0.14999999999999997,10
compositional,ambiguous,holdout,value_profile,6,10,0.61,0.0670216422199009,0.6049999999999999,0.06627515673523317,0.14999999999999997,10
compositional,ambiguous,holdout,value_profile,7,10,0.6399999999999999,0.06911004288443635,0.595,0.0883400612401557,0.14999999999999997,10
compositional,ambiguous,holdout,value_profile,8,5,0.93,0.04828291119451134,0.93,0.04828291119451134,0.14999999999999997,10
compositional,ambiguous,holdout,value_profile,8,10,0.8300000000000001,0.08464217058436622,0.8300000000000001,0.08464217058436622,0.14999999999999997,10
compositional,ambiguous,holdout,value_profile,8,25,0.5660000000000001,0.020289474669622633,0.514,0.027019918286364863,0.14999999999999997,10
compositional,clear,exposed,association_only,0,10,0.34500000000000003,0.07436118884757448,0.0,0.0,0.14999999999999997,10
compositional,clear,exposed,association_only,1,10,0.44000000000000006,0.06032419100944264,0.0,0.0,0.14999999999999997,10
compositional,clear,exposed,association_only,2,10,0.99,0.02262157162854098,0.99,0.02262157162854098,0.14999999999999997,10
compositional,clear,exposed,association_only,3,10,0.8400000000000001,0.0787253805050809,0.795,0.1197614669146454,0.14999999999999997,10
compositional,clear,exposed,association_only,4,10,0.93,0.04524314325708196,0.93,0.04524314325708196,0.14999999999999997,10
compositional,clear,exposed,association_only,5,10,0.9549999999999998,0.026391833566631148,0.9549999999999998,0.026391833566631148,0.14999999999999997,10
compositional,clear,exposed,association_only,6,10,0.9549999999999998,0.02639183356663115,0.9499999999999998,0.02920432339412582,0.14999999999999997,10
compositional,clear,exposed,association_only,7,10,0.9949999999999999,0.011310785814270504,0.9949999999999999,0.011310785814270504,0.14999999999999997,10
compositional,clear,exposed,association_only,8,5,1.0,0.0,1.0,0.0,0.14999999999999997,10
compositional,clear,exposed,association_only,8,10,0.945,0.05450604454644074,0.945,0.05450604454644074,0.14999999999999997,10
compositional,clear,exposed,association_only,8,25,0.594,0.0069110042884436024,0.466,0.03307531989711068,0.14999999999999997,10
compositional,clear,exposed,clustering,0,10,0.19,0.040606963805363765,0.0,0.0,0.14999999999999997,10
compositional,clear,exposed,clustering,1,10,0.19,0.040606963805363765,0.0,0.0,0.14999999999999997,10
compositional,clear,exposed,clustering,2,10,0.19,0.040606963805363765,0.0,0.0,0.14999999999999997,10
compositional,clear,exposed,clustering,3,10,0.19,0.040606963805363765,0.0,0.0,0.14999999999999997,10
compositional,clear,exposed,clustering,4,10,0.19,0.040606963805363765,0.0,0.0,0.14999999999999997,10
compositional,clear,exposed,clustering,5,10,0.19,0.040606963805363765,0.0,0.0,0.14999999999999997,10
compositional,clear,exposed,clustering,6,10,0.19,0.040606963805363765,0.0,0.0,0.14999999999999997,10
compositional,clear,exposed,clustering,7,10,0.19,0.040606963805363765,0.0,0.0,0.14999999999999997,10
compositional,clear,exposed,clustering,8,5,0.15000000000000002,0.06079364704696509,0.0,0.0,0.14999999999999997,10
compositional,clear,exposed,clustering,8,10,0.19,0.040606963805363765,0.0,0.0,0.14999999999999997,10
compositional,clear,exposed,clustering,8,25,0.158,0.01712877758885868,0.0,0.0,0.14999999999999997,10
compositional,clear,exposed,competing_models,0,10,0.195,0.05183253216332726,0.0,0.0,0.14999999999999997,10
compositional,clear,exposed,competing_models,1,10,0.38499999999999995,0.10263148851898354,0.0,0.0,0.14999999999999997,10
compositional,clear,exposed,competing_models,2,10,0.71,0.06911004288443635,0.71,0.06911004288443635,0.14999999999999997,10
compositional,clear,exposed,competing_models,3,10,0.6299999999999999,0.07388174355966147,0.6299999999999999,0.07388174355966147,0.14999999999999997,10
compositional,clear,exposed,competing_models,4,10,0.89,0.06032419100944262,0.89,0.06032419100944262,0.14999999999999997,10
compositional,clear,exposed,competing_models,5,10,0.6849999999999999,0.07163497682371311,0.6849999999999999,0.07163497682371311,0.14999999999999997,10
compositional,clear,exposed,competing_models,6,10,0.8200000000000001,0.07193201324708877,0.8200000000000001,0.07193201324708877,0.14999999999999997,10
compositional,clear,exposed,competing_models,7,10,0.865,0.05345268834627581,0.865,0.05345268834627581,0.14999999999999997,10
compositional,clear,exposed,competing_models,8,5,0.9400000000000001,0.06032419100944261,0.9400000000000001,0.06032419100944261,0.14999999999999997,10
compositional,clear,exposed,competing_models,8,10,0.8300000000000001,0.06992794168387287,0.8300000000000001,0.06992794168387287,0.14999999999999997,10
compositional,clear,exposed,competing_models,8,25,0.5999999999999999,8.371663225071135e-17,0.5999999999999999,8.371663225071135e-17,0.14999999999999997,10
compositional,clear,exposed,context_oracle,0,10,0.635,0.0696223556258885,0.635,0.0696223556258885,0.14999999999999997,10
compositional,clear,exposed,context_oracle,1,10,0.5999999999999999,0.05058337191929824,0.5999999999999999,0.05058337191929824,0.14999999999999997,10
compositional,clear,exposed,context_oracle,2,10,0.585,0.047839260949262524,0.585,0.047839260949262524,0.14999999999999997,10
compositional,clear,exposed,context_oracle,3,10,0.5799999999999998,0.053850111575460304,0.5799999999999998,0.053850111575460304,0.14999999999999997,10
compositional,clear,exposed,context_oracle,4,10,0.5799999999999998,0.06353758354890776,0.5799999999999998,0.06353758354890776,0.14999999999999997,10
compositional,clear,exposed,context_oracle,5,10,0.595,0.061836893494153375,0.595,0.061836893494153375,0.14999999999999997,10
compositional,clear,exposed,context_oracle,6,10,0.6049999999999999,0.07624882889894678,0.6049999999999999,0.07624882889894678,0.14999999999999997,10
compositional,clear,exposed,context_oracle,7,10,0.5799999999999998,0.03844927838735578,0.5799999999999998,0.03844927838735578,0.14999999999999997,10
compositional,clear,exposed,context_oracle,8,5,0.53,0.0829457626379836,0.53,0.0829457626379836,0.14999999999999997,10
compositional,clear,exposed,context_oracle,8,10,0.5999999999999999,0.07540523876180329,0.5999999999999999,0.07540523876180329,0.14999999999999997,10
compositional,clear,exposed,context_oracle,8,25,0.5999999999999999,8.371663225071135e-17,0.5999999999999999,8.371663225071135e-17,0.14999999999999997,10
compositional,clear,exposed,delta_only,0,10,0.18000000000000002,0.03016209550472132,0.0,0.0,0.14999999999999997,10
compositional,clear,exposed,delta_only,1,10,0.18,0.048282911194511356,0.0,0.0,0.14999999999999997,10
compositional,clear,exposed,delta_only,2,10,0.395,0.05450604454644077,0.395,0.05450604454644077,0.14999999999999997,10
compositional,clear,exposed,delta_only,3,10,0.5199999999999999,0.07578132707370469,0.44000000000000006,0.11410883215132492,0.14999999999999997,10
compositional,clear,exposed,delta_only,4,10,0.43500000000000005,0.07917550069989347,0.37,0.1055673342665246,0.14999999999999997,10
compositional,clear,exposed,delta_only,5,10,0.3949999999999999,0.0762488288989468,0.32999999999999996,0.0829457626379836,0.14999999999999997,10
compositional,clear,exposed,delta_only,6,10,0.475,0.08638755360554544,0.30499999999999994,0.11367199061055705,0.14999999999999997,10
compositional,clear,exposed,delta_only,7,10,0.45499999999999996,0.07436118884757449,0.29500000000000004,0.10318401734899037,0.14999999999999997,10
compositional,clear,exposed,delta_only,8,5,0.5700000000000001,0.12640221355639314,0.49000000000000005,0.09802681039034428,0.14999999999999997,10
compositional,clear,exposed,delta_only,8,10,0.48,0.08953876002124236,0.275,0.11952384472238359,0.14999999999999997,10
compositional,clear,exposed,delta_only,8,25,0.21200000000000002,0.027971176673549154,0.006000000000000003,0.009656582238902273,0.14999999999999997,10
compositional,clear,exposed,frequency,0,10,0.225,0.05128110656114111,0.0,0.0,0.14999999999999997,10
compositional,clear,exposed,frequency,1,10,0.225,0.05128110656114111,0.0,0.0,0.14999999999999997,10
compositional,clear,exposed,frequency,2,10,0.225,0.05128110656114111,0.0,0.0,0.14999999999999997,10
compositional,clear,exposed,frequency,3,10,0.22000000000000003,0.04828291119451135,0.0,0.0,0.14999999999999997,10
compositional,clear,exposed,frequency,4,10,0.22999999999999998,0.04828291119451135,0.0,0.0,0.14999999999999997,10
compositional,clear,exposed,frequency,5,10,0.22999999999999998,0.04828291119451135,0.0,0.0,0.14999999999999997,10
compositional,clear,exposed,frequency,6,10,0.22000000000000003,0.04828291119451135,0.0,0.0,0.14999999999999997,10
compositional,clear,exposed,frequency,7,10,0.225,0.045399965714333454,0.0,0.0,0.14999999999999997,10
compositional,clear,exposed,frequency,8,5,0.19,0.08564388794429341,0.0,0.0,0.14999999999999997,10
compositional,clear,exposed,frequency,8,10,0.225,0.05128110656114111,0.0,0.0,0.14999999999999997,10
compositional,clear,exposed,frequency,8,25,0.264,0.025054518227513208,0.0,0.0,0.14999999999999997,10
compositional,clear,exposed,mdi,0,10,0.35500000000000004,0.07242436679176703,0.0,0.0,0.14999999999999997,10
compositional,clear,exposed,mdi,1,10,0.41500000000000004,0.056048973167046684,0.0,0.0,0.14999999999999997,10
compositional,clear,exposed,mdi,2,10,0.8300000000000001,0.048282911194511356,0.8300000000000001,0.048282911194511356,0.14999999999999997,10
compositional,clear,exposed,mdi,3,10,0.79,0.05278366713326233,0.79,0.05278366713326233,0.14999999999999997,10
compositional,clear,exposed,mdi,4,10,0.875,0.04842989147725688,0.875,0.04842989147725688,0.14999999999999997,10
compositional,clear,exposed,mdi,5,10,0.8300000000000001,0.08294576263798363,0.8300000000000001,0.08294576263798363,0.14999999999999997,10
compositional,clear,exposed,mdi,6,10,0.8300000000000001,0.05385011157546033,0.8300000000000001,0.05385011157546033,0.14999999999999997,10
compositional,clear,exposed,mdi,7,10,0.8800000000000001,0.05889337416010379,0.8800000000000001,0.05889337416010379,0.14999999999999997,10
compositional,clear,exposed,mdi,8,5,0.9400000000000001,0.05001817684001293,0.9400000000000001,0.05001817684001293,0.14999999999999997,10
compositional,clear,exposed,mdi,8,10,0.8,0.053319555665461836,0.8,0.053319555665461836,0.14999999999999997,10
compositional,clear,exposed,mdi,8,25,0.592,0.0073881743559661124,0.484,0.021113466853304924,0.14999999999999997,10
compositional,clear,exposed,mdi_decay0,0,10,0.35500000000000004,0.07242436679176703,0.0,0.0,0.14999999999999997,10
compositional,clear,exposed,mdi_decay0,1,10,0.4050000000000001,0.0640944529475328,0.0,0.0,0.14999999999999997,10
compositional,clear,exposed,mdi_decay0,2,10,0.8450000000000001,0.042821943972146684,0.8450000000000001,0.042821943972146684,0.14999999999999997,10
compositional,clear,exposed,mdi_decay0,3,10,0.795,0.05705441607566248,0.795,0.05705441607566248,0.14999999999999997,10
compositional,clear,exposed,mdi_decay0,4,10,0.8800000000000001,0.04524314325708195,0.8800000000000001,0.04524314325708195,0.14999999999999997,10
compositional,clear,exposed,mdi_decay0,5,10,0.8400000000000001,0.06032419100944265,0.8400000000000001,0.06032419100944265,0.14999999999999997,10
compositional,clear,exposed,mdi_decay0,6,10,0.845,0.05183253216332725,0.845,0.05183253216332725,0.14999999999999997,10
compositional,clear,exposed,mdi_decay0,7,10,0.875,0.06584479402316083,0.875,0.06584479402316083,0.14999999999999997,10
compositional,clear,exposed,mdi_decay0,8,5,0.96,0.05001817684001293,0.96,0.05001817684001293,0.14999999999999997,10
compositional,clear,exposed,mdi_decay0,8,10,0.8350000000000002,0.047839260949262545,0.8350000000000002,0.047839260949262545,0.14999999999999997,10
compositional,clear,exposed,mdi_decay0,8,25,0.59,0.010116674383859625,0.4780000000000001,0.02473475739766136,0.14999999999999997,10
compositional,clear,exposed,mdi_decay020,0,10,0.35500000000000004,0.07242436679176703,0.0,0.0,0.14999999999999997,10
compositional,clear,exposed,mdi_decay020,1,10,0.4,0.06079364704696508,0.0,0.0,0.14999999999999997,10
compositional,clear,exposed,mdi_decay020,2,10,0.805,0.049013405195172145,0.805,0.049013405195172145,0.14999999999999997,10
compositional,clear,exposed,mdi_decay020,3,10,0.77,0.04828291119451139,0.77,0.04828291119451139,0.14999999999999997,10
compositional,clear,exposed,mdi_decay020,4,10,0.8699999999999999,0.05385011157546032,0.8699999999999999,0.05385011157546032,0.14999999999999997,10
compositional,clear,exposed,mdi_decay020,5,10,0.8,0.0734959354732514,0.8,0.0734959354732514,0.14999999999999997,10
compositional,clear,exposed,mdi_decay020,6,10,0.8150000000000001,0.06320110677819657,0.805,0.0662751567352332,0.14999999999999997,10
compositional,clear,exposed,mdi_decay020,7,10,0.86,0.05541130766974611,0.8550000000000001,0.06183689349415338,0.14999999999999997,10
compositional,clear,exposed,mdi_decay020,8,5,0.9099999999999999,0.06263629556878302,0.9099999999999999,0.06263629556878302,0.14999999999999997,10
compositional,clear,exposed,mdi_decay020,8,10,0.79,0.0579198629082243,0.79,0.0579198629082243,0.14999999999999997,10
compositional,clear,exposed,mdi_decay020,8,25,0.5820000000000001,0.01252725911375658,0.458,0.023797491953131668,0.14999999999999997,10
compositional,clear,exposed,mdi_no_novelty,0,10,0.34,0.06911004288443635,0.0,0.0,0.14999999999999997,10
compositional,clear,exposed,mdi_no_novelty,1,10,0.385,0.07549943647343584,0.0,0.0,0.14999999999999997,10
compositional,clear,exposed,mdi_no_novelty,2,10,0.805,0.039362690252540466,0.805,0.039362690252540466,0.14999999999999997,10
compositional,clear,exposed,mdi_no_novelty,3,10,0.77,0.05385011157546035,0.77,0.05385011157546035,0.14999999999999997,10
compositional,clear,exposed,mdi_no_novelty,4,10,0.925,0.048429891477256896,0.925,0.048429891477256896,0.14999999999999997,10
compositional,clear,exposed,mdi_no_novelty,5,10,0.8299999999999998,0.0757813270737047,0.8299999999999998,0.0757813270737047,0.14999999999999997,10
compositional,clear,exposed,mdi_no_novelty,6,10,0.865,0.06541159988584007,0.865,0.06541159988584007,0.14999999999999997,10
compositional,clear,exposed,mdi_no_novelty,7,10,0.89,0.04709055651362146,0.89,0.04709055651362146,0.14999999999999997,10
compositional,clear,exposed,mdi_no_novelty,8,5,0.9800000000000001,0.030162095504721306,0.9800000000000001,0.030162095504721306,0.14999999999999997,10
compositional,clear,exposed,mdi_no_novelty,8,10,0.835,0.04783926094926254,0.835,0.04783926094926254,0.14999999999999997,10
compositional,clear,exposed,mdi_no_novelty,8,25,0.592,0.0073881743559661124,0.518,0.01574507610101617,0.14999999999999997,10
compositional,clear,exposed,mdi_original,0,10,0.39,0.05791986290822425,0.0,0.0,0.14999999999999997,10
compositional,clear,exposed,mdi_original,1,10,0.39499999999999996,0.059493729882829166,0.0,0.0,0.14999999999999997,10
compositional,clear,exposed,mdi_original,2,10,0.8950000000000001,0.03131814778439151,0.8950000000000001,0.03131814778439151,0.14999999999999997,10
compositional,clear,exposed,mdi_original,3,10,0.8,0.05058337191929828,0.735,0.0696223556258885,0.14999999999999997,10
compositional,clear,exposed,mdi_original,4,10,0.93,0.04198386011486571,0.93,0.04198386011486571,0.14999999999999997,10
compositional,clear,exposed,mdi_original,5,10,0.915,0.0534526883462758,0.915,0.0534526883462758,0.14999999999999997,10
compositional,clear,exposed,mdi_original,6,10,0.8949999999999999,0.057054416075662445,0.8799999999999999,0.051142321173889796,0.14999999999999997,10
compositional,clear,exposed,mdi_original,7,10,0.945,0.04282194397214668,0.945,0.04282194397214668,0.14999999999999997,10
compositional,clear,exposed,mdi_original,8,5,0.99,0.02262157162854098,0.99,0.02262157162854098,0.14999999999999997,10
compositional,clear,exposed,mdi_original,8,10,0.9049999999999999,0.061836893494153375,0.8899999999999999,0.08225740415878822,0.14999999999999997,10
compositional,clear,exposed,mdi_original,8,25,0.562,0.017128777588858682,0.42600000000000005,0.03758177734126981,0.14999999999999997,10
compositional,clear,exposed,mdi_reset,0,10,0.35500000000000004,0.07242436679176703,0.0,0.0,0.14999999999999997,10
compositional,clear,exposed,mdi_reset,1,10,0.35500000000000004,0.07242436679176703,0.0,0.0,0.14999999999999997,10
compositional,clear,exposed,mdi_reset,2,10,0.35500000000000004,0.07242436679176703,0.0,0.0,0.14999999999999997,10
compositional,clear,exposed,mdi_reset,3,10,0.35500000000000004,0.07242436679176703,0.0,0.0,0.14999999999999997,10
compositional,clear,exposed,mdi_reset,4,10,0.35500000000000004,0.07242436679176703,0.0,0.0,0.14999999999999997,10
compositional,clear,exposed,mdi_reset,5,10,0.35500000000000004,0.07242436679176703,0.0,0.0,0.14999999999999997,10
compositional,clear,exposed,mdi_reset,6,10,0.35500000000000004,0.07242436679176703,0.0,0.0,0.14999999999999997,10
compositional,clear,exposed,mdi_reset,7,10,0.35500000000000004,0.07242436679176703,0.0,0.0,0.14999999999999997,10
compositional,clear,exposed,mdi_reset,8,5,0.38,0.12064838201888528,0.0,0.0,0.14999999999999997,10
compositional,clear,exposed,mdi_reset,8,10,0.35500000000000004,0.07242436679176703,0.0,0.0,0.14999999999999997,10
compositional,clear,exposed,mdi_reset,8,25,0.32999999999999996,0.03455502144221818,0.0,0.0,0.14999999999999997,10
compositional,clear,exposed,mdi_with_delta,0,10,0.35500000000000004,0.07624882889894678,0.0,0.0,0.14999999999999997,10
compositional,clear,exposed,mdi_with_delta,1,10,0.33,0.05114232117388981,0.0,0.0,0.14999999999999997,10
compositional,clear,exposed,mdi_with_delta,2,10,0.8150000000000001,0.053452688346275846,0.8150000000000001,0.053452688346275846,0.14999999999999997,10
compositional,clear,exposed,mdi_with_delta,3,10,0.585,0.06541159988584005,0.485,0.08438988337465286,0.14999999999999997,10
compositional,clear,exposed,mdi_with_delta,4,10,0.7450000000000001,0.05183253216332731,0.725,0.07002950737528389,0.14999999999999997,10
compositional,clear,exposed,mdi_with_delta,5,10,0.755,0.049013405195172166,0.735,0.05853020497757164,0.14999999999999997,10
compositional,clear,exposed,mdi_with_delta,6,10,0.6599999999999999,0.09802681039034429,0.515,0.15458073946169676,0.14999999999999997,10
compositional,clear,exposed,mdi_with_delta,7,10,0.6499999999999999,0.11681729357650324,0.5,0.17277510721109088,0.14999999999999997,10
compositional,clear,exposed,mdi_with_delta,8,5,0.9100000000000001,0.07113715997370754,0.8799999999999999,0.10556733426652459,0.14999999999999997,10
compositional,clear,exposed,mdi_with_delta,8,10,0.5599999999999999,0.08890146537311487,0.36,0.14187411009710316,0.14999999999999997,10
compositional,clear,exposed,mdi_with_delta,8,25,0.438,0.02651006269409326,0.22800000000000004,0.0345220962118332,0.14999999999999997,10
compositional,clear,exposed,predicate_match,0,10,0.195,0.05183253216332726,0.0,0.0,0.14999999999999997,10
compositional,clear,exposed,predicate_match,1,10,0.255,0.02639183356663115,0.0,0.0,0.14999999999999997,10
compositional,clear,exposed,predicate_match,2,10,0.575,0.06364934719473757,0.575,0.06364934719473757,0.14999999999999997,10
compositional,clear,exposed,predicate_match,3,10,0.76,0.052783667133262324,0.76,0.052783667133262324,0.14999999999999997,10
compositional,clear,exposed,predicate_match,4,10,0.875,0.05655392907135247,0.875,0.05655392907135247,0.14999999999999997,10
compositional,clear,exposed,predicate_match,5,10,0.6449999999999999,0.059493729882829145,0.6449999999999999,0.059493729882829145,0.14999999999999997,10
compositional,clear,exposed,predicate_match,6,10,0.835,0.07163497682371314,0.835,0.07163497682371314,0.14999999999999997,10
compositional,clear,exposed,predicate_match,7,10,0.905,0.03936269025254043,0.905,0.03936269025254043,0.14999999999999997,10
compositional,clear,exposed,predicate_match,8,5,0.9200000000000002,0.056428113722910796,0.9200000000000002,0.056428113722910796,0.14999999999999997,10
compositional,clear,exposed,predicate_match,8,10,0.7649999999999999,0.0632011067781966,0.7649999999999999,0.0632011067781966,0.14999999999999997,10
compositional,clear,exposed,predicate_match,8,25,0.5999999999999999,8.371663225071135e-17,0.5999999999999999,8.371663225071135e-17,0.14999999999999997,10
compositional,clear,exposed,random,0,10,0.13,0.048282911194511356,0.0,0.0,0.14999999999999997,10
compositional,clear,exposed,random,1,10,0.13,0.048282911194511356,0.0,0.0,0.14999999999999997,10
compositional,clear,exposed,random,2,10,0.13,0.048282911194511356,0.0,0.0,0.14999999999999997,10
compositional,clear,exposed,random,3,10,0.13,0.048282911194511356,0.0,0.0,0.14999999999999997,10
compositional,clear,exposed,random,4,10,0.13,0.048282911194511356,0.0,0.0,0.14999999999999997,10
compositional,clear,exposed,random,5,10,0.13,0.048282911194511356,0.0,0.0,0.14999999999999997,10
compositional,clear,exposed,random,6,10,0.13,0.048282911194511356,0.0,0.0,0.14999999999999997,10
compositional,clear,exposed,random,7,10,0.13,0.048282911194511356,0.0,0.0,0.14999999999999997,10
compositional,clear,exposed,random,8,5,0.12000000000000002,0.06573676311525133,0.0,0.0,0.14999999999999997,10
compositional,clear,exposed,random,8,10,0.13,0.048282911194511356,0.0,0.0,0.14999999999999997,10
compositional,clear,exposed,random,8,25,0.14999999999999997,0.026337917609264336,0.0,0.0,0.14999999999999997,10
compositional,clear,exposed,recurrence,0,10,0.195,0.05183253216332726,0.0,0.0,0.14999999999999997,10
compositional,clear,exposed,recurrence,1,10,0.24500000000000002,0.04901340519517214,0.0,0.0,0.14999999999999997,10
compositional,clear,exposed,recurrence,2,10,0.4800000000000001,0.06786471488562297,0.39,0.09048628651416393,0.14999999999999997,10
compositional,clear,exposed,recurrence,3,10,0.6,0.06744449589239769,0.5349999999999999,0.09693313380406793,0.14999999999999997,10
compositional,clear,exposed,recurrence,4,10,0.6849999999999999,0.06320110677819658,0.625,0.08638755360554545,0.14999999999999997,10
compositional,clear,exposed,recurrence,5,10,0.715,0.04476938001062121,0.695,0.0594937298828292,0.14999999999999997,10
compositional,clear,exposed,recurrence,6,10,0.765,0.033932357442811506,0.7550000000000001,0.04282194397214674,0.14999999999999997,10
compositional,clear,exposed,recurrence,7,10,0.735,0.03789066353685237,0.735,0.03789066353685237,0.14999999999999997,10
compositional,clear,exposed,recurrence,8,5,0.8600000000000001,0.06911004288443637,0.8600000000000001,0.06911004288443637,0.14999999999999997,10
compositional,clear,exposed,recurrence,8,10,0.745,0.031318147784391535,0.745,0.031318147784391535,0.14999999999999997,10
compositional,clear,exposed,recurrence,8,25,0.55,0.012158729409393025,0.4880000000000001,0.024503802224465358,0.14999999999999997,10
compositional,clear,exposed,similarity,0,10,0.135,0.047839260949262545,0.0,0.0,0.14999999999999997,10
compositional,clear,exposed,similarity,1,10,0.135,0.047839260949262545,0.0,0.0,0.14999999999999997,10
compositional,clear,exposed,similarity,2,10,0.135,0.047839260949262545,0.0,0.0,0.14999999999999997,10
compositional,clear,exposed,similarity,3,10,0.135,0.047839260949262545,0.0,0.0,0.14999999999999997,10
compositional,clear,exposed,similarity,4,10,0.135,0.047839260949262545,0.0,0.0,0.14999999999999997,10
compositional,clear,exposed,similarity,5,10,0.135,0.047839260949262545,0.0,0.0,0.14999999999999997,10
compositional,clear,exposed,similarity,6,10,0.135,0.047839260949262545,0.0,0.0,0.14999999999999997,10
compositional,clear,exposed,similarity,7,10,0.135,0.047839260949262545,0.0,0.0,0.14999999999999997,10
compositional,clear,exposed,similarity,8,5,0.09,0.0527836671332623,0.0,0.0,0.14999999999999997,10
compositional,clear,exposed,similarity,8,10,0.135,0.047839260949262545,0.0,0.0,0.14999999999999997,10
compositional,clear,exposed,similarity,8,25,0.186,0.043735038481845914,0.0,0.0,0.14999999999999997,10
compositional,clear,exposed,value_profile,0,10,0.195,0.05183253216332726,0.0,0.0,0.14999999999999997,10
compositional,clear,exposed,value_profile,1,10,0.305,0.09751795439677671,0.0,0.0,0.14999999999999997,10
compositional,clear,exposed,value_profile,2,10,0.605,0.07624882889894678,0.605,0.07624882889894678,0.14999999999999997,10
compositional,clear,exposed,value_profile,3,10,0.605,0.07809085356235447,0.58,0.08953876002124236,0.14999999999999997,10
compositional,clear,exposed,value_profile,4,10,0.9000000000000001,0.05592202176243727,0.9000000000000001,0.05592202176243727,0.14999999999999997,10
compositional,clear,exposed,value_profile,5,10,0.7350000000000001,0.08605782891535053,0.7350000000000001,0.08605782891535053,0.14999999999999997,10
compositional,clear,exposed,value_profile,6,10,0.78,0.07193201324708877,0.78,0.07193201324708877,0.14999999999999997,10
compositional,clear,exposed,value_profile,7,10,0.765,0.06962235562588852,0.765,0.06962235562588852,0.14999999999999997,10
compositional,clear,exposed,value_profile,8,5,0.93,0.06786471488562294,0.93,0.06786471488562294,0.14999999999999997,10
compositional,clear,exposed,value_profile,8,10,0.67,0.05642811372291082,0.67,0.05642811372291082,0.14999999999999997,10
compositional,clear,exposed,value_profile,8,25,0.5720000000000001,0.018097257302832785,0.5280000000000001,0.03581550400849695,0.14999999999999997,10
compositional,clear,holdout,association_only,0,10,0.34500000000000003,0.07436118884757448,0.0,0.0,0.14999999999999997,10
compositional,clear,holdout,association_only,1,10,0.44499999999999995,0.05183253216332727,0.0,0.0,0.14999999999999997,10
compositional,clear,holdout,association_only,2,10,0.985,0.017277510721109102,0.985,0.017277510721109102,0.14999999999999997,10
compositional,clear,holdout,association_only,3,10,0.8550000000000001,0.03556857998685376,0.805,0.0460219120331815,0.14999999999999997,10
compositional,clear,holdout,association_only,4,10,0.96,0.0282140568614554,0.96,0.0282140568614554,0.14999999999999997,10
compositional,clear,holdout,association_only,5,10,0.945,0.039362690252540446,0.945,0.039362690252540446,0.14999999999999997,10
compositional,clear,holdout,association_only,6,10,0.9400000000000001,0.03694087177983072,0.9349999999999999,0.037890663536852325,0.14999999999999997,10
compositional,clear,holdout,association_only,7,10,0.99,0.02262157162854098,0.99,0.02262157162854098,0.14999999999999997,10
compositional,clear,holdout,association_only,8,5,1.0,0.0,1.0,0.0,0.14999999999999997,10
compositional,clear,holdout,association_only,8,10,0.95,0.03372224794619884,0.95,0.03372224794619884,0.14999999999999997,10
compositional,clear,holdout,association_only,8,25,0.5880000000000001,0.01000363536800256,0.47000000000000003,0.039470879252513864,0.14999999999999997,10
compositional,clear,holdout,clustering,0,10,0.19,0.040606963805363765,0.0,0.0,0.14999999999999997,10
compositional,clear,holdout,clustering,1,10,0.19,0.040606963805363765,0.0,0.0,0.14999999999999997,10
compositional,clear,holdout,clustering,2,10,0.19,0.040606963805363765,0.0,0.0,0.14999999999999997,10
compositional,clear,holdout,clustering,3,10,0.19,0.040606963805363765,0.0,0.0,0.14999999999999997,10
compositional,clear,holdout,clustering,4,10,0.19,0.040606963805363765,0.0,0.0,0.14999999999999997,10
compositional,clear,holdout,clustering,5,10,0.19,0.040606963805363765,0.0,0.0,0.14999999999999997,10
compositional,clear,holdout,clustering,6,10,0.19,0.040606963805363765,0.0,0.0,0.14999999999999997,10
compositional,clear,holdout,clustering,7,10,0.19,0.040606963805363765,0.0,0.0,0.14999999999999997,10
compositional,clear,holdout,clustering,8,5,0.15000000000000002,0.06079364704696509,0.0,0.0,0.14999999999999997,10
compositional,clear,holdout,clustering,8,10,0.19,0.040606963805363765,0.0,0.0,0.14999999999999997,10
compositional,clear,holdout,clustering,8,25,0.158,0.01712877758885868,0.0,0.0,0.14999999999999997,10
compositional,clear,holdout,competing_models,0,10,0.195,0.05183253216332726,0.0,0.0,0.14999999999999997,10
compositional,clear,holdout,competing_models,1,10,0.32499999999999996,0.04539996571433347,0.0,0.0,0.14999999999999997,10
compositional,clear,holdout,competing_models,2,10,0.705,0.10039096788558363,0.705,0.10039096788558363,0.14999999999999997,10
compositional,clear,holdout,competing_models,3,10,0.6399999999999999,0.06263629556878302,0.6399999999999999,0.06263629556878302,0.14999999999999997,10
compositional,clear,holdout,competing_models,4,10,0.89,0.06032419100944262,0.89,0.06032419100944262,0.14999999999999997,10
compositional,clear,holdout,competing_models,5,10,0.705,0.06838635757163818,0.705,0.06838635757163818,0.14999999999999997,10
compositional,clear,holdout,competing_models,6,10,0.8299999999999998,0.07763444489843434,0.8299999999999998,0.07763444489843434,0.14999999999999997,10
compositional,clear,holdout,competing_models,7,10,0.8400000000000001,0.05001817684001294,0.8400000000000001,0.05001817684001294,0.14999999999999997,10
compositional,clear,holdout,competing_models,8,5,0.97,0.04828291119451135,0.97,0.04828291119451135,0.14999999999999997,10
compositional,clear,holdout,competing_models,8,10,0.8300000000000001,0.07193201324708876,0.8300000000000001,0.07193201324708876,0.14999999999999997,10
compositional,clear,holdout,competing_models,8,25,0.5999999999999999,8.371663225071135e-17,0.5999999999999999,8.371663225071135e-17,0.14999999999999997,10
compositional,clear,holdout,context_oracle,0,10,0.635,0.0696223556258885,0.635,0.0696223556258885,0.14999999999999997,10
compositional,clear,holdout,context_oracle,1,10,0.5999999999999999,0.05058337191929824,0.5999999999999999,0.05058337191929824,0.14999999999999997,10
compositional,clear,holdout,context_oracle,2,10,0.585,0.047839260949262524,0.585,0.047839260949262524,0.14999999999999997,10
compositional,clear,holdout,context_oracle,3,10,0.5799999999999998,0.053850111575460304,0.5799999999999998,0.053850111575460304,0.14999999999999997,10
compositional,clear,holdout,context_oracle,4,10,0.5799999999999998,0.06353758354890776,0.5799999999999998,0.06353758354890776,0.14999999999999997,10
compositional,clear,holdout,context_oracle,5,10,0.595,0.061836893494153375,0.595,0.061836893494153375,0.14999999999999997,10
compositional,clear,holdout,context_oracle,6,10,0.6049999999999999,0.07624882889894678,0.6049999999999999,0.07624882889894678,0.14999999999999997,10
compositional,clear,holdout,context_oracle,7,10,0.5799999999999998,0.03844927838735578,0.5799999999999998,0.03844927838735578,0.14999999999999997,10
compositional,clear,holdout,context_oracle,8,5,0.53,0.0829457626379836,0.53,0.0829457626379836,0.14999999999999997,10
compositional,clear,holdout,context_oracle,8,10,0.5999999999999999,0.07540523876180329,0.5999999999999999,0.07540523876180329,0.14999999999999997,10
compositional,clear,holdout,context_oracle,8,25,0.5999999999999999,8.371663225071135e-17,0.5999999999999999,8.371663225071135e-17,0.14999999999999997,10
compositional,clear,holdout,delta_only,0,10,0.18000000000000002,0.03016209550472132,0.0,0.0,0.14999999999999997,10
compositional,clear,holdout,delta_only,1,10,0.21000000000000002,0.040606963805363765,0.0,0.0,0.14999999999999997,10
compositional,clear,holdout,delta_only,2,10,0.44000000000000006,0.05791986290822427,0.44000000000000006,0.05791986290822427,0.14999999999999997,10
compositional,clear,holdout,delta_only,3,10,0.5199999999999999,0.07578132707370469,0.4700000000000001,0.08953876002124236,0.14999999999999997,10
compositional,clear,holdout,delta_only,4,10,0.40499999999999997,0.05450604454644074,0.37,0.06573676311525131,0.14999999999999997,10
compositional,clear,holdout,delta_only,5,10,0.40499999999999997,0.07043430558720787,0.34500000000000003,0.0780908535623545,0.14999999999999997,10
compositional,clear,holdout,delta_only,6,10,0.505,0.07436118884757448,0.33,0.1055673342665246,0.14999999999999997,10
compositional,clear,holdout,delta_only,7,10,0.4600000000000001,0.07113715997370754,0.29500000000000004,0.08671602457607377,0.14999999999999997,10
compositional,clear,holdout,delta_only,8,5,0.64,0.15526888979686865,0.6100000000000001,0.1701219729093453,0.14999999999999997,10
compositional,clear,holdout,delta_only,8,10,0.495,0.06838635757163815,0.30999999999999994,0.10088533371395947,0.14999999999999997,10
compositional,clear,holdout,delta_only,8,25,0.21600000000000003,0.029243236567141034,0.012000000000000002,0.015379711354942323,0.14999999999999997,10
compositional,clear,holdout,frequency,0,10,0.225,0.05128110656114111,0.0,0.0,0.14999999999999997,10
compositional,clear,holdout,frequency,1,10,0.225,0.05128110656114111,0.0,0.0,0.14999999999999997,10
compositional,clear,holdout,frequency,2,10,0.225,0.05128110656114111,0.0,0.0,0.14999999999999997,10
compositional,clear,holdout,frequency,3,10,0.22000000000000003,0.04828291119451135,0.0,0.0,0.14999999999999997,10
compositional,clear,holdout,frequency,4,10,0.22999999999999998,0.04828291119451135,0.0,0.0,0.14999999999999997,10
compositional,clear,holdout,frequency,5,10,0.22999999999999998,0.04828291119451135,0.0,0.0,0.14999999999999997,10
compositional,clear,holdout,frequency,6,10,0.22000000000000003,0.04828291119451135,0.0,0.0,0.14999999999999997,10
compositional,clear,holdout,frequency,7,10,0.225,0.045399965714333454,0.0,0.0,0.14999999999999997,10
compositional,clear,holdout,frequency,8,5,0.19,0.08564388794429341,0.0,0.0,0.14999999999999997,10
compositional,clear,holdout,frequency,8,10,0.225,0.05128110656114111,0.0,0.0,0.14999999999999997,10
compositional,clear,holdout,frequency,8,25,0.264,0.025054518227513208,0.0,0.0,0.14999999999999997,10
compositional,clear,holdout,mdi,0,10,0.35500000000000004,0.07242436679176703,0.0,0.0,0.14999999999999997,10
compositional,clear,holdout,mdi,1,10,0.40499999999999997,0.04901340519517214,0.0,0.0,0.14999999999999997,10
compositional,clear,holdout,mdi,2,10,0.865,0.037890663536852325,0.865,0.037890663536852325,0.14999999999999997,10
compositional,clear,holdout,mdi,3,10,0.8299999999999998,0.06992794168387287,0.82,0.0757813270737047,0.14999999999999997,10
compositional,clear,holdout,mdi,4,10,0.9349999999999999,0.04147288131899179,0.9349999999999999,0.04147288131899179,0.14999999999999997,10
compositional,clear,holdout,mdi,5,10,0.8550000000000001,0.04282194397214669,0.8550000000000001,0.04282194397214669,0.14999999999999997,10
compositional,clear,holdout,mdi,6,10,0.8650000000000002,0.03789066353685232,0.8650000000000002,0.03789066353685232,0.14999999999999997,10
compositional,clear,holdout,mdi,7,10,0.885,0.04147288131899177,0.885,0.04147288131899177,0.14999999999999997,10
compositional,clear,holdout,mdi,8,5,0.9800000000000001,0.030162095504721306,0.9800000000000001,0.030162095504721306,0.14999999999999997,10
compositional,clear,holdout,mdi,8,10,0.825,0.053981935791256486,0.825,0.053981935791256486,0.14999999999999997,10
compositional,clear,holdout,mdi,8,25,0.5780000000000001,0.010556733426652445,0.4740000000000001,0.026164639954336044,0.14999999999999997,10
compositional,clear,holdout,mdi_decay0,0,10,0.35500000000000004,0.07242436679176703,0.0,0.0,0.14999999999999997,10
compositional,clear,holdout,mdi_decay0,1,10,0.4,0.0533195556654618,0.0,0.0,0.14999999999999997,10
compositional,clear,holdout,mdi_decay0,2,10,0.8700000000000001,0.034555021442218156,0.8700000000000001,0.034555021442218156,0.14999999999999997,10
compositional,clear,holdout,mdi_decay0,3,10,0.8400000000000001,0.06032419100944262,0.835,0.06320110677819656,0.14999999999999997,10
compositional,clear,holdout,mdi_decay0,4,10,0.9400000000000001,0.03694087177983072,0.9400000000000001,0.03694087177983072,0.14999999999999997,10
compositional,clear,holdout,mdi_decay0,5,10,0.8950000000000001,0.04901340519517213,0.8950000000000001,0.04901340519517213,0.14999999999999997,10
compositional,clear,holdout,mdi_decay0,6,10,0.89,0.05278366713326228,0.89,0.05278366713326228,0.14999999999999997,10
compositional,clear,holdout,mdi_decay0,7,10,0.9049999999999999,0.0460219120331815,0.9049999999999999,0.0460219120331815,0.14999999999999997,10
compositional,clear,holdout,mdi_decay0,8,5,0.99,0.02262157162854098,0.99,0.02262157162854098,0.14999999999999997,10
compositional,clear,holdout,mdi_decay0,8,10,0.85,0.0533195556654618,0.85,0.0533195556654618,0.14999999999999997,10
compositional,clear,holdout,mdi_decay0,8,25,0.5780000000000001,0.010556733426652445,0.4720000000000001,0.025415033419563138,0.14999999999999997,10
compositional,clear,holdout,mdi_decay020,0,10,0.35500000000000004,0.07242436679176703,0.0,0.0,0.14999999999999997,10
compositional,clear,holdout,mdi_decay020,1,10,0.40499999999999997,0.04901340519517214,0.0,0.0,0.14999999999999997,10
compositional,clear,holdout,mdi_decay020,2,10,0.845,0.046021912033181525,0.845,0.046021912033181525,0.14999999999999997,10
compositional,clear,holdout,mdi_decay020,3,10,0.7950000000000002,0.07043430558720787,0.775,0.08303140619475581,0.14999999999999997,10
compositional,clear,holdout,mdi_decay020,4,10,0.9100000000000001,0.06263629556878302,0.905,0.06838635757163815,0.14999999999999997,10
compositional,clear,holdout,mdi_decay020,5,10,0.805,0.061836893494153375,0.805,0.061836893494153375,0.14999999999999997,10
compositional,clear,holdout,mdi_decay020,6,10,0.845,0.04282194397214668,0.845,0.04282194397214668,0.14999999999999997,10
compositional,clear,holdout,mdi_decay020,7,10,0.875,0.04842989147725688,0.875,0.04842989147725688,0.14999999999999997,10
compositional,clear,holdout,mdi_decay020,8,5,0.97,0.03455502144221817,0.97,0.03455502144221817,0.14999999999999997,10
compositional,clear,holdout,mdi_decay020,8,10,0.78,0.03844927838735583,0.775,0.04215280993274859,0.14999999999999997,10
compositional,clear,holdout,mdi_decay020,8,25,0.5800000000000001,0.011681729357650305,0.46799999999999997,0.033178305055193445,0.14999999999999997,10
compositional,clear,holdout,mdi_no_novelty,0,10,0.34,0.06911004288443635,0.0,0.0,0.14999999999999997,10
compositional,clear,holdout,mdi_no_novelty,1,10,0.385,0.05345268834627583,0.0,0.0,0.14999999999999997,10
compositional,clear,holdout,mdi_no_novelty,2,10,0.8,0.04769046039922267,0.8,0.04769046039922267,0.14999999999999997,10
compositional,clear,holdout,mdi_no_novelty,3,10,0.79,0.06263629556878304,0.79,0.06263629556878304,0.14999999999999997,10
compositional,clear,holdout,mdi_no_novelty,4,10,0.925,0.04539996571433344,0.925,0.04539996571433344,0.14999999999999997,10
compositional,clear,holdout,mdi_no_novelty,5,10,0.8450000000000001,0.07242436679176704,0.8450000000000001,0.07242436679176704,0.14999999999999997,10
compositional,clear,holdout,mdi_no_novelty,6,10,0.875,0.059013933905847984,0.875,0.059013933905847984,0.14999999999999997,10
compositional,clear,holdout,mdi_no_novelty,7,10,0.9,0.044610340857850365,0.9,0.044610340857850365,0.14999999999999997,10
compositional,clear,holdout,mdi_no_novelty,8,5,0.9800000000000001,0.030162095504721306,0.9800000000000001,0.030162095504721306,0.14999999999999997,10
compositional,clear,holdout,mdi_no_novelty,8,10,0.845,0.061836893494153375,0.845,0.061836893494153375,0.14999999999999997,10
compositional,clear,holdout,mdi_no_novelty,8,25,0.5900000000000001,0.007540523876180294,0.514,0.03307531989711065,0.14999999999999997,10
compositional,clear,holdout,mdi_original,0,10,0.39,0.05791986290822425,0.0,0.0,0.14999999999999997,10
compositional,clear,holdout,mdi_original,1,10,0.37500000000000006,0.059013933905847984,0.0,0.0,0.14999999999999997,10
compositional,clear,holdout,mdi_original,2,10,0.875,0.07397788119767551,0.8600000000000001,0.09802681039034429,0.14999999999999997,10
compositional,clear,holdout,mdi_original,3,10,0.805,0.05450604454644076,0.725,0.0758750578789474,0.14999999999999997,10
compositional,clear,holdout,mdi_original,4,10,0.9,0.06079364704696505,0.89,0.0768985567747116,0.14999999999999997,10
compositional,clear,holdout,mdi_original,5,10,0.8800000000000001,0.0564281137229108,0.875,0.059013933905847984,0.14999999999999997,10
compositional,clear,holdout,mdi_original,6,10,0.8950000000000001,0.05450604454644072,0.89,0.05541130766974609,0.14999999999999997,10
compositional,clear,holdout,mdi_original,7,10,0.925,0.051281106561141106,0.925,0.051281106561141106,0.14999999999999997,10
compositional,clear,holdout,mdi_original,8,5,0.9800000000000001,0.030162095504721306,0.9800000000000001,0.030162095504721306,0.14999999999999997,10
compositional,clear,holdout,mdi_original,8,10,0.905,0.04602191203318151,0.9,0.044610340857850386,0.14999999999999997,10
compositional,clear,holdout,mdi_original,8,25,0.5640000000000001,0.024129676403777056,0.41400000000000003,0.04105259540759342,0.14999999999999997,10
compositional,clear,holdout,mdi_reset,0,10,0.35500000000000004,0.07242436679176703,0.0,0.0,0.14999999999999997,10
compositional,clear,holdout,mdi_reset,1,10,0.35500000000000004,0.07242436679176703,0.0,0.0,0.14999999999999997,10
compositional,clear,holdout,mdi_reset,2,10,0.35500000000000004,0.07242436679176703,0.0,0.0,0.14999999999999997,10
compositional,clear,holdout,mdi_reset,3,10,0.35500000000000004,0.07242436679176703,0.0,0.0,0.14999999999999997,10
compositional,clear,holdout,mdi_reset,4,10,0.35500000000000004,0.07242436679176703,0.0,0.0,0.14999999999999997,10
compositional,clear,holdout,mdi_reset,5,10,0.35500000000000004,0.07242436679176703,0.0,0.0,0.14999999999999997,10
compositional,clear,holdout,mdi_reset,6,10,0.35500000000000004,0.07242436679176703,0.0,0.0,0.14999999999999997,10
compositional,clear,holdout,mdi_reset,7,10,0.35500000000000004,0.07242436679176703,0.0,0.0,0.14999999999999997,10
compositional,clear,holdout,mdi_reset,8,5,0.38,0.12064838201888528,0.0,0.0,0.14999999999999997,10
compositional,clear,holdout,mdi_reset,8,10,0.35500000000000004,0.07242436679176703,0.0,0.0,0.14999999999999997,10
compositional,clear,holdout,mdi_reset,8,25,0.32999999999999996,0.03455502144221818,0.0,0.0,0.14999999999999997,10
compositional,clear,holdout,mdi_with_delta,0,10,0.35500000000000004,0.07624882889894678,0.0,0.0,0.14999999999999997,10
compositional,clear,holdout,mdi_with_delta,1,10,0.37499999999999994,0.042152809932748565,0.0,0.0,0.14999999999999997,10
compositional,clear,holdout,mdi_with_delta,2,10,0.7950000000000002,0.0640944529475328,0.7950000000000002,0.0640944529475328,0.14999999999999997,10
compositional,clear,holdout,mdi_with_delta,3,10,0.59,0.0787253805050809,0.48,0.09567852189852508,0.14999999999999997,10
compositional,clear,holdout,mdi_with_delta,4,10,0.765,0.0654115998858401,0.745,0.0704343055872079,0.14999999999999997,10
compositional,clear,holdout,mdi_with_delta,5,10,0.74,0.09357544042319986,0.7150000000000001,0.10400730713396285,0.14999999999999997,10
compositional,clear,holdout,mdi_with_delta,6,10,0.675,0.07772594103495853,0.53,0.09715285407193541,0.14999999999999997,10
compositional,clear,holdout,mdi_with_delta,7,10,0.6799999999999999,0.08793686396787985,0.565,0.11441984071981705,0.14999999999999997,10
compositional,clear,holdout,mdi_with_delta,8,5,0.9100000000000001,0.07113715997370754,0.8799999999999999,0.10556733426652459,0.14999999999999997,10
compositional,clear,holdout,mdi_with_delta,8,10,0.58,0.07193201324708874,0.41,0.0787253805050809,0.14999999999999997,10
compositional,clear,holdout,mdi_with_delta,8,25,0.46799999999999997,0.03177773946982198,0.256,0.04412334179552689,0.14999999999999997,10
compositional,clear,holdout,predicate_match,0,10,0.195,0.05183253216332726,0.0,0.0,0.14999999999999997,10
compositional,clear,holdout,predicate_match,1,10,0.255,0.02639183356663115,0.0,0.0,0.14999999999999997,10
compositional,clear,holdout,predicate_match,2,10,0.575,0.06364934719473757,0.575,0.06364934719473757,0.14999999999999997,10
compositional,clear,holdout,predicate_match,3,10,0.76,0.052783667133262324,0.76,0.052783667133262324,0.14999999999999997,10
compositional,clear,holdout,predicate_match,4,10,0.875,0.05655392907135247,0.875,0.05655392907135247,0.14999999999999997,10
compositional,clear,holdout,predicate_match,5,10,0.6449999999999999,0.059493729882829145,0.6449999999999999,0.059493729882829145,0.14999999999999997,10
compositional,clear,holdout,predicate_match,6,10,0.835,0.07163497682371314,0.835,0.07163497682371314,0.14999999999999997,10
compositional,clear,holdout,predicate_match,7,10,0.905,0.03936269025254043,0.905,0.03936269025254043,0.14999999999999997,10
compositional,clear,holdout,predicate_match,8,5,0.9200000000000002,0.056428113722910796,0.9200000000000002,0.056428113722910796,0.14999999999999997,10
compositional,clear,holdout,predicate_match,8,10,0.7649999999999999,0.0632011067781966,0.7649999999999999,0.0632011067781966,0.14999999999999997,10
compositional,clear,holdout,predicate_match,8,25,0.5999999999999999,8.371663225071135e-17,0.5999999999999999,8.371663225071135e-17,0.14999999999999997,10
compositional,clear,holdout,random,0,10,0.13,0.048282911194511356,0.0,0.0,0.14999999999999997,10
compositional,clear,holdout,random,1,10,0.13,0.048282911194511356,0.0,0.0,0.14999999999999997,10
compositional,clear,holdout,random,2,10,0.13,0.048282911194511356,0.0,0.0,0.14999999999999997,10
compositional,clear,holdout,random,3,10,0.13,0.048282911194511356,0.0,0.0,0.14999999999999997,10
compositional,clear,holdout,random,4,10,0.13,0.048282911194511356,0.0,0.0,0.14999999999999997,10
compositional,clear,holdout,random,5,10,0.13,0.048282911194511356,0.0,0.0,0.14999999999999997,10
compositional,clear,holdout,random,6,10,0.13,0.048282911194511356,0.0,0.0,0.14999999999999997,10
compositional,clear,holdout,random,7,10,0.13,0.048282911194511356,0.0,0.0,0.14999999999999997,10
compositional,clear,holdout,random,8,5,0.12000000000000002,0.06573676311525133,0.0,0.0,0.14999999999999997,10
compositional,clear,holdout,random,8,10,0.13,0.048282911194511356,0.0,0.0,0.14999999999999997,10
compositional,clear,holdout,random,8,25,0.14999999999999997,0.026337917609264336,0.0,0.0,0.14999999999999997,10
compositional,clear,holdout,recurrence,0,10,0.195,0.05183253216332726,0.0,0.0,0.14999999999999997,10
compositional,clear,holdout,recurrence,1,10,0.195,0.05183253216332726,0.0,0.0,0.14999999999999997,10
compositional,clear,holdout,recurrence,2,10,0.195,0.05183253216332726,0.0,0.0,0.14999999999999997,10
compositional,clear,holdout,recurrence,3,10,0.195,0.05183253216332726,0.0,0.0,0.14999999999999997,10
compositional,clear,holdout,recurrence,4,10,0.195,0.05183253216332726,0.0,0.0,0.14999999999999997,10
compositional,clear,holdout,recurrence,5,10,0.195,0.05183253216332726,0.0,0.0,0.14999999999999997,10
compositional,clear,holdout,recurrence,6,10,0.195,0.05183253216332726,0.0,0.0,0.14999999999999997,10
compositional,clear,holdout,recurrence,7,10,0.195,0.05183253216332726,0.0,0.0,0.14999999999999997,10
compositional,clear,holdout,recurrence,8,5,0.22000000000000003,0.07388174355966148,0.0,0.0,0.14999999999999997,10
compositional,clear,holdout,recurrence,8,10,0.195,0.05183253216332726,0.0,0.0,0.14999999999999997,10
compositional,clear,holdout,recurrence,8,25,0.16599999999999998,0.029437030845301346,0.0,0.0,0.14999999999999997,10
compositional,clear,holdout,similarity,0,10,0.135,0.047839260949262545,0.0,0.0,0.14999999999999997,10
compositional,clear,holdout,similarity,1,10,0.135,0.047839260949262545,0.0,0.0,0.14999999999999997,10
compositional,clear,holdout,similarity,2,10,0.135,0.047839260949262545,0.0,0.0,0.14999999999999997,10
compositional,clear,holdout,similarity,3,10,0.135,0.047839260949262545,0.0,0.0,0.14999999999999997,10
compositional,clear,holdout,similarity,4,10,0.135,0.047839260949262545,0.0,0.0,0.14999999999999997,10
compositional,clear,holdout,similarity,5,10,0.135,0.047839260949262545,0.0,0.0,0.14999999999999997,10
compositional,clear,holdout,similarity,6,10,0.135,0.047839260949262545,0.0,0.0,0.14999999999999997,10
compositional,clear,holdout,similarity,7,10,0.135,0.047839260949262545,0.0,0.0,0.14999999999999997,10
compositional,clear,holdout,similarity,8,5,0.09,0.0527836671332623,0.0,0.0,0.14999999999999997,10
compositional,clear,holdout,similarity,8,10,0.135,0.047839260949262545,0.0,0.0,0.14999999999999997,10
compositional,clear,holdout,similarity,8,25,0.186,0.043735038481845914,0.0,0.0,0.14999999999999997,10
compositional,clear,holdout,value_profile,0,10,0.195,0.05183253216332726,0.0,0.0,0.14999999999999997,10
compositional,clear,holdout,value_profile,1,10,0.29000000000000004,0.06263629556878302,0.0,0.0,0.14999999999999997,10
compositional,clear,holdout,value_profile,2,10,0.65,0.10116674383859656,0.65,0.10116674383859656,0.14999999999999997,10
compositional,clear,holdout,value_profile,3,10,0.5799999999999998,0.06353758354890779,0.5399999999999998,0.08890146537311487,0.14999999999999997,10
compositional,clear,holdout,value_profile,4,10,0.905,0.05705441607566245,0.905,0.05705441607566245,0.14999999999999997,10
compositional,clear,holdout,value_profile,5,10,0.7649999999999999,0.08438988337465289,0.7649999999999999,0.08438988337465289,0.14999999999999997,10
compositional,clear,holdout,value_profile,6,10,0.795,0.07242436679176706,0.795,0.07242436679176706,0.14999999999999997,10
compositional,clear,holdout,value_profile,7,10,0.79,0.07872538050508092,0.79,0.07872538050508092,0.14999999999999997,10
compositional,clear,holdout,value_profile,8,5,0.9400000000000001,0.06032419100944261,0.9400000000000001,0.06032419100944261,0.14999999999999997,10
compositional,clear,holdout,value_profile,8,10,0.685,0.06091044570804567,0.685,0.06091044570804567,0.14999999999999997,10
compositional,clear,holdout,value_profile,8,25,0.556,0.016242785522145517,0.5040000000000001,0.02845486398948303,0.14999999999999997,10
compositional,detour,exposed,association_only,0,10,0.34500000000000003,0.07436118884757448,0.0,0.0,0.14999999999999997,10
compositional,detour,exposed,association_only,1,10,0.43499999999999994,0.047839260949262545,0.0,0.0,0.14999999999999997,10
compositional,detour,exposed,association_only,2,10,0.975,0.05655392907135247,0.975,0.05655392907135247,0.14999999999999997,10
compositional,detour,exposed,association_only,3,10,0.8200000000000001,0.06992794168387287,0.78,0.09860514467287698,0.14999999999999997,10
compositional,detour,exposed,association_only,4,10,0.595,0.0640944529475328,0.20999999999999996,0.11285622744582159,0.14999999999999997,10
compositional,detour,exposed,association_only,5,10,0.86,0.052783667133262296,0.77,0.09418111302724294,0.14999999999999997,10
compositional,detour,exposed,association_only,6,10,0.76,0.07502726526001942,0.575,0.1403125154371797,0.14999999999999997,10
compositional,detour,exposed,association_only,7,10,0.5449999999999999,0.03936269025254044,0.11000000000000001,0.07113715997370754,0.14999999999999997,10
compositional,detour,exposed,association_only,8,5,0.86,0.0768985567747116,0.7200000000000001,0.15379711354942321,0.14999999999999997,10
compositional,detour,exposed,association_only,8,10,0.5399999999999999,0.0527836671332623,0.125,0.08130139551718839,0.14999999999999997,10
compositional,detour,exposed,association_only,8,25,0.49000000000000005,0.038301111060162964,0.22599999999999998,0.03507762231226051,0.14999999999999997,10
compositional,detour,exposed,clustering,0,10,0.19,0.040606963805363765,0.0,0.0,0.14999999999999997,10
compositional,detour,exposed,clustering,1,10,0.19,0.040606963805363765,0.0,0.0,0.14999999999999997,10
compositional,detour,exposed,clustering,2,10,0.19,0.040606963805363765,0.0,0.0,0.14999999999999997,10
compositional,detour,exposed,clustering,3,10,0.19,0.040606963805363765,0.0,0.0,0.14999999999999997,10
compositional,detour,exposed,clustering,4,10,0.19,0.040606963805363765,0.0,0.0,0.14999999999999997,10
compositional,detour,exposed,clustering,5,10,0.19,0.040606963805363765,0.0,0.0,0.14999999999999997,10
compositional,detour,exposed,clustering,6,10,0.19,0.040606963805363765,0.0,0.0,0.14999999999999997,10
compositional,detour,exposed,clustering,7,10,0.19,0.040606963805363765,0.0,0.0,0.14999999999999997,10
compositional,detour,exposed,clustering,8,5,0.15000000000000002,0.06079364704696509,0.0,0.0,0.14999999999999997,10
compositional,detour,exposed,clustering,8,10,0.19,0.040606963805363765,0.0,0.0,0.14999999999999997,10
compositional,detour,exposed,clustering,8,25,0.158,0.01712877758885868,0.0,0.0,0.14999999999999997,10
compositional,detour,exposed,competing_models,0,10,0.195,0.05183253216332726,0.0,0.0,0.14999999999999997,10
compositional,detour,exposed,competing_models,1,10,0.38000000000000006,0.09265950868321117,0.0,0.0,0.14999999999999997,10
compositional,detour,exposed,competing_models,2,10,0.6849999999999999,0.09982298048220059,0.6849999999999999,0.09982298048220059,0.14999999999999997,10
compositional,detour,exposed,competing_models,3,10,0.6449999999999999,0.0816503301485643,0.6449999999999999,0.0816503301485643,0.14999999999999997,10
compositional,detour,exposed,competing_models,4,10,0.5499999999999999,0.07540523876180329,0.27499999999999997,0.1423242670509188,0.14999999999999997,10
compositional,detour,exposed,competing_models,5,10,0.685,0.07917550069989347,0.685,0.07917550069989347,0.14999999999999997,10
compositional,detour,exposed,competing_models,6,10,0.65,0.08086310986867404,0.65,0.08086310986867404,0.14999999999999997,10
compositional,detour,exposed,competing_models,7,10,0.615,0.08095095683631578,0.6050000000000001,0.0883400612401557,0.14999999999999997,10
compositional,detour,exposed,competing_models,8,5,0.9200000000000002,0.06573676311525131,0.9200000000000002,0.06573676311525131,0.14999999999999997,10
compositional,detour,exposed,competing_models,8,10,0.61,0.0839677202297315,0.61,0.0839677202297315,0.14999999999999997,10
compositional,detour,exposed,competing_models,8,25,0.5999999999999999,8.371663225071135e-17,0.5999999999999999,8.371663225071135e-17,0.14999999999999997,10
compositional,detour,exposed,context_oracle,0,10,0.635,0.0696223556258885,0.635,0.0696223556258885,0.14999999999999997,10
compositional,detour,exposed,context_oracle,1,10,0.5999999999999999,0.05058337191929824,0.5999999999999999,0.05058337191929824,0.14999999999999997,10
compositional,detour,exposed,context_oracle,2,10,0.585,0.047839260949262524,0.585,0.047839260949262524,0.14999999999999997,10
compositional,detour,exposed,context_oracle,3,10,0.5799999999999998,0.053850111575460304,0.5799999999999998,0.053850111575460304,0.14999999999999997,10
compositional,detour,exposed,context_oracle,4,10,0.5799999999999998,0.06353758354890776,0.5799999999999998,0.06353758354890776,0.14999999999999997,10
compositional,detour,exposed,context_oracle,5,10,0.595,0.061836893494153375,0.595,0.061836893494153375,0.14999999999999997,10
compositional,detour,exposed,context_oracle,6,10,0.6049999999999999,0.07624882889894678,0.6049999999999999,0.07624882889894678,0.14999999999999997,10
compositional,detour,exposed,context_oracle,7,10,0.5799999999999998,0.03844927838735578,0.5799999999999998,0.03844927838735578,0.14999999999999997,10
compositional,detour,exposed,context_oracle,8,5,0.53,0.0829457626379836,0.53,0.0829457626379836,0.14999999999999997,10
compositional,detour,exposed,context_oracle,8,10,0.5999999999999999,0.07540523876180329,0.5999999999999999,0.07540523876180329,0.14999999999999997,10
compositional,detour,exposed,context_oracle,8,25,0.5999999999999999,8.371663225071135e-17,0.5999999999999999,8.371663225071135e-17,0.14999999999999997,10
compositional,detour,exposed,delta_only,0,10,0.18000000000000002,0.03016209550472132,0.0,0.0,0.14999999999999997,10
compositional,detour,exposed,delta_only,1,10,0.195,0.05450604454644074,0.0,0.0,0.14999999999999997,10
compositional,detour,exposed,delta_only,2,10,0.41,0.036940871779830735,0.41,0.036940871779830735,0.14999999999999997,10
compositional,detour,exposed,delta_only,3,10,0.5199999999999999,0.07578132707370469,0.47000000000000003,0.09111249666087445,0.14999999999999997,10
compositional,detour,exposed,delta_only,4,10,0.525,0.07397788119767551,0.47000000000000003,0.09418111302724297,0.14999999999999997,10
compositional,detour,exposed,delta_only,5,10,0.465,0.07163497682371314,0.375,0.07002950737528384,0.14999999999999997,10
compositional,detour,exposed,delta_only,6,10,0.505,0.05450604454644076,0.31999999999999995,0.07763444489843434,0.14999999999999997,10
compositional,detour,exposed,delta_only,7,10,0.49000000000000005,0.07113715997370754,0.31,0.08728787455225905,0.14999999999999997,10
compositional,detour,exposed,delta_only,8,5,0.33999999999999997,0.09656582238902271,0.13,0.0757813270737047,0.14999999999999997,10
compositional,detour,exposed,delta_only,8,10,0.40499999999999997,0.08337310066805587,0.26,0.08564388794429341,0.14999999999999997,10
compositional,detour,exposed,delta_only,8,25,0.22200000000000003,0.025637781179013126,0.016000000000000004,0.0147763487119323,0.14999999999999997,10
compositional,detour,exposed,frequency,0,10,0.225,0.05128110656114111,0.0,0.0,0.14999999999999997,10
compositional,detour,exposed,frequency,1,10,0.225,0.05128110656114111,0.0,0.0,0.14999999999999997,10
compositional,detour,exposed,frequency,2,10,0.225,0.05128110656114111,0.0,0.0,0.14999999999999997,10
compositional,detour,exposed,frequency,3,10,0.22000000000000003,0.04828291119451135,0.0,0.0,0.14999999999999997,10
compositional,detour,exposed,frequency,4,10,0.22999999999999998,0.04828291119451135,0.0,0.0,0.14999999999999997,10
compositional,detour,exposed,frequency,5,10,0.22999999999999998,0.04828291119451135,0.0,0.0,0.14999999999999997,10
compositional,detour,exposed,frequency,6,10,0.22000000000000003,0.04828291119451135,0.0,0.0,0.14999999999999997,10
compositional,detour,exposed,frequency,7,10,0.225,0.045399965714333454,0.0,0.0,0.14999999999999997,10
compositional,detour,exposed,frequency,8,5,0.19,0.08564388794429341,0.0,0.0,0.14999999999999997,10
compositional,detour,exposed,frequency,8,10,0.225,0.05128110656114111,0.0,0.0,0.14999999999999997,10
compositional,detour,exposed,frequency,8,25,0.264,0.025054518227513208,0.0,0.0,0.14999999999999997,10
compositional,detour,exposed,mdi,0,10,0.35500000000000004,0.07242436679176703,0.0,0.0,0.14999999999999997,10
compositional,detour,exposed,mdi,1,10,0.37500000000000006,0.0636493471947376,0.0,0.0,0.14999999999999997,10
compositional,detour,exposed,mdi,2,10,0.805,0.0640944529475328,0.805,0.0640944529475328,0.14999999999999997,10
compositional,detour,exposed,mdi,3,10,0.795,0.057054416075662494,0.7899999999999999,0.057919862908224276,0.14999999999999997,10
compositional,detour,exposed,mdi,4,10,0.6749999999999999,0.08961810320032135,0.41500000000000004,0.15458073946169673,0.14999999999999997,10
compositional,detour,exposed,mdi,5,10,0.85,0.050583371919298264,0.8400000000000001,0.06032419100944261,0.14999999999999997,10
compositional,detour,exposed,mdi,6,10,0.825,0.05901393390584799,0.8099999999999999,0.06702164221990092,0.14999999999999997,10
compositional,detour,exposed,mdi,7,10,0.5449999999999999,0.06627515673523317,0.175,0.09119047057044759,0.14999999999999997,10
compositional,detour,exposed,mdi,8,5,0.82,0.1055673342665246,0.71,0.17668012248031145,0.14999999999999997,10
compositional,detour,exposed,mdi,8,10,0.53,0.07388174355966147,0.19,0.0994663413268063,0.14999999999999997,10
compositional,detour,exposed,mdi,8,25,0.5039999999999999,0.022164523067898453,0.2899999999999999,0.03321256247790234,0.14999999999999997,10
compositional,detour,exposed,mdi_decay0,0,10,0.35500000000000004,0.07242436679176703,0.0,0.0,0.14999999999999997,10
compositional,detour,exposed,mdi_decay0,1,10,0.38,0.061259505561163406,0.0,0.0,0.14999999999999997,10
compositional,detour,exposed,mdi_decay0,2,10,0.82,0.05642811372291082,0.82,0.05642811372291082,0.14999999999999997,10
compositional,detour,exposed,mdi_decay0,3,10,0.8099999999999999,0.06486603906680428,0.8099999999999999,0.06486603906680428,0.14999999999999997,10
compositional,detour,exposed,mdi_decay0,4,10,0.79,0.0768985567747116,0.65,0.11435770667194446,0.14999999999999997,10
compositional,detour,exposed,mdi_decay0,5,10,0.865,0.06320110677819657,0.8550000000000001,0.07242436679176703,0.14999999999999997,10
compositional,detour,exposed,mdi_decay0,6,10,0.82,0.06353758354890782,0.8049999999999999,0.0743611888475745,0.14999999999999997,10
compositional,detour,exposed,mdi_decay0,7,10,0.5549999999999999,0.06627515673523317,0.225,0.0911904705704476,0.14999999999999997,10
compositional,detour,exposed,mdi_decay0,8,5,0.8500000000000002,0.09685978295451382,0.7700000000000001,0.15099887294687167,0.14999999999999997,10
compositional,detour,exposed,mdi_decay0,8,10,0.5349999999999999,0.07359257711325339,0.22999999999999998,0.10283903471380743,0.14999999999999997,10
compositional,detour,exposed,mdi_decay0,8,25,0.5279999999999999,0.015379711354942333,0.312,0.02355734966404151,0.14999999999999997,10
compositional,detour,exposed,mdi_decay020,0,10,0.35500000000000004,0.07242436679176703,0.0,0.0,0.14999999999999997,10
compositional,detour,exposed,mdi_decay020,1,10,0.395,0.0640944529475328,0.0,0.0,0.14999999999999997,10
compositional,detour,exposed,mdi_decay020,2,10,0.79,0.07113715997370758,0.79,0.07113715997370758,0.14999999999999997,10
compositional,detour,exposed,mdi_decay020,3,10,0.7849999999999999,0.05345268834627585,0.78,0.05385011157546035,0.14999999999999997,10
compositional,detour,exposed,mdi_decay020,4,10,0.605,0.05450604454644074,0.26000000000000006,0.09357544042319985,0.14999999999999997,10
compositional,detour,exposed,mdi_decay020,5,10,0.8200000000000001,0.05889337416010381,0.8150000000000001,0.060910445708045664,0.14999999999999997,10
compositional,detour,exposed,mdi_decay020,6,10,0.8,0.06308854906325866,0.775,0.06584479402316086,0.14999999999999997,10
compositional,detour,exposed,mdi_decay020,7,10,0.5199999999999999,0.045243143257081966,0.125,0.05128110656114112,0.14999999999999997,10
compositional,detour,exposed,mdi_decay020,8,5,0.79,0.09802681039034428,0.6300000000000001,0.16877976674930578,0.14999999999999997,10
compositional,detour,exposed,mdi_decay020,8,10,0.5199999999999999,0.06573676311525131,0.16,0.08225740415878822,0.14999999999999997,10
compositional,detour,exposed,mdi_decay020,8,25,0.458,0.02282176643026498,0.24000000000000005,0.029398374189300573,0.14999999999999997,10
compositional,detour,exposed,mdi_no_novelty,0,10,0.34,0.06911004288443635,0.0,0.0,0.14999999999999997,10
compositional,detour,exposed,mdi_no_novelty,1,10,0.37,0.07763444489843432,0.0,0.0,0.14999999999999997,10
compositional,detour,exposed,mdi_no_novelty,2,10,0.8100000000000002,0.07502726526001943,0.8100000000000002,0.07502726526001943,0.14999999999999997,10
compositional,detour,exposed,mdi_no_novelty,3,10,0.76,0.060324191009442675,0.76,0.060324191009442675,0.14999999999999997,10
compositional,detour,exposed,mdi_no_novelty,4,10,0.6399999999999999,0.07113715997370756,0.36,0.11158956300508928,0.14999999999999997,10
compositional,detour,exposed,mdi_no_novelty,5,10,0.835,0.05345268834627583,0.835,0.05345268834627583,0.14999999999999997,10
compositional,detour,exposed,mdi_no_novelty,6,10,0.825,0.07203075318821234,0.825,0.07203075318821234,0.14999999999999997,10
compositional,detour,exposed,mdi_no_novelty,7,10,0.53,0.06992794168387287,0.11999999999999997,0.11082261533949218,0.14999999999999997,10
compositional,detour,exposed,mdi_no_novelty,8,5,0.8700000000000001,0.06786471488562294,0.75,0.13168958804632164,0.14999999999999997,10
compositional,detour,exposed,mdi_no_novelty,8,10,0.5199999999999999,0.07578132707370469,0.135,0.10933759620461476,0.14999999999999997,10
compositional,detour,exposed,mdi_no_novelty,8,25,0.48599999999999993,0.03697164302363347,0.27399999999999997,0.04425201906433583,0.14999999999999997,10
compositional,detour,exposed,mdi_original,0,10,0.39,0.05791986290822425,0.0,0.0,0.14999999999999997,10
compositional,detour,exposed,mdi_original,1,10,0.39,0.0527836671332623,0.0,0.0,0.14999999999999997,10
compositional,detour,exposed,mdi_original,2,10,0.8949999999999999,0.07436118884757448,0.8899999999999999,0.0768985567747116,0.14999999999999997,10
compositional,detour,exposed,mdi_original,3,10,0.78,0.08464217058436622,0.705,0.12327084595497992,0.14999999999999997,10
compositional,detour,exposed,mdi_original,4,10,0.6049999999999999,0.06183689349415336,0.23999999999999994,0.10088533371395947,0.14999999999999997,10
compositional,detour,exposed,mdi_original,5,10,0.7949999999999999,0.09455768835192291,0.65,0.14699187094650282,0.14999999999999997,10
compositional,detour,exposed,mdi_original,6,10,0.6849999999999999,0.08268829974277672,0.4700000000000001,0.12527259113756606,0.14999999999999997,10
compositional,detour,exposed,mdi_original,7,10,0.575,0.051281106561141106,0.19499999999999998,0.07809085356235448,0.14999999999999997,10
compositional,detour,exposed,mdi_original,8,5,0.78,0.07388174355966148,0.56,0.147763487119323,0.14999999999999997,10
compositional,detour,exposed,mdi_original,8,10,0.5650000000000001,0.0585302049775716,0.19000000000000003,0.1022846423477796,0.14999999999999997,10
compositional,detour,exposed,mdi_original,8,25,0.44400000000000006,0.043080089260368264,0.156,0.03425755517771735,0.14999999999999997,10
compositional,detour,exposed,mdi_reset,0,10,0.35500000000000004,0.07242436679176703,0.0,0.0,0.14999999999999997,10
compositional,detour,exposed,mdi_reset,1,10,0.35500000000000004,0.07242436679176703,0.0,0.0,0.14999999999999997,10
compositional,detour,exposed,mdi_reset,2,10,0.35500000000000004,0.07242436679176703,0.0,0.0,0.14999999999999997,10
compositional,detour,exposed,mdi_reset,3,10,0.35500000000000004,0.07242436679176703,0.0,0.0,0.14999999999999997,10
compositional,detour,exposed,mdi_reset,4,10,0.35500000000000004,0.07242436679176703,0.0,0.0,0.14999999999999997,10
compositional,detour,exposed,mdi_reset,5,10,0.35500000000000004,0.07242436679176703,0.0,0.0,0.14999999999999997,10
compositional,detour,exposed,mdi_reset,6,10,0.35500000000000004,0.07242436679176703,0.0,0.0,0.14999999999999997,10
compositional,detour,exposed,mdi_reset,7,10,0.35500000000000004,0.07242436679176703,0.0,0.0,0.14999999999999997,10
compositional,detour,exposed,mdi_reset,8,5,0.38,0.12064838201888528,0.0,0.0,0.14999999999999997,10
compositional,detour,exposed,mdi_reset,8,10,0.35500000000000004,0.07242436679176703,0.0,0.0,0.14999999999999997,10
compositional,detour,exposed,mdi_reset,8,25,0.32999999999999996,0.03455502144221818,0.0,0.0,0.14999999999999997,10
compositional,detour,exposed,mdi_with_delta,0,10,0.35500000000000004,0.07624882889894678,0.0,0.0,0.14999999999999997,10
compositional,detour,exposed,mdi_with_delta,1,10,0.36,0.04060696380536378,0.0,0.0,0.14999999999999997,10
compositional,detour,exposed,mdi_with_delta,2,10,0.79,0.07113715997370756,0.79,0.07113715997370756,0.14999999999999997,10
compositional,detour,exposed,mdi_with_delta,3,10,0.5799999999999998,0.06353758354890779,0.475,0.07772594103495852,0.14999999999999997,10
compositional,detour,exposed,mdi_with_delta,4,10,0.5349999999999999,0.07549943647343582,0.21000000000000002,0.1036650643266545,0.14999999999999997,10
compositional,detour,exposed,mdi_with_delta,5,10,0.755,0.049013405195172166,0.7,0.07726737690876269,0.14999999999999997,10
compositional,detour,exposed,mdi_with_delta,6,10,0.525,0.07203075318821234,0.24499999999999997,0.10590342978180263,0.14999999999999997,10
compositional,detour,exposed,mdi_with_delta,7,10,0.5199999999999999,0.07578132707370469,0.1,0.11681729357650326,0.14999999999999997,10
compositional,detour,exposed,mdi_with_delta,8,5,0.8,0.08260230044780519,0.6199999999999999,0.15745076101016184,0.14999999999999997,10
compositional,detour,exposed,mdi_with_delta,8,10,0.5199999999999999,0.07578132707370469,0.15999999999999998,0.1336184235154536,0.14999999999999997,10
compositional,detour,exposed,mdi_with_delta,8,25,0.37,0.03181350508549744,0.13399999999999998,0.023412081991028653,0.14999999999999997,10
compositional,detour,exposed,predicate_match,0,10,0.195,0.05183253216332726,0.0,0.0,0.14999999999999997,10
compositional,detour,exposed,predicate_match,1,10,0.255,0.02639183356663115,0.0,0.0,0.14999999999999997,10
compositional,detour,exposed,predicate_match,2,10,0.575,0.06364934719473757,0.575,0.06364934719473757,0.14999999999999997,10
compositional,detour,exposed,predicate_match,3,10,0.76,0.052783667133262324,0.76,0.052783667133262324,0.14999999999999997,10
compositional,detour,exposed,predicate_match,4,10,0.525,0.07397788119767551,0.14,0.11410883215132492,0.14999999999999997,10
compositional,detour,exposed,predicate_match,5,10,0.6449999999999999,0.04901340519517211,0.6449999999999999,0.04901340519517211,0.14999999999999997,10
compositional,detour,exposed,predicate_match,6,10,0.7299999999999999,0.07388174355966151,0.7299999999999999,0.07388174355966151,0.14999999999999997,10
compositional,detour,exposed,predicate_match,7,10,0.5199999999999999,0.07578132707370469,0.14,0.1177867483202076,0.14999999999999997,10
compositional,detour,exposed,predicate_match,8,5,0.85,0.09079993142866694,0.79,0.13677271514327632,0.14999999999999997,10
compositional,detour,exposed,predicate_match,8,10,0.5650000000000001,0.06320110677819658,0.24,0.11030835448881723,0.14999999999999997,10
compositional,detour,exposed,predicate_match,8,25,0.48,0.03304092017912207,0.272,0.035815504008496965,0.14999999999999997,10
compositional,detour,exposed,random,0,10,0.13,0.048282911194511356,0.0,0.0,0.14999999999999997,10
compositional,detour,exposed,random,1,10,0.13,0.048282911194511356,0.0,0.0,0.14999999999999997,10
compositional,detour,exposed,random,2,10,0.13,0.048282911194511356,0.0,0.0,0.14999999999999997,10
compositional,detour,exposed,random,3,10,0.13,0.048282911194511356,0.0,0.0,0.14999999999999997,10
compositional,detour,exposed,random,4,10,0.13,0.048282911194511356,0.0,0.0,0.14999999999999997,10
compositional,detour,exposed,random,5,10,0.13,0.048282911194511356,0.0,0.0,0.14999999999999997,10
compositional,detour,exposed,random,6,10,0.13,0.048282911194511356,0.0,0.0,0.14999999999999997,10
compositional,detour,exposed,random,7,10,0.13,0.048282911194511356,0.0,0.0,0.14999999999999997,10
compositional,detour,exposed,random,8,5,0.12000000000000002,0.06573676311525133,0.0,0.0,0.14999999999999997,10
compositional,detour,exposed,random,8,10,0.13,0.048282911194511356,0.0,0.0,0.14999999999999997,10
compositional,detour,exposed,random,8,25,0.14999999999999997,0.026337917609264336,0.0,0.0,0.14999999999999997,10
compositional,detour,exposed,recurrence,0,10,0.195,0.05183253216332726,0.0,0.0,0.14999999999999997,10
compositional,detour,exposed,recurrence,1,10,0.23000000000000004,0.045243143257081966,0.0,0.0,0.14999999999999997,10
compositional,detour,exposed,recurrence,2,10,0.525,0.08303140619475577,0.43999999999999995,0.08564388794429337,0.14999999999999997,10
compositional,detour,exposed,recurrence,3,10,0.615,0.0716349768237131,0.5599999999999998,0.09048628651416392,0.14999999999999997,10
compositional,detour,exposed,recurrence,4,10,0.45999999999999996,0.06486603906680426,0.22000000000000003,0.086305240529583,0.14999999999999997,10
compositional,detour,exposed,recurrence,5,10,0.58,0.07388174355966146,0.45499999999999996,0.09604922658770136,0.14999999999999997,10
compositional,detour,exposed,recurrence,6,10,0.6699999999999999,0.09111249666087448,0.6000000000000001,0.1272986943894752,0.14999999999999997,10
compositional,detour,exposed,recurrence,7,10,0.565,0.05853020497757159,0.32999999999999996,0.09567852189852508,0.14999999999999997,10
compositional,detour,exposed,recurrence,8,5,0.7300000000000001,0.048282911194511356,0.62,0.05642811372291081,0.14999999999999997,10
compositional,detour,exposed,recurrence,8,10,0.58,0.06353758354890778,0.355,0.10179707232843443,0.14999999999999997,10
compositional,detour,exposed,recurrence,8,25,0.39,0.024550167076189195,0.11600000000000002,0.04613913406482696,0.14999999999999997,10
compositional,detour,exposed,similarity,0,10,0.135,0.047839260949262545,0.0,0.0,0.14999999999999997,10
compositional,detour,exposed,similarity,1,10,0.135,0.047839260949262545,0.0,0.0,0.14999999999999997,10
compositional,detour,exposed,similarity,2,10,0.135,0.047839260949262545,0.0,0.0,0.14999999999999997,10
compositional,detour,exposed,similarity,3,10,0.135,0.047839260949262545,0.0,0.0,0.14999999999999997,10
compositional,detour,exposed,similarity,4,10,0.135,0.047839260949262545,0.0,0.0,0.14999999999999997,10
compositional,detour,exposed,similarity,5,10,0.135,0.047839260949262545,0.0,0.0,0.14999999999999997,10
compositional,detour,exposed,similarity,6,10,0.135,0.047839260949262545,0.0,0.0,0.14999999999999997,10
compositional,detour,exposed,similarity,7,10,0.135,0.047839260949262545,0.0,0.0,0.14999999999999997,10
compositional,detour,exposed,similarity,8,5,0.09,0.0527836671332623,0.0,0.0,0.14999999999999997,10
compositional,detour,exposed,similarity,8,10,0.135,0.047839260949262545,0.0,0.0,0.14999999999999997,10
compositional,detour,exposed,similarity,8,25,0.186,0.043735038481845914,0.0,0.0,0.14999999999999997,10
compositional,detour,exposed,value_profile,0,10,0.195,0.05183253216332726,0.0,0.0,0.14999999999999997,10
compositional,detour,exposed,value_profile,1,10,0.28500000000000003,0.09087817352110696,0.0,0.0,0.14999999999999997,10
compositional,detour,exposed,value_profile,2,10,0.5999999999999999,0.11435770667194446,0.5999999999999999,0.11435770667194446,0.14999999999999997,10
compositional,detour,exposed,value_profile,3,10,0.6,0.0734959354732514,0.575,0.08801765118194879,0.14999999999999997,10
compositional,detour,exposed,value_profile,4,10,0.5199999999999999,0.07578132707370469,0.14999999999999997,0.11056578390423417,0.14999999999999997,10
compositional,detour,exposed,value_profile,5,10,0.6799999999999999,0.06573676311525133,0.6399999999999999,0.07310809141785257,0.14999999999999997,10
compositional,detour,exposed,value_profile,6,10,0.5499999999999999,0.0653028523461527,0.35,0.11184404352487458,0.14999999999999997,10
compositional,detour,exposed,value_profile,7,10,0.5199999999999999,0.07578132707370469,0.10999999999999999,0.1128562274458216,0.14999999999999997,10
compositional,detour,exposed,value_profile,8,5,0.9,0.07540523876180329,0.8,0.15081047752360657,0.14999999999999997,10
compositional,detour,exposed,value_profile,8,10,0.5199999999999999,0.07578132707370469,0.14499999999999996,0.11367199061055704,0.14999999999999997,10
compositional,detour,exposed,value_profile,8,25,0.38,0.03990070186303592,0.172,0.03706380347328449,0.14999999999999997,10
compositional,detour,holdout,association_only,0,10,0.34500000000000003,0.07436118884757448,0.0,0.0,0.14999999999999997,10
compositional,detour,holdout,association_only,1,10,0.4149999999999999,0.06091044570804565,0.0,0.0,0.14999999999999997,10
compositional,detour,holdout,association_only,2,10,0.99,0.01508104775236067,0.99,0.01508104775236067,0.14999999999999997,10
compositional,detour,holdout,association_only,3,10,0.82,0.051142321173889824,0.765,0.07917550069989347,0.14999999999999997,10
compositional,detour,holdout,association_only,4,10,0.5999999999999999,0.047690460399222645,0.22000000000000003,0.0812139276107275,0.14999999999999997,10
compositional,detour,holdout,association_only,5,10,0.8400000000000001,0.04396843198393991,0.74,0.06911004288443634,0.14999999999999997,10
compositional,detour,holdout,association_only,6,10,0.735,0.024141455597255702,0.5549999999999999,0.05183253216332728,0.14999999999999997,10
compositional,detour,holdout,association_only,7,10,0.58,0.05385011157546033,0.18,0.09265950868321117,0.14999999999999997,10
compositional,detour,holdout,association_only,8,5,0.8400000000000001,0.06911004288443635,0.68,0.1382200857688727,0.14999999999999997,10
compositional,detour,holdout,association_only,8,10,0.565,0.0585302049775716,0.16999999999999996,0.09418111302724298,0.14999999999999997,10
compositional,detour,holdout,association_only,8,25,0.48600000000000004,0.0381821632230362,0.22199999999999998,0.045468796244222835,0.14999999999999997,10
compositional,detour,holdout,clustering,0,10,0.19,0.040606963805363765,0.0,0.0,0.14999999999999997,10
compositional,detour,holdout,clustering,1,10,0.19,0.040606963805363765,0.0,0.0,0.14999999999999997,10
compositional,detour,holdout,clustering,2,10,0.19,0.040606963805363765,0.0,0.0,0.14999999999999997,10
compositional,detour,holdout,clustering,3,10,0.19,0.040606963805363765,0.0,0.0,0.14999999999999997,10
compositional,detour,holdout,clustering,4,10,0.19,0.040606963805363765,0.0,0.0,0.14999999999999997,10
compositional,detour,holdout,clustering,5,10,0.19,0.040606963805363765,0.0,0.0,0.14999999999999997,10
compositional,detour,holdout,clustering,6,10,0.19,0.040606963805363765,0.0,0.0,0.14999999999999997,10
compositional,detour,holdout,clustering,7,10,0.19,0.040606963805363765,0.0,0.0,0.14999999999999997,10
compositional,detour,holdout,clustering,8,5,0.15000000000000002,0.06079364704696509,0.0,0.0,0.14999999999999997,10
compositional,detour,holdout,clustering,8,10,0.19,0.040606963805363765,0.0,0.0,0.14999999999999997,10
compositional,detour,holdout,clustering,8,25,0.158,0.01712877758885868,0.0,0.0,0.14999999999999997,10
compositional,detour,holdout,competing_models,0,10,0.195,0.05183253216332726,0.0,0.0,0.14999999999999997,10
compositional,detour,holdout,competing_models,1,10,0.30000000000000004,0.0653028523461527,0.0,0.0,0.14999999999999997,10
compositional,detour,holdout,competing_models,2,10,0.6950000000000001,0.12441864395697545,0.6950000000000001,0.12441864395697545,0.14999999999999997,10
compositional,detour,holdout,competing_models,3,10,0.63,0.08294576263798363,0.63,0.08294576263798363,0.14999999999999997,10
compositional,detour,holdout,competing_models,4,10,0.5199999999999999,0.07578132707370469,0.16,0.10770022315092068,0.14999999999999997,10
compositional,detour,holdout,competing_models,5,10,0.6799999999999999,0.0564281137229108,0.6799999999999999,0.0564281137229108,0.14999999999999997,10
compositional,detour,holdout,competing_models,6,10,0.6599999999999999,0.08051076348728785,0.6599999999999999,0.08051076348728785,0.14999999999999997,10
compositional,detour,holdout,competing_models,7,10,0.6100000000000001,0.09048628651416397,0.5900000000000001,0.11778674832020763,0.14999999999999997,10
compositional,detour,holdout,competing_models,8,5,0.9200000000000002,0.06573676311525131,0.9200000000000002,0.06573676311525131,0.14999999999999997,10
compositional,detour,holdout,competing_models,8,10,0.625,0.08130139551718843,0.625,0.08130139551718843,0.14999999999999997,10
compositional,detour,holdout,competing_models,8,25,0.5999999999999999,8.371663225071135e-17,0.5999999999999999,8.371663225071135e-17,0.14999999999999997,10
compositional,detour,holdout,context_oracle,0,10,0.635,0.0696223556258885,0.635,0.0696223556258885,0.14999999999999997,10
compositional,detour,holdout,context_oracle,1,10,0.5999999999999999,0.05058337191929824,0.5999999999999999,0.05058337191929824,0.14999999999999997,10
compositional,detour,holdout,context_oracle,2,10,0.585,0.047839260949262524,0.585,0.047839260949262524,0.14999999999999997,10
compositional,detour,holdout,context_oracle,3,10,0.5799999999999998,0.053850111575460304,0.5799999999999998,0.053850111575460304,0.14999999999999997,10
compositional,detour,holdout,context_oracle,4,10,0.5799999999999998,0.06353758354890776,0.5799999999999998,0.06353758354890776,0.14999999999999997,10
compositional,detour,holdout,context_oracle,5,10,0.595,0.061836893494153375,0.595,0.061836893494153375,0.14999999999999997,10
compositional,detour,holdout,context_oracle,6,10,0.6049999999999999,0.07624882889894678,0.6049999999999999,0.07624882889894678,0.14999999999999997,10
compositional,detour,holdout,context_oracle,7,10,0.5799999999999998,0.03844927838735578,0.5799999999999998,0.03844927838735578,0.14999999999999997,10
compositional,detour,holdout,context_oracle,8,5,0.53,0.0829457626379836,0.53,0.0829457626379836,0.14999999999999997,10
compositional,detour,holdout,context_oracle,8,10,0.5999999999999999,0.07540523876180329,0.5999999999999999,0.07540523876180329,0.14999999999999997,10
compositional,detour,holdout,context_oracle,8,25,0.5999999999999999,8.371663225071135e-17,0.5999999999999999,8.371663225071135e-17,0.14999999999999997,10
compositional,detour,holdout,delta_only,0,10,0.18000000000000002,0.03016209550472132,0.0,0.0,0.14999999999999997,10
compositional,detour,holdout,delta_only,1,10,0.19,0.04709055651362149,0.0,0.0,0.14999999999999997,10
compositional,detour,holdout,delta_only,2,10,0.4,0.05592202176243729,0.4,0.05592202176243729,0.14999999999999997,10
compositional,detour,holdout,delta_only,3,10,0.5199999999999999,0.07578132707370469,0.475,0.08130139551718839,0.14999999999999997,10
compositional,detour,holdout,delta_only,4,10,0.5199999999999999,0.07578132707370469,0.48999999999999994,0.07310809141785256,0.14999999999999997,10
compositional,detour,holdout,delta_only,5,10,0.5,0.06744449589239769,0.41500000000000004,0.05345268834627581,0.14999999999999997,10
compositional,detour,holdout,delta_only,6,10,0.5149999999999999,0.06754979571591212,0.31999999999999995,0.09860514467287698,0.14999999999999997,10
compositional,detour,holdout,delta_only,7,10,0.5149999999999999,0.06754979571591212,0.325,0.10010737701426922,0.14999999999999997,10
compositional,detour,holdout,delta_only,8,5,0.37,0.1170604099551432,0.12,0.1297320781336085,0.14999999999999997,10
compositional,detour,holdout,delta_only,8,10,0.395,0.0899347759298409,0.24,0.09204382406636306,0.14999999999999997,10
compositional,detour,holdout,delta_only,8,25,0.22200000000000003,0.02473475739766136,0.024000000000000007,0.01758737279357597,0.14999999999999997,10
compositional,detour,holdout,frequency,0,10,0.225,0.05128110656114111,0.0,0.0,0.14999999999999997,10
compositional,detour,holdout,frequency,1,10,0.225,0.05128110656114111,0.0,0.0,0.14999999999999997,10
compositional,detour,holdout,frequency,2,10,0.225,0.05128110656114111,0.0,0.0,0.14999999999999997,10
compositional,detour,holdout,frequency,3,10,0.22000000000000003,0.04828291119451135,0.0,0.0,0.14999999999999997,10
compositional,detour,holdout,frequency,4,10,0.22999999999999998,0.04828291119451135,0.0,0.0,0.14999999999999997,10
compositional,detour,holdout,frequency,5,10,0.22999999999999998,0.04828291119451135,0.0,0.0,0.14999999999999997,10
compositional,detour,holdout,frequency,6,10,0.22000000000000003,0.04828291119451135,0.0,0.0,0.14999999999999997,10
compositional,detour,holdout,frequency,7,10,0.225,0.045399965714333454,0.0,0.0,0.14999999999999997,10
compositional,detour,holdout,frequency,8,5,0.19,0.08564388794429341,0.0,0.0,0.14999999999999997,10
compositional,detour,holdout,frequency,8,10,0.225,0.05128110656114111,0.0,0.0,0.14999999999999997,10
compositional,detour,holdout,frequency,8,25,0.264,0.025054518227513208,0.0,0.0,0.14999999999999997,10
compositional,detour,holdout,mdi,0,10,0.35500000000000004,0.07242436679176703,0.0,0.0,0.14999999999999997,10
compositional,detour,holdout,mdi,1,10,0.38,0.06353758354890779,0.0,0.0,0.14999999999999997,10
compositional,detour,holdout,mdi,2,10,0.835,0.0585302049775716,0.835,0.0585302049775716,0.14999999999999997,10
compositional,detour,holdout,mdi,3,10,0.8100000000000002,0.06702164221990092,0.8,0.0754052387618033,0.14999999999999997,10
compositional,detour,holdout,mdi,4,10,0.66,0.0670216422199009,0.38999999999999996,0.13255031347046634,0.14999999999999997,10
compositional,detour,holdout,mdi,5,10,0.8700000000000001,0.0588933741601038,0.8700000000000001,0.0588933741601038,0.14999999999999997,10
compositional,detour,holdout,mdi,6,10,0.835,0.05345268834627584,0.835,0.05345268834627584,0.14999999999999997,10
compositional,detour,holdout,mdi,7,10,0.53,0.06992794168387284,0.11500000000000002,0.10933759620461476,0.14999999999999997,10
compositional,detour,holdout,mdi,8,5,0.8800000000000001,0.06573676311525131,0.78,0.12527259113756603,0.14999999999999997,10
compositional,detour,holdout,mdi,8,10,0.55,0.06079364704696508,0.175,0.10010737701426924,0.14999999999999997,10
compositional,detour,holdout,mdi,8,25,0.5,0.023363458715300663,0.2859999999999999,0.03442313156614022,0.14999999999999997,10
compositional,detour,holdout,mdi_decay0,0,10,0.35500000000000004,0.07242436679176703,0.0,0.0,0.14999999999999997,10
compositional,detour,holdout,mdi_decay0,1,10,0.385,0.07163497682371311,0.0,0.0,0.14999999999999997,10
compositional,detour,holdout,mdi_decay0,2,10,0.845,0.05949372988282917,0.845,0.05949372988282917,0.14999999999999997,10
compositional,detour,holdout,mdi_decay0,3,10,0.8099999999999999,0.06911004288443635,0.8049999999999999,0.07242436679176704,0.14999999999999997,10
compositional,detour,holdout,mdi_decay0,4,10,0.805,0.04901340519517214,0.7100000000000001,0.09048628651416393,0.14999999999999997,10
compositional,detour,holdout,mdi_decay0,5,10,0.8800000000000001,0.04828291119451134,0.8800000000000001,0.04828291119451134,0.14999999999999997,10
compositional,detour,holdout,mdi_decay0,6,10,0.85,0.047690460399222645,0.85,0.047690460399222645,0.14999999999999997,10
compositional,detour,holdout,mdi_decay0,7,10,0.5449999999999999,0.07242436679176702,0.185,0.09982298048220058,0.14999999999999997,10
compositional,detour,holdout,mdi_decay0,8,5,0.9,0.06744449589239768,0.8300000000000001,0.1264022135563931,0.14999999999999997,10
compositional,detour,holdout,mdi_decay0,8,10,0.54,0.07113715997370754,0.21000000000000002,0.10502734436081705,0.14999999999999997,10
compositional,detour,holdout,mdi_decay0,8,25,0.53,0.021592774316502604,0.31399999999999995,0.03442313156614022,0.14999999999999997,10
compositional,detour,holdout,mdi_decay020,0,10,0.35500000000000004,0.07242436679176703,0.0,0.0,0.14999999999999997,10
compositional,detour,holdout,mdi_decay020,1,10,0.385,0.060910445708045664,0.0,0.0,0.14999999999999997,10
compositional,detour,holdout,mdi_decay020,2,10,0.8300000000000001,0.03455502144221818,0.8300000000000001,0.03455502144221818,0.14999999999999997,10
compositional,detour,holdout,mdi_decay020,3,10,0.775,0.07397788119767552,0.765,0.07917550069989347,0.14999999999999997,10
compositional,detour,holdout,mdi_decay020,4,10,0.575,0.059013933905847984,0.2,0.10116674383859654,0.14999999999999997,10
compositional,detour,holdout,mdi_decay020,5,10,0.8300000000000001,0.05642811372291082,0.8300000000000001,0.05642811372291082,0.14999999999999997,10
compositional,detour,holdout,mdi_decay020,6,10,0.8,0.06079364704696509,0.8,0.06079364704696509,0.14999999999999997,10
compositional,detour,holdout,mdi_decay020,7,10,0.51,0.06702164221990091,0.08499999999999999,0.0983886676945753,0.14999999999999997,10
compositional,detour,holdout,mdi_decay020,8,5,0.85,0.09079993142866694,0.73,0.15835100139978692,0.14999999999999997,10
compositional,detour,holdout,mdi_decay020,8,10,0.5299999999999999,0.06992794168387287,0.125,0.10428029266158455,0.14999999999999997,10
compositional,detour,holdout,mdi_decay020,8,25,0.45199999999999996,0.028772805298835493,0.23999999999999994,0.041024885248912894,0.14999999999999997,10
compositional,detour,holdout,mdi_no_novelty,0,10,0.34,0.06911004288443635,0.0,0.0,0.14999999999999997,10
compositional,detour,holdout,mdi_no_novelty,1,10,0.35,0.06744449589239769,0.0,0.0,0.14999999999999997,10
compositional,detour,holdout,mdi_no_novelty,2,10,0.8099999999999999,0.05541130766974611,0.8099999999999999,0.05541130766974611,0.14999999999999997,10
compositional,detour,holdout,mdi_no_novelty,3,10,0.7649999999999999,0.08605782891535053,0.7649999999999999,0.08605782891535053,0.14999999999999997,10
compositional,detour,holdout,mdi_no_novelty,4,10,0.6100000000000001,0.06911004288443635,0.305,0.12555594954333646,0.14999999999999997,10
compositional,detour,holdout,mdi_no_novelty,5,10,0.825,0.05398193579125648,0.825,0.05398193579125648,0.14999999999999997,10
compositional,detour,holdout,mdi_no_novelty,6,10,0.7950000000000002,0.06409445294753281,0.7950000000000002,0.06409445294753281,0.14999999999999997,10
compositional,detour,holdout,mdi_no_novelty,7,10,0.5199999999999999,0.07578132707370469,0.11000000000000001,0.11534783516206741,0.14999999999999997,10
compositional,detour,holdout,mdi_no_novelty,8,5,0.8800000000000001,0.06573676311525131,0.7700000000000001,0.1264022135563931,0.14999999999999997,10
compositional,detour,holdout,mdi_no_novelty,8,10,0.53,0.07193201324708874,0.14500000000000002,0.11367199061055704,0.14999999999999997,10
compositional,detour,holdout,mdi_no_novelty,8,25,0.476,0.0335870880918926,0.26,0.04623761685364457,0.14999999999999997,10
compositional,detour,holdout,mdi_original,0,10,0.39,0.05791986290822425,0.0,0.0,0.14999999999999997,10
compositional,detour,holdout,mdi_original,1,10,0.39999999999999997,0.050583371919298264,0.0,0.0,0.14999999999999997,10
compositional,detour,holdout,mdi_original,2,10,0.9299999999999999,0.051142321173889796,0.9299999999999999,0.051142321173889796,0.14999999999999997,10
compositional,detour,holdout,mdi_original,3,10,0.8399999999999999,0.08225740415878824,0.79,0.11534783516206741,0.14999999999999997,10
compositional,detour,holdout,mdi_original,4,10,0.615,0.06754979571591213,0.255,0.1394996917093361,0.14999999999999997,10
compositional,detour,holdout,mdi_original,5,10,0.7949999999999999,0.05450604454644076,0.6649999999999999,0.11317067839644716,0.14999999999999997,10
compositional,detour,holdout,mdi_original,6,10,0.7200000000000001,0.06573676311525134,0.51,0.12135324711253757,0.14999999999999997,10
compositional,detour,holdout,mdi_original,7,10,0.5549999999999999,0.04602191203318151,0.13999999999999999,0.07310809141785254,0.14999999999999997,10
compositional,detour,holdout,mdi_original,8,5,0.76,0.0839677202297315,0.5200000000000001,0.167935440459463,0.14999999999999997,10
compositional,detour,holdout,mdi_original,8,10,0.5349999999999999,0.053452688346275805,0.14499999999999996,0.07809085356235446,0.14999999999999997,10
compositional,detour,holdout,mdi_original,8,25,0.45,0.037094472740818736,0.164,0.038626328955609086,0.14999999999999997,10
compositional,detour,holdout,mdi_reset,0,10,0.35500000000000004,0.07242436679176703,0.0,0.0,0.14999999999999997,10
compositional,detour,holdout,mdi_reset,1,10,0.35500000000000004,0.07242436679176703,0.0,0.0,0.14999999999999997,10
compositional,detour,holdout,mdi_reset,2,10,0.35500000000000004,0.07242436679176703,0.0,0.0,0.14999999999999997,10
compositional,detour,holdout,mdi_reset,3,10,0.35500000000000004,0.07242436679176703,0.0,0.0,0.14999999999999997,10
compositional,detour,holdout,mdi_reset,4,10,0.35500000000000004,0.07242436679176703,0.0,0.0,0.14999999999999997,10
compositional,detour,holdout,mdi_reset,5,10,0.35500000000000004,0.07242436679176703,0.0,0.0,0.14999999999999997,10
compositional,detour,holdout,mdi_reset,6,10,0.35500000000000004,0.07242436679176703,0.0,0.0,0.14999999999999997,10
compositional,detour,holdout,mdi_reset,7,10,0.35500000000000004,0.07242436679176703,0.0,0.0,0.14999999999999997,10
compositional,detour,holdout,mdi_reset,8,5,0.38,0.12064838201888528,0.0,0.0,0.14999999999999997,10
compositional,detour,holdout,mdi_reset,8,10,0.35500000000000004,0.07242436679176703,0.0,0.0,0.14999999999999997,10
compositional,detour,holdout,mdi_reset,8,25,0.32999999999999996,0.03455502144221818,0.0,0.0,0.14999999999999997,10
compositional,detour,holdout,mdi_with_delta,0,10,0.35500000000000004,0.07624882889894678,0.0,0.0,0.14999999999999997,10
compositional,detour,holdout,mdi_with_delta,1,10,0.375,0.042152809932748565,0.0,0.0,0.14999999999999997,10
compositional,detour,holdout,mdi_with_delta,2,10,0.7949999999999999,0.07043430558720785,0.7949999999999999,0.07043430558720785,0.14999999999999997,10
compositional,detour,holdout,mdi_with_delta,3,10,0.585,0.06091044570804563,0.49000000000000005,0.052783667133262296,0.14999999999999997,10
compositional,detour,holdout,mdi_with_delta,4,10,0.525,0.07397788119767551,0.21000000000000002,0.12367378698830676,0.14999999999999997,10
compositional,detour,holdout,mdi_with_delta,5,10,0.74,0.050018176840012966,0.6950000000000001,0.05949372988282917,0.14999999999999997,10
compositional,detour,holdout,mdi_with_delta,6,10,0.5399999999999999,0.0750272652600194,0.3,0.10256221312228223,0.14999999999999997,10
compositional,detour,holdout,mdi_with_delta,7,10,0.5199999999999999,0.07578132707370469,0.1,0.11681729357650326,0.14999999999999997,10
compositional,detour,holdout,mdi_with_delta,8,5,0.78,0.094181113027243,0.57,0.17860061501457603,0.14999999999999997,10
compositional,detour,holdout,mdi_with_delta,8,10,0.525,0.07203075318821234,0.175,0.13195916783315578,0.14999999999999997,10
compositional,detour,holdout,mdi_with_delta,8,25,0.372,0.03385686823374649,0.142,0.02282176643026499,0.14999999999999997,10
compositional,detour,holdout,predicate_match,0,10,0.195,0.05183253216332726,0.0,0.0,0.14999999999999997,10
compositional,detour,holdout,predicate_match,1,10,0.255,0.02639183356663115,0.0,0.0,0.14999999999999997,10
compositional,detour,holdout,predicate_match,2,10,0.575,0.06364934719473757,0.575,0.06364934719473757,0.14999999999999997,10
compositional,detour,holdout,predicate_match,3,10,0.76,0.052783667133262324,0.76,0.052783667133262324,0.14999999999999997,10
compositional,detour,holdout,predicate_match,4,10,0.525,0.07397788119767551,0.14,0.11410883215132492,0.14999999999999997,10
compositional,detour,holdout,predicate_match,5,10,0.6449999999999999,0.04901340519517211,0.6449999999999999,0.04901340519517211,0.14999999999999997,10
compositional,detour,holdout,predicate_match,6,10,0.7299999999999999,0.07388174355966151,0.7299999999999999,0.07388174355966151,0.14999999999999997,10
compositional,detour,holdout,predicate_match,7,10,0.5199999999999999,0.07578132707370469,0.14,0.1177867483202076,0.14999999999999997,10
compositional,detour,holdout,predicate_match,8,5,0.85,0.09079993142866694,0.79,0.13677271514327632,0.14999999999999997,10
compositional,detour,holdout,predicate_match,8,10,0.5650000000000001,0.06320110677819658,0.24,0.11030835448881723,0.14999999999999997,10
compositional,detour,holdout,predicate_match,8,25,0.48,0.03304092017912207,0.272,0.035815504008496965,0.14999999999999997,10
compositional,detour,holdout,random,0,10,0.13,0.048282911194511356,0.0,0.0,0.14999999999999997,10
compositional,detour,holdout,random,1,10,0.13,0.048282911194511356,0.0,0.0,0.14999999999999997,10
compositional,detour,holdout,random,2,10,0.13,0.048282911194511356,0.0,0.0,0.14999999999999997,10
compositional,detour,holdout,random,3,10,0.13,0.048282911194511356,0.0,0.0,0.14999999999999997,10
compositional,detour,holdout,random,4,10,0.13,0.048282911194511356,0.0,0.0,0.14999999999999997,10
compositional,detour,holdout,random,5,10,0.13,0.048282911194511356,0.0,0.0,0.14999999999999997,10
compositional,detour,holdout,random,6,10,0.13,0.048282911194511356,0.0,0.0,0.14999999999999997,10
compositional,detour,holdout,random,7,10,0.13,0.048282911194511356,0.0,0.0,0.14999999999999997,10
compositional,detour,holdout,random,8,5,0.12000000000000002,0.06573676311525133,0.0,0.0,0.14999999999999997,10
compositional,detour,holdout,random,8,10,0.13,0.048282911194511356,0.0,0.0,0.14999999999999997,10
compositional,detour,holdout,random,8,25,0.14999999999999997,0.026337917609264336,0.0,0.0,0.14999999999999997,10
compositional,detour,holdout,recurrence,0,10,0.195,0.05183253216332726,0.0,0.0,0.14999999999999997,10
compositional,detour,holdout,recurrence,1,10,0.195,0.05183253216332726,0.0,0.0,0.14999999999999997,10
compositional,detour,holdout,recurrence,2,10,0.195,0.05183253216332726,0.0,0.0,0.14999999999999997,10
compositional,detour,holdout,recurrence,3,10,0.195,0.05183253216332726,0.0,0.0,0.14999999999999997,10
compositional,detour,holdout,recurrence,4,10,0.195,0.05183253216332726,0.0,0.0,0.14999999999999997,10
compositional,detour,holdout,recurrence,5,10,0.195,0.05183253216332726,0.0,0.0,0.14999999999999997,10
compositional,detour,holdout,recurrence,6,10,0.195,0.05183253216332726,0.0,0.0,0.14999999999999997,10
compositional,detour,holdout,recurrence,7,10,0.195,0.05183253216332726,0.0,0.0,0.14999999999999997,10
compositional,detour,holdout,recurrence,8,5,0.22000000000000003,0.07388174355966148,0.0,0.0,0.14999999999999997,10
compositional,detour,holdout,recurrence,8,10,0.195,0.05183253216332726,0.0,0.0,0.14999999999999997,10
compositional,detour,holdout,recurrence,8,25,0.16599999999999998,0.029437030845301346,0.0,0.0,0.14999999999999997,10
compositional,detour,holdout,similarity,0,10,0.135,0.047839260949262545,0.0,0.0,0.14999999999999997,10
compositional,detour,holdout,similarity,1,10,0.135,0.047839260949262545,0.0,0.0,0.14999999999999997,10
compositional,detour,holdout,similarity,2,10,0.135,0.047839260949262545,0.0,0.0,0.14999999999999997,10
compositional,detour,holdout,similarity,3,10,0.135,0.047839260949262545,0.0,0.0,0.14999999999999997,10
compositional,detour,holdout,similarity,4,10,0.135,0.047839260949262545,0.0,0.0,0.14999999999999997,10
compositional,detour,holdout,similarity,5,10,0.135,0.047839260949262545,0.0,0.0,0.14999999999999997,10
compositional,detour,holdout,similarity,6,10,0.135,0.047839260949262545,0.0,0.0,0.14999999999999997,10
compositional,detour,holdout,similarity,7,10,0.135,0.047839260949262545,0.0,0.0,0.14999999999999997,10
compositional,detour,holdout,similarity,8,5,0.09,0.0527836671332623,0.0,0.0,0.14999999999999997,10
compositional,detour,holdout,similarity,8,10,0.135,0.047839260949262545,0.0,0.0,0.14999999999999997,10
compositional,detour,holdout,similarity,8,25,0.186,0.043735038481845914,0.0,0.0,0.14999999999999997,10
compositional,detour,holdout,value_profile,0,10,0.195,0.05183253216332726,0.0,0.0,0.14999999999999997,10
compositional,detour,holdout,value_profile,1,10,0.25000000000000006,0.09079993142866694,0.0,0.0,0.14999999999999997,10
compositional,detour,holdout,value_profile,2,10,0.6050000000000001,0.11976146691464538,0.6050000000000001,0.11976146691464538,0.14999999999999997,10
compositional,detour,holdout,value_profile,3,10,0.5599999999999999,0.07310809141785256,0.505,0.09455768835192288,0.14999999999999997,10
compositional,detour,holdout,value_profile,4,10,0.5199999999999999,0.07578132707370469,0.125,0.11712111019772654,0.14999999999999997,10
compositional,detour,holdout,value_profile,5,10,0.6699999999999999,0.06125950556116343,0.6199999999999999,0.0738817435596615,0.14999999999999997,10
compositional,detour,holdout,value_profile,6,10,0.5199999999999999,0.07578132707370469,0.29500000000000004,0.11491570367448825,0.14999999999999997,10
compositional,detour,holdout,value_profile,7,10,0.5199999999999999,0.07578132707370469,0.10499999999999998,0.11736359722791072,0.14999999999999997,10
compositional,detour,holdout,value_profile,8,5,0.9,0.07540523876180329,0.8,0.15081047752360657,0.14999999999999997,10
compositional,detour,holdout,value_profile,8,10,0.5199999999999999,0.07578132707370469,0.125,0.11832857624252999,0.14999999999999997,10
compositional,detour,holdout,value_profile,8,25,0.376,0.036194514605665584,0.16799999999999998,0.03317830505519345,0.14999999999999997,10
compositional,null,exposed,association_only,0,10,0.34500000000000003,0.07436118884757448,0.0,0.0,0.14999999999999997,10
compositional,null,exposed,association_only,1,10,0.425,0.05655392907135247,0.0,0.0,0.14999999999999997,10
compositional,null,exposed,association_only,2,10,0.40499999999999997,0.05705441607566246,0.0,0.0,0.14999999999999997,10
compositional,null,exposed,association_only,3,10,0.425,0.05655392907135247,0.0,0.0,0.14999999999999997,10
compositional,null,exposed,association_only,4,10,0.47000000000000003,0.02500908842000647,0.0,0.0,0.14999999999999997,10
compositional,null,exposed,association_only,5,10,0.45,0.05331955566546181,0.0,0.0,0.14999999999999997,10
compositional,null,exposed,association_only,6,10,0.4600000000000001,0.03286838155762566,0.0,0.0,0.14999999999999997,10
compositional,null,exposed,association_only,7,10,0.48,0.018470435889915374,0.0,0.0,0.14999999999999997,10
compositional,null,exposed,association_only,8,5,0.48,0.030162095504721306,0.0,0.0,0.14999999999999997,10
compositional,null,exposed,association_only,8,10,0.4600000000000001,0.032868381557625656,0.0,0.0,0.14999999999999997,10
compositional,null,exposed,association_only,8,25,0.43600000000000005,0.025946415626721696,0.0,0.0,0.14999999999999997,10
compositional,null,exposed,clustering,0,10,0.19,0.040606963805363765,0.0,0.0,0.14999999999999997,10
compositional,null,exposed,clustering,1,10,0.19,0.040606963805363765,0.0,0.0,0.14999999999999997,10
compositional,null,exposed,clustering,2,10,0.19,0.040606963805363765,0.0,0.0,0.14999999999999997,10
compositional,null,exposed,clustering,3,10,0.19,0.040606963805363765,0.0,0.0,0.14999999999999997,10
compositional,null,exposed,clustering,4,10,0.19,0.040606963805363765,0.0,0.0,0.14999999999999997,10
compositional,null,exposed,clustering,5,10,0.19,0.040606963805363765,0.0,0.0,0.14999999999999997,10
compositional,null,exposed,clustering,6,10,0.19,0.040606963805363765,0.0,0.0,0.14999999999999997,10
compositional,null,exposed,clustering,7,10,0.19,0.040606963805363765,0.0,0.0,0.14999999999999997,10
compositional,null,exposed,clustering,8,5,0.15000000000000002,0.06079364704696509,0.0,0.0,0.14999999999999997,10
compositional,null,exposed,clustering,8,10,0.19,0.040606963805363765,0.0,0.0,0.14999999999999997,10
compositional,null,exposed,clustering,8,25,0.158,0.01712877758885868,0.0,0.0,0.14999999999999997,10
compositional,null,exposed,competing_models,0,10,0.195,0.05183253216332726,0.0,0.0,0.14999999999999997,10
compositional,null,exposed,competing_models,1,10,0.33999999999999997,0.08051076348728783,0.0,0.0,0.14999999999999997,10
compositional,null,exposed,competing_models,2,10,0.265,0.07549943647343582,0.0,0.0,0.14999999999999997,10
compositional,null,exposed,competing_models,3,10,0.29,0.05278366713326231,0.0,0.0,0.14999999999999997,10
compositional,null,exposed,competing_models,4,10,0.30500000000000005,0.059493729882829166,0.0,0.0,0.14999999999999997,10
compositional,null,exposed,competing_models,5,10,0.255,0.07436118884757448,0.0,0.0,0.14999999999999997,10
compositional,null,exposed,competing_models,6,10,0.29000000000000004,0.06263629556878302,0.0,0.0,0.14999999999999997,10
compositional,null,exposed,competing_models,7,10,0.29000000000000004,0.08051076348728783,0.0,0.0,0.14999999999999997,10
compositional,null,exposed,competing_models,8,5,0.25,0.09079993142866694,0.0,0.0,0.14999999999999997,10
compositional,null,exposed,competing_models,8,10,0.29000000000000004,0.07502726526001942,0.0,0.0,0.14999999999999997,10
compositional,null,exposed,competing_models,8,25,0.29,0.03770261938090165,0.0,0.0,0.14999999999999997,10
compositional,null,exposed,context_oracle,0,10,0.635,0.0696223556258885,0.635,0.0696223556258885,0.14999999999999997,10
compositional,null,exposed,context_oracle,1,10,0.5999999999999999,0.05058337191929824,0.5999999999999999,0.05058337191929824,0.14999999999999997,10
compositional,null,exposed,context_oracle,2,10,0.585,0.047839260949262524,0.585,0.047839260949262524,0.14999999999999997,10
compositional,null,exposed,context_oracle,3,10,0.5799999999999998,0.053850111575460304,0.5799999999999998,0.053850111575460304,0.14999999999999997,10
compositional,null,exposed,context_oracle,4,10,0.5799999999999998,0.06353758354890776,0.5799999999999998,0.06353758354890776,0.14999999999999997,10
compositional,null,exposed,context_oracle,5,10,0.595,0.061836893494153375,0.595,0.061836893494153375,0.14999999999999997,10
compositional,null,exposed,context_oracle,6,10,0.6049999999999999,0.07624882889894678,0.6049999999999999,0.07624882889894678,0.14999999999999997,10
compositional,null,exposed,context_oracle,7,10,0.5799999999999998,0.03844927838735578,0.5799999999999998,0.03844927838735578,0.14999999999999997,10
compositional,null,exposed,context_oracle,8,5,0.53,0.0829457626379836,0.53,0.0829457626379836,0.14999999999999997,10
compositional,null,exposed,context_oracle,8,10,0.5999999999999999,0.07540523876180329,0.5999999999999999,0.07540523876180329,0.14999999999999997,10
compositional,null,exposed,context_oracle,8,25,0.5999999999999999,8.371663225071135e-17,0.5999999999999999,8.371663225071135e-17,0.14999999999999997,10
compositional,null,exposed,delta_only,0,10,0.18000000000000002,0.03016209550472132,0.0,0.0,0.14999999999999997,10
compositional,null,exposed,delta_only,1,10,0.19,0.04709055651362149,0.0,0.0,0.14999999999999997,10
compositional,null,exposed,delta_only,2,10,0.195,0.02639183356663115,0.0,0.0,0.14999999999999997,10
compositional,null,exposed,delta_only,3,10,0.19,0.05001817684001294,0.0,0.0,0.14999999999999997,10
compositional,null,exposed,delta_only,4,10,0.20500000000000002,0.059493729882829166,0.0,0.0,0.14999999999999997,10
compositional,null,exposed,delta_only,5,10,0.195,0.057054416075662466,0.0,0.0,0.14999999999999997,10
compositional,null,exposed,delta_only,6,10,0.19,0.0527836671332623,0.0,0.0,0.14999999999999997,10
compositional,null,exposed,delta_only,7,10,0.205,0.04282194397214669,0.0,0.0,0.14999999999999997,10
compositional,null,exposed,delta_only,8,5,0.21000000000000002,0.0787253805050809,0.0,0.0,0.14999999999999997,10
compositional,null,exposed,delta_only,8,10,0.19,0.05791986290822425,0.0,0.0,0.14999999999999997,10
compositional,null,exposed,delta_only,8,25,0.196,0.024129676403777056,0.0,0.0,0.14999999999999997,10
compositional,null,exposed,frequency,0,10,0.225,0.05128110656114111,0.0,0.0,0.14999999999999997,10
compositional,null,exposed,frequency,1,10,0.225,0.05128110656114111,0.0,0.0,0.14999999999999997,10
compositional,null,exposed,frequency,2,10,0.225,0.05128110656114111,0.0,0.0,0.14999999999999997,10
compositional,null,exposed,frequency,3,10,0.22000000000000003,0.04828291119451135,0.0,0.0,0.14999999999999997,10
compositional,null,exposed,frequency,4,10,0.22999999999999998,0.04828291119451135,0.0,0.0,0.14999999999999997,10
compositional,null,exposed,frequency,5,10,0.22999999999999998,0.04828291119451135,0.0,0.0,0.14999999999999997,10
compositional,null,exposed,frequency,6,10,0.22000000000000003,0.04828291119451135,0.0,0.0,0.14999999999999997,10
compositional,null,exposed,frequency,7,10,0.225,0.045399965714333454,0.0,0.0,0.14999999999999997,10
compositional,null,exposed,frequency,8,5,0.19,0.08564388794429341,0.0,0.0,0.14999999999999997,10
compositional,null,exposed,frequency,8,10,0.225,0.05128110656114111,0.0,0.0,0.14999999999999997,10
compositional,null,exposed,frequency,8,25,0.264,0.025054518227513208,0.0,0.0,0.14999999999999997,10
compositional,null,exposed,mdi,0,10,0.35500000000000004,0.07242436679176703,0.0,0.0,0.14999999999999997,10
compositional,null,exposed,mdi,1,10,0.38,0.05889337416010381,0.0,0.0,0.14999999999999997,10
compositional,null,exposed,mdi,2,10,0.36,0.04396843198393993,0.0,0.0,0.14999999999999997,10
compositional,null,exposed,mdi,3,10,0.38,0.048282911194511356,0.0,0.0,0.14999999999999997,10
compositional,null,exposed,mdi,4,10,0.45499999999999996,0.04901340519517213,0.0,0.0,0.14999999999999997,10
compositional,null,exposed,mdi,5,10,0.40499999999999997,0.049013405195172145,0.0,0.0,0.14999999999999997,10
compositional,null,exposed,mdi,6,10,0.41500000000000004,0.0414728813189918,0.0,0.0,0.14999999999999997,10
compositional,null,exposed,mdi,7,10,0.45,0.03770261938090164,0.0,0.0,0.14999999999999997,10
compositional,null,exposed,mdi,8,5,0.44000000000000006,0.06911004288443635,0.0,0.0,0.14999999999999997,10
compositional,null,exposed,mdi,8,10,0.425,0.034760097553861516,0.0,0.0,0.14999999999999997,10
compositional,null,exposed,mdi,8,25,0.372,0.026294705246100534,0.0,0.0,0.14999999999999997,10
compositional,null,exposed,mdi_decay0,0,10,0.35500000000000004,0.07242436679176703,0.0,0.0,0.14999999999999997,10
compositional,null,exposed,mdi_decay0,1,10,0.38,0.05889337416010381,0.0,0.0,0.14999999999999997,10
compositional,null,exposed,mdi_decay0,2,10,0.355,0.042821943972146705,0.0,0.0,0.14999999999999997,10
compositional,null,exposed,mdi_decay0,3,10,0.375,0.05655392907135247,0.0,0.0,0.14999999999999997,10
compositional,null,exposed,mdi_decay0,4,10,0.43499999999999994,0.0414728813189918,0.0,0.0,0.14999999999999997,10
compositional,null,exposed,mdi_decay0,5,10,0.4,0.05058337191929828,0.0,0.0,0.14999999999999997,10
compositional,null,exposed,mdi_decay0,6,10,0.40499999999999997,0.042821943972146705,0.0,0.0,0.14999999999999997,10
compositional,null,exposed,mdi_decay0,7,10,0.445,0.03936269025254046,0.0,0.0,0.14999999999999997,10
compositional,null,exposed,mdi_decay0,8,5,0.44000000000000006,0.06911004288443635,0.0,0.0,0.14999999999999997,10
compositional,null,exposed,mdi_decay0,8,10,0.425,0.04215280993274855,0.0,0.0,0.14999999999999997,10
compositional,null,exposed,mdi_decay0,8,25,0.364,0.02594641562672171,0.0,0.0,0.14999999999999997,10
compositional,null,exposed,mdi_decay020,0,10,0.35500000000000004,0.07242436679176703,0.0,0.0,0.14999999999999997,10
compositional,null,exposed,mdi_decay020,1,10,0.365,0.06320110677819657,0.0,0.0,0.14999999999999997,10
compositional,null,exposed,mdi_decay020,2,10,0.36,0.04060696380536378,0.0,0.0,0.14999999999999997,10
compositional,null,exposed,mdi_decay020,3,10,0.38,0.05889337416010381,0.0,0.0,0.14999999999999997,10
compositional,null,exposed,mdi_decay020,4,10,0.45,0.050583371919298264,0.0,0.0,0.14999999999999997,10
compositional,null,exposed,mdi_decay020,5,10,0.39999999999999997,0.04130115022390259,0.0,0.0,0.14999999999999997,10
compositional,null,exposed,mdi_decay020,6,10,0.40499999999999997,0.04901340519517214,0.0,0.0,0.14999999999999997,10
compositional,null,exposed,mdi_decay020,7,10,0.45499999999999996,0.04602191203318153,0.0,0.0,0.14999999999999997,10
compositional,null,exposed,mdi_decay020,8,5,0.45,0.06952019510772303,0.0,0.0,0.14999999999999997,10
compositional,null,exposed,mdi_decay020,8,10,0.425,0.04842989147725691,0.0,0.0,0.14999999999999997,10
compositional,null,exposed,mdi_decay020,8,25,0.368,0.02714588595424919,0.0,0.0,0.14999999999999997,10
compositional,null,exposed,mdi_no_novelty,0,10,0.34,0.06911004288443635,0.0,0.0,0.14999999999999997,10
compositional,null,exposed,mdi_no_novelty,1,10,0.345,0.059493729882829166,0.0,0.0,0.14999999999999997,10
compositional,null,exposed,mdi_no_novelty,2,10,0.35,0.05592202176243728,0.0,0.0,0.14999999999999997,10
compositional,null,exposed,mdi_no_novelty,3,10,0.35500000000000004,0.05450604454644075,0.0,0.0,0.14999999999999997,10
compositional,null,exposed,mdi_no_novelty,4,10,0.42000000000000004,0.04524314325708199,0.0,0.0,0.14999999999999997,10
compositional,null,exposed,mdi_no_novelty,5,10,0.385,0.056048973167046684,0.0,0.0,0.14999999999999997,10
compositional,null,exposed,mdi_no_novelty,6,10,0.4,0.04130115022390258,0.0,0.0,0.14999999999999997,10
compositional,null,exposed,mdi_no_novelty,7,10,0.4600000000000001,0.032868381557625656,0.0,0.0,0.14999999999999997,10
compositional,null,exposed,mdi_no_novelty,8,5,0.43999999999999995,0.06032419100944261,0.0,0.0,0.14999999999999997,10
compositional,null,exposed,mdi_no_novelty,8,10,0.41,0.05791986290822425,0.0,0.0,0.14999999999999997,10
compositional,null,exposed,mdi_no_novelty,8,25,0.354,0.02528044271127863,0.0,0.0,0.14999999999999997,10
compositional,null,exposed,mdi_original,0,10,0.39,0.05791986290822425,0.0,0.0,0.14999999999999997,10
compositional,null,exposed,mdi_original,1,10,0.41000000000000003,0.04709055651362149,0.0,0.0,0.14999999999999997,10
compositional,null,exposed,mdi_original,2,10,0.355,0.05450604454644075,0.0,0.0,0.14999999999999997,10
compositional,null,exposed,mdi_original,3,10,0.40499999999999997,0.03936269025254046,0.0,0.0,0.14999999999999997,10
compositional,null,exposed,mdi_original,4,10,0.45000000000000007,0.04130115022390258,0.0,0.0,0.14999999999999997,10
compositional,null,exposed,mdi_original,5,10,0.39,0.06032419100944262,0.0,0.0,0.14999999999999997,10
compositional,null,exposed,mdi_original,6,10,0.42000000000000004,0.02500908842000647,0.0,0.0,0.14999999999999997,10
compositional,null,exposed,mdi_original,7,10,0.45500000000000007,0.03131814778439151,0.0,0.0,0.14999999999999997,10
compositional,null,exposed,mdi_original,8,5,0.43000000000000005,0.04828291119451135,0.0,0.0,0.14999999999999997,10
compositional,null,exposed,mdi_original,8,10,0.43,0.0384492783873558,0.0,0.0,0.14999999999999997,10
compositional,null,exposed,mdi_original,8,25,0.346,0.03877325352162717,0.0,0.0,0.14999999999999997,10
compositional,null,exposed,mdi_reset,0,10,0.35500000000000004,0.07242436679176703,0.0,0.0,0.14999999999999997,10
compositional,null,exposed,mdi_reset,1,10,0.35500000000000004,0.07242436679176703,0.0,0.0,0.14999999999999997,10
compositional,null,exposed,mdi_reset,2,10,0.35500000000000004,0.07242436679176703,0.0,0.0,0.14999999999999997,10
compositional,null,exposed,mdi_reset,3,10,0.35500000000000004,0.07242436679176703,0.0,0.0,0.14999999999999997,10
compositional,null,exposed,mdi_reset,4,10,0.35500000000000004,0.07242436679176703,0.0,0.0,0.14999999999999997,10
compositional,null,exposed,mdi_reset,5,10,0.35500000000000004,0.07242436679176703,0.0,0.0,0.14999999999999997,10
compositional,null,exposed,mdi_reset,6,10,0.35500000000000004,0.07242436679176703,0.0,0.0,0.14999999999999997,10
compositional,null,exposed,mdi_reset,7,10,0.35500000000000004,0.07242436679176703,0.0,0.0,0.14999999999999997,10
compositional,null,exposed,mdi_reset,8,5,0.38,0.12064838201888528,0.0,0.0,0.14999999999999997,10
compositional,null,exposed,mdi_reset,8,10,0.35500000000000004,0.07242436679176703,0.0,0.0,0.14999999999999997,10
compositional,null,exposed,mdi_reset,8,25,0.32999999999999996,0.03455502144221818,0.0,0.0,0.14999999999999997,10
compositional,null,exposed,mdi_with_delta,0,10,0.35500000000000004,0.07624882889894678,0.0,0.0,0.14999999999999997,10
compositional,null,exposed,mdi_with_delta,1,10,0.37,0.06125950556116341,0.0,0.0,0.14999999999999997,10
compositional,null,exposed,mdi_with_delta,2,10,0.32500000000000007,0.03863368845438133,0.0,0.0,0.14999999999999997,10
compositional,null,exposed,mdi_with_delta,3,10,0.365,0.0560489731670467,0.0,0.0,0.14999999999999997,10
compositional,null,exposed,mdi_with_delta,4,10,0.39,0.052783667133262296,0.0,0.0,0.14999999999999997,10
compositional,null,exposed,mdi_with_delta,5,10,0.385,0.05345268834627583,0.0,0.0,0.14999999999999997,10
compositional,null,exposed,mdi_with_delta,6,10,0.36499999999999994,0.0447693800106212,0.0,0.0,0.14999999999999997,10
compositional,null,exposed,mdi_with_delta,7,10,0.39999999999999997,0.05331955566546181,0.0,0.0,0.14999999999999997,10
compositional,null,exposed,mdi_with_delta,8,5,0.44000000000000006,0.06032419100944261,0.0,0.0,0.14999999999999997,10
compositional,null,exposed,mdi_with_delta,8,10,0.385,0.060910445708045644,0.0,0.0,0.14999999999999997,10
compositional,null,exposed,mdi_with_delta,8,25,0.33399999999999996,0.022419589266818675,0.0,0.0,0.14999999999999997,10
compositional,null,exposed,predicate_match,0,10,0.195,0.05183253216332726,0.0,0.0,0.14999999999999997,10
compositional,null,exposed,predicate_match,1,10,0.255,0.02639183356663115,0.0,0.0,0.14999999999999997,10
compositional,null,exposed,predicate_match,2,10,0.22500000000000003,0.034760097553861516,0.0,0.0,0.14999999999999997,10
compositional,null,exposed,predicate_match,3,10,0.295,0.03936269025254045,0.0,0.0,0.14999999999999997,10
compositional,null,exposed,predicate_match,4,10,0.265,0.044769380010621175,0.0,0.0,0.14999999999999997,10
compositional,null,exposed,predicate_match,5,10,0.22500000000000003,0.034760097553861516,0.0,0.0,0.14999999999999997,10
compositional,null,exposed,predicate_match,6,10,0.295,0.03936269025254045,0.0,0.0,0.14999999999999997,10
compositional,null,exposed,predicate_match,7,10,0.265,0.044769380010621175,0.0,0.0,0.14999999999999997,10
compositional,null,exposed,predicate_match,8,5,0.2700000000000001,0.06786471488562297,0.0,0.0,0.14999999999999997,10
compositional,null,exposed,predicate_match,8,10,0.22500000000000003,0.034760097553861516,0.0,0.0,0.14999999999999997,10
compositional,null,exposed,predicate_match,8,25,0.27,0.020512442624456454,0.0,0.0,0.14999999999999997,10
compositional,null,exposed,random,0,10,0.13,0.048282911194511356,0.0,0.0,0.14999999999999997,10
compositional,null,exposed,random,1,10,0.13,0.048282911194511356,0.0,0.0,0.14999999999999997,10
compositional,null,exposed,random,2,10,0.13,0.048282911194511356,0.0,0.0,0.14999999999999997,10
compositional,null,exposed,random,3,10,0.13,0.048282911194511356,0.0,0.0,0.14999999999999997,10
compositional,null,exposed,random,4,10,0.13,0.048282911194511356,0.0,0.0,0.14999999999999997,10
compositional,null,exposed,random,5,10,0.13,0.048282911194511356,0.0,0.0,0.14999999999999997,10
compositional,null,exposed,random,6,10,0.13,0.048282911194511356,0.0,0.0,0.14999999999999997,10
compositional,null,exposed,random,7,10,0.13,0.048282911194511356,0.0,0.0,0.14999999999999997,10
compositional,null,exposed,random,8,5,0.12000000000000002,0.06573676311525133,0.0,0.0,0.14999999999999997,10
compositional,null,exposed,random,8,10,0.13,0.048282911194511356,0.0,0.0,0.14999999999999997,10
compositional,null,exposed,random,8,25,0.14999999999999997,0.026337917609264336,0.0,0.0,0.14999999999999997,10
compositional,null,exposed,recurrence,0,10,0.195,0.05183253216332726,0.0,0.0,0.14999999999999997,10
compositional,null,exposed,recurrence,1,10,0.205,0.04901340519517214,0.0,0.0,0.14999999999999997,10
compositional,null,exposed,recurrence,2,10,0.20000000000000004,0.047690460399222645,0.0,0.0,0.14999999999999997,10
compositional,null,exposed,recurrence,3,10,0.215,0.04783926094926254,0.0,0.0,0.14999999999999997,10
compositional,null,exposed,recurrence,4,10,0.21999999999999997,0.0564281137229108,0.0,0.0,0.14999999999999997,10
compositional,null,exposed,recurrence,5,10,0.225,0.05901393390584797,0.0,0.0,0.14999999999999997,10
compositional,null,exposed,recurrence,6,10,0.22000000000000003,0.06353758354890779,0.0,0.0,0.14999999999999997,10
compositional,null,exposed,recurrence,7,10,0.22000000000000003,0.07193201324708874,0.0,0.0,0.14999999999999997,10
compositional,null,exposed,recurrence,8,5,0.16999999999999998,0.06786471488562297,0.0,0.0,0.14999999999999997,10
compositional,null,exposed,recurrence,8,10,0.22000000000000003,0.07193201324708873,0.0,0.0,0.14999999999999997,10
compositional,null,exposed,recurrence,8,25,0.25600000000000006,0.02845486398948302,0.0,0.0,0.14999999999999997,10
compositional,null,exposed,similarity,0,10,0.135,0.047839260949262545,0.0,0.0,0.14999999999999997,10
compositional,null,exposed,similarity,1,10,0.135,0.047839260949262545,0.0,0.0,0.14999999999999997,10
compositional,null,exposed,similarity,2,10,0.135,0.047839260949262545,0.0,0.0,0.14999999999999997,10
compositional,null,exposed,similarity,3,10,0.135,0.047839260949262545,0.0,0.0,0.14999999999999997,10
compositional,null,exposed,similarity,4,10,0.135,0.047839260949262545,0.0,0.0,0.14999999999999997,10
compositional,null,exposed,similarity,5,10,0.135,0.047839260949262545,0.0,0.0,0.14999999999999997,10
compositional,null,exposed,similarity,6,10,0.135,0.047839260949262545,0.0,0.0,0.14999999999999997,10
compositional,null,exposed,similarity,7,10,0.135,0.047839260949262545,0.0,0.0,0.14999999999999997,10
compositional,null,exposed,similarity,8,5,0.09,0.0527836671332623,0.0,0.0,0.14999999999999997,10
compositional,null,exposed,similarity,8,10,0.135,0.047839260949262545,0.0,0.0,0.14999999999999997,10
compositional,null,exposed,similarity,8,25,0.186,0.043735038481845914,0.0,0.0,0.14999999999999997,10
compositional,null,exposed,value_profile,0,10,0.195,0.05183253216332726,0.0,0.0,0.14999999999999997,10
compositional,null,exposed,value_profile,1,10,0.295,0.07043430558720784,0.0,0.0,0.14999999999999997,10
compositional,null,exposed,value_profile,2,10,0.255,0.07242436679176702,0.0,0.0,0.14999999999999997,10
compositional,null,exposed,value_profile,3,10,0.29,0.06263629556878303,0.0,0.0,0.14999999999999997,10
compositional,null,exposed,value_profile,4,10,0.29500000000000004,0.06627515673523317,0.0,0.0,0.14999999999999997,10
compositional,null,exposed,value_profile,5,10,0.25,0.0653028523461527,0.0,0.0,0.14999999999999997,10
compositional,null,exposed,value_profile,6,10,0.26000000000000006,0.06263629556878302,0.0,0.0,0.14999999999999997,10
compositional,null,exposed,value_profile,7,10,0.275,0.06584479402316085,0.0,0.0,0.14999999999999997,10
compositional,null,exposed,value_profile,8,5,0.26000000000000006,0.09656582238902271,0.0,0.0,0.14999999999999997,10
compositional,null,exposed,value_profile,8,10,0.27,0.04524314325708196,0.0,0.0,0.14999999999999997,10
compositional,null,exposed,value_profile,8,25,0.266,0.028653990729485247,0.0,0.0,0.14999999999999997,10
compositional,null,holdout,association_only,0,10,0.34500000000000003,0.07436118884757448,0.0,0.0,0.14999999999999997,10
compositional,null,holdout,association_only,1,10,0.4600000000000001,0.03694087177983073,0.0,0.0,0.14999999999999997,10
compositional,null,holdout,association_only,2,10,0.42000000000000004,0.03455502144221818,0.0,0.0,0.14999999999999997,10
compositional,null,holdout,association_only,3,10,0.49000000000000005,0.015081047752360653,0.0,0.0,0.14999999999999997,10
compositional,null,holdout,association_only,4,10,0.495,0.01131078581427049,0.0,0.0,0.14999999999999997,10
compositional,null,holdout,association_only,5,10,0.4600000000000001,0.028214056861455398,0.0,0.0,0.14999999999999997,10
compositional,null,holdout,association_only,6,10,0.49000000000000005,0.015081047752360664,0.0,0.0,0.14999999999999997,10
compositional,null,holdout,association_only,7,10,0.495,0.011310785814270504,0.0,0.0,0.14999999999999997,10
compositional,null,holdout,association_only,8,5,0.48,0.030162095504721306,0.0,0.0,0.14999999999999997,10
compositional,null,holdout,association_only,8,10,0.47000000000000003,0.02500908842000647,0.0,0.0,0.14999999999999997,10
compositional,null,holdout,association_only,8,25,0.45600000000000007,0.021113466853304917,0.0,0.0,0.14999999999999997,10
compositional,null,holdout,clustering,0,10,0.19,0.040606963805363765,0.0,0.0,0.14999999999999997,10
compositional,null,holdout,clustering,1,10,0.19,0.040606963805363765,0.0,0.0,0.14999999999999997,10
compositional,null,holdout,clustering,2,10,0.19,0.040606963805363765,0.0,0.0,0.14999999999999997,10
compositional,null,holdout,clustering,3,10,0.19,0.040606963805363765,0.0,0.0,0.14999999999999997,10
compositional,null,holdout,clustering,4,10,0.19,0.040606963805363765,0.0,0.0,0.14999999999999997,10
compositional,null,holdout,clustering,5,10,0.19,0.040606963805363765,0.0,0.0,0.14999999999999997,10
compositional,null,holdout,clustering,6,10,0.19,0.040606963805363765,0.0,0.0,0.14999999999999997,10
compositional,null,holdout,clustering,7,10,0.19,0.040606963805363765,0.0,0.0,0.14999999999999997,10
compositional,null,holdout,clustering,8,5,0.15000000000000002,0.06079364704696509,0.0,0.0,0.14999999999999997,10
compositional,null,holdout,clustering,8,10,0.19,0.040606963805363765,0.0,0.0,0.14999999999999997,10
compositional,null,holdout,clustering,8,25,0.158,0.01712877758885868,0.0,0.0,0.14999999999999997,10
compositional,null,holdout,competing_models,0,10,0.195,0.05183253216332726,0.0,0.0,0.14999999999999997,10
compositional,null,holdout,competing_models,1,10,0.39,0.06486603906680426,0.0,0.0,0.14999999999999997,10
compositional,null,holdout,competing_models,2,10,0.29999999999999993,0.05058337191929827,0.0,0.0,0.14999999999999997,10
compositional,null,holdout,competing_models,3,10,0.29500000000000004,0.0883400612401557,0.0,0.0,0.14999999999999997,10
compositional,null,holdout,competing_models,4,10,0.3549999999999999,0.09896488736601512,0.0,0.0,0.14999999999999997,10
compositional,null,holdout,competing_models,5,10,0.295,0.10179707232843445,0.0,0.0,0.14999999999999997,10
compositional,null,holdout,competing_models,6,10,0.3,0.08761297018237743,0.0,0.0,0.14999999999999997,10
compositional,null,holdout,competing_models,7,10,0.3,0.07540523876180329,0.0,0.0,0.14999999999999997,10
compositional,null,holdout,competing_models,8,5,0.26,0.12251901112232683,0.0,0.0,0.14999999999999997,10
compositional,null,holdout,competing_models,8,10,0.3,0.08430561986549712,0.0,0.0,0.14999999999999997,10
compositional,null,holdout,competing_models,8,25,0.29800000000000004,0.04342189575377225,0.0,0.0,0.14999999999999997,10
compositional,null,holdout,context_oracle,0,10,0.635,0.0696223556258885,0.635,0.0696223556258885,0.14999999999999997,10
compositional,null,holdout,context_oracle,1,10,0.5999999999999999,0.05058337191929824,0.5999999999999999,0.05058337191929824,0.14999999999999997,10
compositional,null,holdout,context_oracle,2,10,0.585,0.047839260949262524,0.585,0.047839260949262524,0.14999999999999997,10
compositional,null,holdout,context_oracle,3,10,0.5799999999999998,0.053850111575460304,0.5799999999999998,0.053850111575460304,0.14999999999999997,10
compositional,null,holdout,context_oracle,4,10,0.5799999999999998,0.06353758354890776,0.5799999999999998,0.06353758354890776,0.14999999999999997,10
compositional,null,holdout,context_oracle,5,10,0.595,0.061836893494153375,0.595,0.061836893494153375,0.14999999999999997,10
compositional,null,holdout,context_oracle,6,10,0.6049999999999999,0.07624882889894678,0.6049999999999999,0.07624882889894678,0.14999999999999997,10
compositional,null,holdout,context_oracle,7,10,0.5799999999999998,0.03844927838735578,0.5799999999999998,0.03844927838735578,0.14999999999999997,10
compositional,null,holdout,context_oracle,8,5,0.53,0.0829457626379836,0.53,0.0829457626379836,0.14999999999999997,10
compositional,null,holdout,context_oracle,8,10,0.5999999999999999,0.07540523876180329,0.5999999999999999,0.07540523876180329,0.14999999999999997,10
compositional,null,holdout,context_oracle,8,25,0.5999999999999999,8.371663225071135e-17,0.5999999999999999,8.371663225071135e-17,0.14999999999999997,10
compositional,null,holdout,delta_only,0,10,0.18000000000000002,0.03016209550472132,0.0,0.0,0.14999999999999997,10
compositional,null,holdout,delta_only,1,10,0.22500000000000003,0.034760097553861516,0.0,0.0,0.14999999999999997,10
compositional,null,holdout,delta_only,2,10,0.19,0.03694087177983073,0.0,0.0,0.14999999999999997,10
compositional,null,holdout,delta_only,3,10,0.16999999999999998,0.03455502144221818,0.0,0.0,0.14999999999999997,10
compositional,null,holdout,delta_only,4,10,0.185,0.05345268834627584,0.0,0.0,0.14999999999999997,10
compositional,null,holdout,delta_only,5,10,0.15499999999999997,0.03936269025254045,0.0,0.0,0.14999999999999997,10
compositional,null,holdout,delta_only,6,10,0.15499999999999997,0.04602191203318153,0.0,0.0,0.14999999999999997,10
compositional,null,holdout,delta_only,7,10,0.18,0.0564281137229108,0.0,0.0,0.14999999999999997,10
compositional,null,holdout,delta_only,8,5,0.16,0.09048628651416393,0.0,0.0,0.14999999999999997,10
compositional,null,holdout,delta_only,8,10,0.17,0.0511423211738898,0.0,0.0,0.14999999999999997,10
compositional,null,holdout,delta_only,8,25,0.188,0.033856868233746486,0.0,0.0,0.14999999999999997,10
compositional,null,holdout,frequency,0,10,0.225,0.05128110656114111,0.0,0.0,0.14999999999999997,10
compositional,null,holdout,frequency,1,10,0.225,0.05128110656114111,0.0,0.0,0.14999999999999997,10
compositional,null,holdout,frequency,2,10,0.225,0.05128110656114111,0.0,0.0,0.14999999999999997,10
compositional,null,holdout,frequency,3,10,0.22000000000000003,0.04828291119451135,0.0,0.0,0.14999999999999997,10
compositional,null,holdout,frequency,4,10,0.22999999999999998,0.04828291119451135,0.0,0.0,0.14999999999999997,10
compositional,null,holdout,frequency,5,10,0.22999999999999998,0.04828291119451135,0.0,0.0,0.14999999999999997,10
compositional,null,holdout,frequency,6,10,0.22000000000000003,0.04828291119451135,0.0,0.0,0.14999999999999997,10
compositional,null,holdout,frequency,7,10,0.225,0.045399965714333454,0.0,0.0,0.14999999999999997,10
compositional,null,holdout,frequency,8,5,0.19,0.08564388794429341,0.0,0.0,0.14999999999999997,10
compositional,null,holdout,frequency,8,10,0.225,0.05128110656114111,0.0,0.0,0.14999999999999997,10
compositional,null,holdout,frequency,8,25,0.264,0.025054518227513208,0.0,0.0,0.14999999999999997,10
compositional,null,holdout,mdi,0,10,0.35500000000000004,0.07242436679176703,0.0,0.0,0.14999999999999997,10
compositional,null,holdout,mdi,1,10,0.42000000000000004,0.0588933741601038,0.0,0.0,0.14999999999999997,10
compositional,null,holdout,mdi,2,10,0.36,0.04060696380536375,0.0,0.0,0.14999999999999997,10
compositional,null,holdout,mdi,3,10,0.43,0.038449278387355804,0.0,0.0,0.14999999999999997,10
compositional,null,holdout,mdi,4,10,0.48,0.018470435889915374,0.0,0.0,0.14999999999999997,10
compositional,null,holdout,mdi,5,10,0.42000000000000004,0.030162095504721324,0.0,0.0,0.14999999999999997,10
compositional,null,holdout,mdi,6,10,0.45,0.023845230199611323,0.0,0.0,0.14999999999999997,10
compositional,null,holdout,mdi,7,10,0.485,0.024141455597255675,0.0,0.0,0.14999999999999997,10
compositional,null,holdout,mdi,8,5,0.44000000000000006,0.05001817684001293,0.0,0.0,0.14999999999999997,10
compositional,null,holdout,mdi,8,10,0.45000000000000007,0.029204323394125802,0.0,0.0,0.14999999999999997,10
compositional,null,holdout,mdi,8,25,0.384,0.01883622260544861,0.0,0.0,0.14999999999999997,10
compositional,null,holdout,mdi_decay0,0,10,0.35500000000000004,0.07242436679176703,0.0,0.0,0.14999999999999997,10
compositional,null,holdout,mdi_decay0,1,10,0.42000000000000004,0.0511423211738898,0.0,0.0,0.14999999999999997,10
compositional,null,holdout,mdi_decay0,2,10,0.36,0.04060696380536375,0.0,0.0,0.14999999999999997,10
compositional,null,holdout,mdi_decay0,3,10,0.43999999999999995,0.05001817684001294,0.0,0.0,0.14999999999999997,10
compositional,null,holdout,mdi_decay0,4,10,0.49000000000000005,0.015081047752360653,0.0,0.0,0.14999999999999997,10
compositional,null,holdout,mdi_decay0,5,10,0.41500000000000004,0.033932357442811485,0.0,0.0,0.14999999999999997,10
compositional,null,holdout,mdi_decay0,6,10,0.44499999999999995,0.035568579986853775,0.0,0.0,0.14999999999999997,10
compositional,null,holdout,mdi_decay0,7,10,0.47000000000000003,0.03016209550472131,0.0,0.0,0.14999999999999997,10
compositional,null,holdout,mdi_decay0,8,5,0.47000000000000003,0.03455502144221817,0.0,0.0,0.14999999999999997,10
compositional,null,holdout,mdi_decay0,8,10,0.445,0.03556857998685377,0.0,0.0,0.14999999999999997,10
compositional,null,holdout,mdi_decay0,8,25,0.388,0.01931316447780455,0.0,0.0,0.14999999999999997,10
compositional,null,holdout,mdi_decay020,0,10,0.35500000000000004,0.07242436679176703,0.0,0.0,0.14999999999999997,10
compositional,null,holdout,mdi_decay020,1,10,0.40499999999999997,0.05705441607566246,0.0,0.0,0.14999999999999997,10
compositional,null,holdout,mdi_decay020,2,10,0.375,0.04842989147725691,0.0,0.0,0.14999999999999997,10
compositional,null,holdout,mdi_decay020,3,10,0.43999999999999995,0.043968431983939925,0.0,0.0,0.14999999999999997,10
compositional,null,holdout,mdi_decay020,4,10,0.45499999999999996,0.031318147784391515,0.0,0.0,0.14999999999999997,10
compositional,null,holdout,mdi_decay020,5,10,0.40499999999999997,0.039362690252540446,0.0,0.0,0.14999999999999997,10
compositional,null,holdout,mdi_decay020,6,10,0.43500000000000005,0.0414728813189918,0.0,0.0,0.14999999999999997,10
compositional,null,holdout,mdi_decay020,7,10,0.465,0.033932357442811485,0.0,0.0,0.14999999999999997,10
compositional,null,holdout,mdi_decay020,8,5,0.4600000000000001,0.05001817684001293,0.0,0.0,0.14999999999999997,10
compositional,null,holdout,mdi_decay020,8,10,0.43999999999999995,0.028214056861455387,0.0,0.0,0.14999999999999997,10
compositional,null,holdout,mdi_decay020,8,25,0.382,0.028173722234883163,0.0,0.0,0.14999999999999997,10
compositional,null,holdout,mdi_no_novelty,0,10,0.34,0.06911004288443635,0.0,0.0,0.14999999999999997,10
compositional,null,holdout,mdi_no_novelty,1,10,0.40499999999999997,0.0640944529475328,0.0,0.0,0.14999999999999997,10
compositional,null,holdout,mdi_no_novelty,2,10,0.34500000000000003,0.03936269025254045,0.0,0.0,0.14999999999999997,10
compositional,null,holdout,mdi_no_novelty,3,10,0.425,0.051281106561141106,0.0,0.0,0.14999999999999997,10
compositional,null,holdout,mdi_no_novelty,4,10,0.475,0.025291685959649132,0.0,0.0,0.14999999999999997,10
compositional,null,holdout,mdi_no_novelty,5,10,0.385,0.04783926094926254,0.0,0.0,0.14999999999999997,10
compositional,null,holdout,mdi_no_novelty,6,10,0.43,0.03016209550472132,0.0,0.0,0.14999999999999997,10
compositional,null,holdout,mdi_no_novelty,7,10,0.48,0.018470435889915374,0.0,0.0,0.14999999999999997,10
compositional,null,holdout,mdi_no_novelty,8,5,0.45,0.050583371919298264,0.0,0.0,0.14999999999999997,10
compositional,null,holdout,mdi_no_novelty,8,10,0.425,0.03863368845438133,0.0,0.0,0.14999999999999997,10
compositional,null,holdout,mdi_no_novelty,8,25,0.358,0.021802417818576305,0.0,0.0,0.14999999999999997,10
compositional,null,holdout,mdi_original,0,10,0.39,0.05791986290822425,0.0,0.0,0.14999999999999997,10
compositional,null,holdout,mdi_original,1,10,0.425,0.059013933905847984,0.0,0.0,0.14999999999999997,10
compositional,null,holdout,mdi_original,2,10,0.36,0.05001817684001294,0.0,0.0,0.14999999999999997,10
compositional,null,holdout,mdi_original,3,10,0.425,0.05655392907135247,0.0,0.0,0.14999999999999997,10
compositional,null,holdout,mdi_original,4,10,0.45499999999999996,0.03936269025254045,0.0,0.0,0.14999999999999997,10
compositional,null,holdout,mdi_original,5,10,0.395,0.04602191203318153,0.0,0.0,0.14999999999999997,10
compositional,null,holdout,mdi_original,6,10,0.42000000000000004,0.04198386011486573,0.0,0.0,0.14999999999999997,10
compositional,null,holdout,mdi_original,7,10,0.47000000000000003,0.02500908842000647,0.0,0.0,0.14999999999999997,10
compositional,null,holdout,mdi_original,8,5,0.42000000000000004,0.0564281137229108,0.0,0.0,0.14999999999999997,10
compositional,null,holdout,mdi_original,8,10,0.43499999999999994,0.029446687080051895,0.0,0.0,0.14999999999999997,10
compositional,null,holdout,mdi_original,8,25,0.346,0.03992919219288023,0.0,0.0,0.14999999999999997,10
compositional,null,holdout,mdi_reset,0,10,0.35500000000000004,0.07242436679176703,0.0,0.0,0.14999999999999997,10
compositional,null,holdout,mdi_reset,1,10,0.35500000000000004,0.07242436679176703,0.0,0.0,0.14999999999999997,10
compositional,null,holdout,mdi_reset,2,10,0.35500000000000004,0.07242436679176703,0.0,0.0,0.14999999999999997,10
compositional,null,holdout,mdi_reset,3,10,0.35500000000000004,0.07242436679176703,0.0,0.0,0.14999999999999997,10
compositional,null,holdout,mdi_reset,4,10,0.35500000000000004,0.07242436679176703,0.0,0.0,0.14999999999999997,10
compositional,null,holdout,mdi_reset,5,10,0.35500000000000004,0.07242436679176703,0.0,0.0,0.14999999999999997,10
compositional,null,holdout,mdi_reset,6,10,0.35500000000000004,0.07242436679176703,0.0,0.0,0.14999999999999997,10
compositional,null,holdout,mdi_reset,7,10,0.35500000000000004,0.07242436679176703,0.0,0.0,0.14999999999999997,10
compositional,null,holdout,mdi_reset,8,5,0.38,0.12064838201888528,0.0,0.0,0.14999999999999997,10
compositional,null,holdout,mdi_reset,8,10,0.35500000000000004,0.07242436679176703,0.0,0.0,0.14999999999999997,10
compositional,null,holdout,mdi_reset,8,25,0.32999999999999996,0.03455502144221818,0.0,0.0,0.14999999999999997,10
compositional,null,holdout,mdi_with_delta,0,10,0.35500000000000004,0.07624882889894678,0.0,0.0,0.14999999999999997,10
compositional,null,holdout,mdi_with_delta,1,10,0.37,0.04198386011486575,0.0,0.0,0.14999999999999997,10
compositional,null,holdout,mdi_with_delta,2,10,0.305,0.04282194397214669,0.0,0.0,0.14999999999999997,10
compositional,null,holdout,mdi_with_delta,3,10,0.37499999999999994,0.051281106561141106,0.0,0.0,0.14999999999999997,10
compositional,null,holdout,mdi_with_delta,4,10,0.40499999999999997,0.05183253216332726,0.0,0.0,0.14999999999999997,10
compositional,null,holdout,mdi_with_delta,5,10,0.36500000000000005,0.04476938001062118,0.0,0.0,0.14999999999999997,10
compositional,null,holdout,mdi_with_delta,6,10,0.40499999999999997,0.05450604454644076,0.0,0.0,0.14999999999999997,10
compositional,null,holdout,mdi_with_delta,7,10,0.385,0.05345268834627584,0.0,0.0,0.14999999999999997,10
compositional,null,holdout,mdi_with_delta,8,5,0.45,0.05058337191929827,0.0,0.0,0.14999999999999997,10
compositional,null,holdout,mdi_with_delta,8,10,0.38,0.0564281137229108,0.0,0.0,0.14999999999999997,10
compositional,null,holdout,mdi_with_delta,8,25,0.33199999999999996,0.02045692846955592,0.0,0.0,0.14999999999999997,10
compositional,null,holdout,predicate_match,0,10,0.195,0.05183253216332726,0.0,0.0,0.14999999999999997,10
compositional,null,holdout,predicate_match,1,10,0.255,0.02639183356663115,0.0,0.0,0.14999999999999997,10
compositional,null,holdout,predicate_match,2,10,0.22500000000000003,0.034760097553861516,0.0,0.0,0.14999999999999997,10
compositional,null,holdout,predicate_match,3,10,0.295,0.03936269025254045,0.0,0.0,0.14999999999999997,10
compositional,null,holdout,predicate_match,4,10,0.265,0.044769380010621175,0.0,0.0,0.14999999999999997,10
compositional,null,holdout,predicate_match,5,10,0.22500000000000003,0.034760097553861516,0.0,0.0,0.14999999999999997,10
compositional,null,holdout,predicate_match,6,10,0.295,0.03936269025254045,0.0,0.0,0.14999999999999997,10
compositional,null,holdout,predicate_match,7,10,0.265,0.044769380010621175,0.0,0.0,0.14999999999999997,10
compositional,null,holdout,predicate_match,8,5,0.2700000000000001,0.06786471488562297,0.0,0.0,0.14999999999999997,10
compositional,null,holdout,predicate_match,8,10,0.22500000000000003,0.034760097553861516,0.0,0.0,0.14999999999999997,10
compositional,null,holdout,predicate_match,8,25,0.27,0.020512442624456454,0.0,0.0,0.14999999999999997,10
compositional,null,holdout,random,0,10,0.13,0.048282911194511356,0.0,0.0,0.14999999999999997,10
compositional,null,holdout,random,1,10,0.13,0.048282911194511356,0.0,0.0,0.14999999999999997,10
compositional,null,holdout,random,2,10,0.13,0.048282911194511356,0.0,0.0,0.14999999999999997,10
compositional,null,holdout,random,3,10,0.13,0.048282911194511356,0.0,0.0,0.14999999999999997,10
compositional,null,holdout,random,4,10,0.13,0.048282911194511356,0.0,0.0,0.14999999999999997,10
compositional,null,holdout,random,5,10,0.13,0.048282911194511356,0.0,0.0,0.14999999999999997,10
compositional,null,holdout,random,6,10,0.13,0.048282911194511356,0.0,0.0,0.14999999999999997,10
compositional,null,holdout,random,7,10,0.13,0.048282911194511356,0.0,0.0,0.14999999999999997,10
compositional,null,holdout,random,8,5,0.12000000000000002,0.06573676311525133,0.0,0.0,0.14999999999999997,10
compositional,null,holdout,random,8,10,0.13,0.048282911194511356,0.0,0.0,0.14999999999999997,10
compositional,null,holdout,random,8,25,0.14999999999999997,0.026337917609264336,0.0,0.0,0.14999999999999997,10
compositional,null,holdout,recurrence,0,10,0.195,0.05183253216332726,0.0,0.0,0.14999999999999997,10
compositional,null,holdout,recurrence,1,10,0.195,0.05183253216332726,0.0,0.0,0.14999999999999997,10
compositional,null,holdout,recurrence,2,10,0.195,0.05183253216332726,0.0,0.0,0.14999999999999997,10
compositional,null,holdout,recurrence,3,10,0.195,0.05183253216332726,0.0,0.0,0.14999999999999997,10
compositional,null,holdout,recurrence,4,10,0.195,0.05183253216332726,0.0,0.0,0.14999999999999997,10
compositional,null,holdout,recurrence,5,10,0.195,0.05183253216332726,0.0,0.0,0.14999999999999997,10
compositional,null,holdout,recurrence,6,10,0.195,0.05183253216332726,0.0,0.0,0.14999999999999997,10
compositional,null,holdout,recurrence,7,10,0.195,0.05183253216332726,0.0,0.0,0.14999999999999997,10
compositional,null,holdout,recurrence,8,5,0.22000000000000003,0.07388174355966148,0.0,0.0,0.14999999999999997,10
compositional,null,holdout,recurrence,8,10,0.195,0.05183253216332726,0.0,0.0,0.14999999999999997,10
compositional,null,holdout,recurrence,8,25,0.16599999999999998,0.029437030845301346,0.0,0.0,0.14999999999999997,10
compositional,null,holdout,similarity,0,10,0.135,0.047839260949262545,0.0,0.0,0.14999999999999997,10
compositional,null,holdout,similarity,1,10,0.135,0.047839260949262545,0.0,0.0,0.14999999999999997,10
compositional,null,holdout,similarity,2,10,0.135,0.047839260949262545,0.0,0.0,0.14999999999999997,10
compositional,null,holdout,similarity,3,10,0.135,0.047839260949262545,0.0,0.0,0.14999999999999997,10
compositional,null,holdout,similarity,4,10,0.135,0.047839260949262545,0.0,0.0,0.14999999999999997,10
compositional,null,holdout,similarity,5,10,0.135,0.047839260949262545,0.0,0.0,0.14999999999999997,10
compositional,null,holdout,similarity,6,10,0.135,0.047839260949262545,0.0,0.0,0.14999999999999997,10
compositional,null,holdout,similarity,7,10,0.135,0.047839260949262545,0.0,0.0,0.14999999999999997,10
compositional,null,holdout,similarity,8,5,0.09,0.0527836671332623,0.0,0.0,0.14999999999999997,10
compositional,null,holdout,similarity,8,10,0.135,0.047839260949262545,0.0,0.0,0.14999999999999997,10
compositional,null,holdout,similarity,8,25,0.186,0.043735038481845914,0.0,0.0,0.14999999999999997,10
compositional,null,holdout,value_profile,0,10,0.195,0.05183253216332726,0.0,0.0,0.14999999999999997,10
compositional,null,holdout,value_profile,1,10,0.275,0.09273618185204684,0.0,0.0,0.14999999999999997,10
compositional,null,holdout,value_profile,2,10,0.3,0.04130115022390258,0.0,0.0,0.14999999999999997,10
compositional,null,holdout,value_profile,3,10,0.28500000000000003,0.08438988337465286,0.0,0.0,0.14999999999999997,10
compositional,null,holdout,value_profile,4,10,0.32,0.08793686396787985,0.0,0.0,0.14999999999999997,10
compositional,null,holdout,value_profile,5,10,0.26,0.07113715997370754,0.0,0.0,0.14999999999999997,10
compositional,null,holdout,value_profile,6,10,0.28,0.086305240529583,0.0,0.0,0.14999999999999997,10
compositional,null,holdout,value_profile,7,10,0.285,0.07163497682371311,0.0,0.0,0.14999999999999997,10
compositional,null,holdout,value_profile,8,5,0.2700000000000001,0.10144737334811316,0.0,0.0,0.14999999999999997,10
compositional,null,holdout,value_profile,8,10,0.26,0.08051076348728783,0.0,0.0,0.14999999999999997,10
compositional,null,holdout,value_profile,8,25,0.262,0.03721689707608229,0.0,0.0,0.14999999999999997,10
compositional,switch,exposed,association_only,0,10,0.34500000000000003,0.07436118884757448,0.0,0.0,0.14999999999999997,10
compositional,switch,exposed,association_only,1,10,0.41500000000000004,0.07549943647343584,0.0,0.0,0.14999999999999997,10
compositional,switch,exposed,association_only,2,10,0.9650000000000001,0.0294466870800519,0.9650000000000001,0.0294466870800519,0.14999999999999997,10
compositional,switch,exposed,association_only,3,10,0.825,0.06137541769047298,0.78,0.10690537669255168,0.14999999999999997,10
compositional,switch,exposed,association_only,4,10,0.9450000000000001,0.046021912033181525,0.9350000000000002,0.06541159988584004,0.14999999999999997,10
compositional,switch,exposed,association_only,5,10,0.095,0.0640944529475328,-0.8049999999999999,0.12668304530348592,0.14999999999999997,10
compositional,switch,exposed,association_only,6,10,0.43,0.05385011157546033,-0.13999999999999999,0.10770022315092066,0.14999999999999997,10
compositional,switch,exposed,association_only,7,10,0.62,0.053850111575460304,0.24,0.10770022315092066,0.14999999999999997,10
compositional,switch,exposed,association_only,8,5,0.85,0.08430561986549712,0.7,0.16861123973099423,0.14999999999999997,10
compositional,switch,exposed,association_only,8,10,0.78,0.05642811372291082,0.56,0.1128562274458216,0.14999999999999997,10
compositional,switch,exposed,association_only,8,25,0.488,0.027971176673549154,0.088,0.04001454147201037,0.14999999999999997,10
compositional,switch,exposed,clustering,0,10,0.19,0.040606963805363765,0.0,0.0,0.14999999999999997,10
compositional,switch,exposed,clustering,1,10,0.19,0.040606963805363765,0.0,0.0,0.14999999999999997,10
compositional,switch,exposed,clustering,2,10,0.19,0.040606963805363765,0.0,0.0,0.14999999999999997,10
compositional,switch,exposed,clustering,3,10,0.19,0.040606963805363765,0.0,0.0,0.14999999999999997,10
compositional,switch,exposed,clustering,4,10,0.19,0.040606963805363765,0.0,0.0,0.14999999999999997,10
compositional,switch,exposed,clustering,5,10,0.19,0.040606963805363765,0.0,0.0,0.14999999999999997,10
compositional,switch,exposed,clustering,6,10,0.19,0.040606963805363765,0.0,0.0,0.14999999999999997,10
compositional,switch,exposed,clustering,7,10,0.19,0.040606963805363765,0.0,0.0,0.14999999999999997,10
compositional,switch,exposed,clustering,8,5,0.15000000000000002,0.06079364704696509,0.0,0.0,0.14999999999999997,10
compositional,switch,exposed,clustering,8,10,0.19,0.040606963805363765,0.0,0.0,0.14999999999999997,10
compositional,switch,exposed,clustering,8,25,0.158,0.01712877758885868,0.0,0.0,0.14999999999999997,10
compositional,switch,exposed,competing_models,0,10,0.195,0.05183253216332726,0.0,0.0,0.14999999999999997,10
compositional,switch,exposed,competing_models,1,10,0.32999999999999996,0.10003635368002588,0.0,0.0,0.14999999999999997,10
compositional,switch,exposed,competing_models,2,10,0.665,0.089300307507288,0.665,0.089300307507288,0.14999999999999997,10
compositional,switch,exposed,competing_models,3,10,0.6199999999999999,0.06573676311525131,0.6199999999999999,0.06573676311525131,0.14999999999999997,10
compositional,switch,exposed,competing_models,4,10,0.875,0.06137541769047296,0.875,0.06137541769047296,0.14999999999999997,10
compositional,switch,exposed,competing_models,5,10,0.0,0.0,-0.85,0.05840864678825162,0.14999999999999997,10
compositional,switch,exposed,competing_models,6,10,0.265,0.1156555119827176,-0.37,0.23314734035121826,0.14999999999999997,10
compositional,switch,exposed,competing_models,7,10,0.8950000000000001,0.061836893494153354,0.8950000000000001,0.061836893494153354,0.14999999999999997,10
compositional,switch,exposed,competing_models,8,5,0.8800000000000001,0.09418111302724298,0.8800000000000001,0.09418111302724298,0.14999999999999997,10
compositional,switch,exposed,competing_models,8,10,0.8,0.0983164027801656,0.8,0.0983164027801656,0.14999999999999997,10
compositional,switch,exposed,competing_models,8,25,0.5999999999999999,8.371663225071135e-17,0.5999999999999999,8.371663225071135e-17,0.14999999999999997,10
compositional,switch,exposed,context_oracle,0,10,0.635,0.0696223556258885,0.635,0.0696223556258885,0.14999999999999997,10
compositional,switch,exposed,context_oracle,1,10,0.5999999999999999,0.05058337191929824,0.5999999999999999,0.05058337191929824,0.14999999999999997,10
compositional,switch,exposed,context_oracle,2,10,0.585,0.047839260949262524,0.585,0.047839260949262524,0.14999999999999997,10
compositional,switch,exposed,context_oracle,3,10,0.5799999999999998,0.053850111575460304,0.5799999999999998,0.053850111575460304,0.14999999999999997,10
compositional,switch,exposed,context_oracle,4,10,0.5799999999999998,0.06353758354890776,0.5799999999999998,0.06353758354890776,0.14999999999999997,10
compositional,switch,exposed,context_oracle,5,10,0.595,0.061836893494153375,0.595,0.061836893494153375,0.14999999999999997,10
compositional,switch,exposed,context_oracle,6,10,0.6049999999999999,0.07624882889894678,0.6049999999999999,0.07624882889894678,0.14999999999999997,10
compositional,switch,exposed,context_oracle,7,10,0.5799999999999998,0.03844927838735578,0.5799999999999998,0.03844927838735578,0.14999999999999997,10
compositional,switch,exposed,context_oracle,8,5,0.53,0.0829457626379836,0.53,0.0829457626379836,0.14999999999999997,10
compositional,switch,exposed,context_oracle,8,10,0.5999999999999999,0.07540523876180329,0.5999999999999999,0.07540523876180329,0.14999999999999997,10
compositional,switch,exposed,context_oracle,8,25,0.5999999999999999,8.371663225071135e-17,0.5999999999999999,8.371663225071135e-17,0.14999999999999997,10
compositional,switch,exposed,delta_only,0,10,0.18000000000000002,0.03016209550472132,0.0,0.0,0.14999999999999997,10
compositional,switch,exposed,delta_only,1,10,0.19,0.055411307669746106,0.0,0.0,0.14999999999999997,10
compositional,switch,exposed,delta_only,2,10,0.41000000000000003,0.06263629556878303,0.41000000000000003,0.06263629556878303,0.14999999999999997,10
compositional,switch,exposed,delta_only,3,10,0.5199999999999999,0.07578132707370469,0.45,0.10663911133092362,0.14999999999999997,10
compositional,switch,exposed,delta_only,4,10,0.42000000000000004,0.0738817435596615,0.365,0.09838866769457531,0.14999999999999997,10
compositional,switch,exposed,delta_only,5,10,0.045,0.04282194397214669,-0.37,0.09265950868321117,0.14999999999999997,10
compositional,switch,exposed,delta_only,6,10,0.155,0.061836893494153375,-0.32999999999999996,0.11082261533949221,0.14999999999999997,10
compositional,switch,exposed,delta_only,7,10,0.08,0.05889337416010381,-0.38499999999999995,0.13909149861276682,0.14999999999999997,10
compositional,switch,exposed,delta_only,8,5,0.12,0.07388174355966147,-0.19000000000000003,0.1281889058950656,0.14999999999999997,10
compositional,switch,exposed,delta_only,8,10,0.14,0.055411307669746106,-0.215,0.058530204977571595,0.14999999999999997,10
compositional,switch,exposed,delta_only,8,25,0.18,0.03016209550472132,-0.07400000000000001,0.0632865167555553,0.14999999999999997,10
compositional,switch,exposed,frequency,0,10,0.225,0.05128110656114111,0.0,0.0,0.14999999999999997,10
compositional,switch,exposed,frequency,1,10,0.225,0.05128110656114111,0.0,0.0,0.14999999999999997,10
compositional,switch,exposed,frequency,2,10,0.225,0.05128110656114111,0.0,0.0,0.14999999999999997,10
compositional,switch,exposed,frequency,3,10,0.22000000000000003,0.04828291119451135,0.0,0.0,0.14999999999999997,10
compositional,switch,exposed,frequency,4,10,0.22999999999999998,0.04828291119451135,0.0,0.0,0.14999999999999997,10
compositional,switch,exposed,frequency,5,10,0.22999999999999998,0.04828291119451135,0.0,0.0,0.14999999999999997,10
compositional,switch,exposed,frequency,6,10,0.22000000000000003,0.04828291119451135,0.0,0.0,0.14999999999999997,10
compositional,switch,exposed,frequency,7,10,0.225,0.045399965714333454,0.0,0.0,0.14999999999999997,10
compositional,switch,exposed,frequency,8,5,0.19,0.08564388794429341,0.0,0.0,0.14999999999999997,10
compositional,switch,exposed,frequency,8,10,0.225,0.05128110656114111,0.0,0.0,0.14999999999999997,10
compositional,switch,exposed,frequency,8,25,0.264,0.025054518227513208,0.0,0.0,0.14999999999999997,10
compositional,switch,exposed,mdi,0,10,0.35500000000000004,0.07242436679176703,0.0,0.0,0.14999999999999997,10
compositional,switch,exposed,mdi,1,10,0.385,0.09087817352110696,0.0,0.0,0.14999999999999997,10
compositional,switch,exposed,mdi,2,10,0.8150000000000001,0.05072368667405657,0.8150000000000001,0.05072368667405657,0.14999999999999997,10
compositional,switch,exposed,mdi,3,10,0.745,0.05705441607566248,0.7350000000000001,0.060910445708045664,0.14999999999999997,10
compositional,switch,exposed,mdi,4,10,0.8900000000000002,0.036940871779830714,0.8900000000000002,0.036940871779830714,0.14999999999999997,10
compositional,switch,exposed,mdi,5,10,0.01,0.01508104775236066,-0.9199999999999999,0.05385011157546032,0.14999999999999997,10
compositional,switch,exposed,mdi,6,10,0.41500000000000004,0.033932357442811485,-0.155,0.06183689349415336,0.14999999999999997,10
compositional,switch,exposed,mdi,7,10,0.765,0.05345268834627585,0.545,0.09751795439677678,0.14999999999999997,10
compositional,switch,exposed,mdi,8,5,0.99,0.02262157162854098,0.99,0.02262157162854098,0.14999999999999997,10
compositional,switch,exposed,mdi,8,10,0.93,0.05385011157546032,0.905,0.07436118884757448,0.14999999999999997,10
compositional,switch,exposed,mdi,8,25,0.55,0.020512442624456447,0.362,0.03195616725887714,0.14999999999999997,10
compositional,switch,exposed,mdi_decay0,0,10,0.35500000000000004,0.07242436679176703,0.0,0.0,0.14999999999999997,10
compositional,switch,exposed,mdi_decay0,1,10,0.39,0.08396772022973147,0.0,0.0,0.14999999999999997,10
compositional,switch,exposed,mdi_decay0,2,10,0.8099999999999999,0.05001817684001294,0.8099999999999999,0.05001817684001294,0.14999999999999997,10
compositional,switch,exposed,mdi_decay0,3,10,0.76,0.06263629556878306,0.755,0.06183689349415339,0.14999999999999997,10
compositional,switch,exposed,mdi_decay0,4,10,0.8800000000000001,0.038449278387355776,0.8800000000000001,0.038449278387355776,0.14999999999999997,10
compositional,switch,exposed,mdi_decay0,5,10,0.005,0.011310785814270492,-0.9349999999999999,0.03789066353685232,0.14999999999999997,10
compositional,switch,exposed,mdi_decay0,6,10,0.275,0.06137541769047296,-0.3999999999999999,0.10927257235336586,0.14999999999999997,10
compositional,switch,exposed,mdi_decay0,7,10,0.51,0.04060696380536377,0.03,0.08793686396787986,0.14999999999999997,10
compositional,switch,exposed,mdi_decay0,8,5,0.95,0.060793647046965056,0.9,0.12158729409393011,0.14999999999999997,10
compositional,switch,exposed,mdi_decay0,8,10,0.795,0.057054416075662466,0.605,0.10855473938443064,0.14999999999999997,10
compositional,switch,exposed,mdi_decay0,8,25,0.458,0.031236341424941787,0.10400000000000001,0.04201093774432683,0.14999999999999997,10
compositional,switch,exposed,mdi_decay020,0,10,0.35500000000000004,0.07242436679176703,0.0,0.0,0.14999999999999997,10
compositional,switch,exposed,mdi_decay020,1,10,0.37500000000000006,0.08472609938097445,0.0,0.0,0.14999999999999997,10
compositional,switch,exposed,mdi_decay020,2,10,0.8099999999999999,0.055411307669746106,0.8099999999999999,0.055411307669746106,0.14999999999999997,10
compositional,switch,exposed,mdi_decay020,3,10,0.745,0.06183689349415339,0.7350000000000001,0.06962235562588852,0.14999999999999997,10
compositional,switch,exposed,mdi_decay020,4,10,0.8699999999999999,0.030162095504721303,0.8699999999999999,0.030162095504721303,0.14999999999999997,10
compositional,switch,exposed,mdi_decay020,5,10,0.025,0.018851309690450825,-0.9,0.050583371919298264,0.14999999999999997,10
compositional,switch,exposed,mdi_decay020,6,10,0.595,0.05183253216332724,0.22999999999999998,0.08793686396787982,0.14999999999999997,10
compositional,switch,exposed,mdi_decay020,7,10,0.875,0.06584479402316082,0.8299999999999998,0.09418111302724294,0.14999999999999997,10
compositional,switch,exposed,mdi_decay020,8,5,0.9700000000000001,0.04828291119451134,0.9700000000000001,0.04828291119451134,0.14999999999999997,10
compositional,switch,exposed,mdi_decay020,8,10,0.8950000000000001,0.0762488288989468,0.8950000000000001,0.0762488288989468,0.14999999999999997,10
compositional,switch,exposed,mdi_decay020,8,25,0.5700000000000001,0.013904039021544594,0.43400000000000005,0.033075319897110676,0.14999999999999997,10
compositional,switch,exposed,mdi_no_novelty,0,10,0.34,0.06911004288443635,0.0,0.0,0.14999999999999997,10
compositional,switch,exposed,mdi_no_novelty,1,10,0.37500000000000006,0.08961810320032132,0.0,0.0,0.14999999999999997,10
compositional,switch,exposed,mdi_no_novelty,2,10,0.8,0.0754052387618033,0.8,0.0754052387618033,0.14999999999999997,10
compositional,switch,exposed,mdi_no_novelty,3,10,0.7849999999999999,0.05853020497757165,0.7849999999999999,0.05853020497757165,0.14999999999999997,10
compositional,switch,exposed,mdi_no_novelty,4,10,0.9200000000000002,0.04524314325708195,0.9200000000000002,0.04524314325708195,0.14999999999999997,10
compositional,switch,exposed,mdi_no_novelty,5,10,0.0,0.0,-0.945,0.03556857998685376,0.14999999999999997,10
compositional,switch,exposed,mdi_no_novelty,6,10,0.425,0.018851309690450808,-0.15000000000000002,0.03770261938090161,0.14999999999999997,10
compositional,switch,exposed,mdi_no_novelty,7,10,0.78,0.045243143257082,0.56,0.09048628651416399,0.14999999999999997,10
compositional,switch,exposed,mdi_no_novelty,8,5,1.0,0.0,1.0,0.0,0.14999999999999997,10
compositional,switch,exposed,mdi_no_novelty,8,10,0.9400000000000001,0.036940871779830735,0.925,0.05128110656114112,0.14999999999999997,10
compositional,switch,exposed,mdi_no_novelty,8,25,0.502,0.021802417818576315,0.24200000000000005,0.03597391037193638,0.14999999999999997,10
compositional,switch,exposed,mdi_original,0,10,0.39,0.05791986290822425,0.0,0.0,0.14999999999999997,10
compositional,switch,exposed,mdi_original,1,10,0.38,0.09111249666087447,0.0,0.0,0.14999999999999997,10
compositional,switch,exposed,mdi_original,2,10,0.8699999999999999,0.07193201324708874,0.8649999999999999,0.07549943647343582,0.14999999999999997,10
compositional,switch,exposed,mdi_original,3,10,0.8,0.06308854906325866,0.74,0.10366506432665454,0.14999999999999997,10
compositional,switch,exposed,mdi_original,4,10,0.9100000000000001,0.06263629556878302,0.905,0.06627515673523317,0.14999999999999997,10
compositional,switch,exposed,mdi_original,5,10,0.15499999999999997,0.06838635757163815,-0.66,0.1524976577978936,0.14999999999999997,10
compositional,switch,exposed,mdi_original,6,10,0.44000000000000006,0.052783667133262324,-0.12,0.1055673342665246,0.14999999999999997,10
compositional,switch,exposed,mdi_original,7,10,0.5900000000000001,0.06032419100944261,0.19,0.12367378698830675,0.14999999999999997,10
compositional,switch,exposed,mdi_original,8,5,0.8200000000000001,0.12064838201888528,0.6400000000000001,0.24129676403777056,0.14999999999999997,10
compositional,switch,exposed,mdi_original,8,10,0.6499999999999999,0.06079364704696508,0.325,0.1121613322290846,0.14999999999999997,10
compositional,switch,exposed,mdi_original,8,25,0.44600000000000006,0.02701991828636485,0.06999999999999998,0.034555021442218184,0.14999999999999997,10
compositional,switch,exposed,mdi_reset,0,10,0.35500000000000004,0.07242436679176703,0.0,0.0,0.14999999999999997,10
compositional,switch,exposed,mdi_reset,1,10,0.35500000000000004,0.07242436679176703,0.0,0.0,0.14999999999999997,10
compositional,switch,exposed,mdi_reset,2,10,0.35500000000000004,0.07242436679176703,0.0,0.0,0.14999999999999997,10
compositional,switch,exposed,mdi_reset,3,10,0.35500000000000004,0.07242436679176703,0.0,0.0,0.14999999999999997,10
compositional,switch,exposed,mdi_reset,4,10,0.35500000000000004,0.07242436679176703,0.0,0.0,0.14999999999999997,10
compositional,switch,exposed,mdi_reset,5,10,0.35500000000000004,0.07242436679176703,0.0,0.0,0.14999999999999997,10
compositional,switch,exposed,mdi_reset,6,10,0.35500000000000004,0.07242436679176703,0.0,0.0,0.14999999999999997,10
compositional,switch,exposed,mdi_reset,7,10,0.35500000000000004,0.07242436679176703,0.0,0.0,0.14999999999999997,10
compositional,switch,exposed,mdi_reset,8,5,0.38,0.12064838201888528,0.0,0.0,0.14999999999999997,10
compositional,switch,exposed,mdi_reset,8,10,0.35500000000000004,0.07242436679176703,0.0,0.0,0.14999999999999997,10
compositional,switch,exposed,mdi_reset,8,25,0.32999999999999996,0.03455502144221818,0.0,0.0,0.14999999999999997,10
compositional,switch,exposed,mdi_with_delta,0,10,0.35500000000000004,0.07624882889894678,0.0,0.0,0.14999999999999997,10
compositional,switch,exposed,mdi_with_delta,1,10,0.325,0.04842989147725692,0.0,0.0,0.14999999999999997,10
compositional,switch,exposed,mdi_with_delta,2,10,0.8,0.06952019510772303,0.8,0.06952019510772303,0.14999999999999997,10
compositional,switch,exposed,mdi_with_delta,3,10,0.5599999999999999,0.0768985567747116,0.45499999999999996,0.10855473938443062,0.14999999999999997,10
compositional,switch,exposed,mdi_with_delta,4,10,0.745,0.04602191203318158,0.7300000000000001,0.05642811372291084,0.14999999999999997,10
compositional,switch,exposed,mdi_with_delta,5,10,0.07,0.0588933741601038,-0.7,0.12951275071025808,0.14999999999999997,10
compositional,switch,exposed,mdi_with_delta,6,10,0.42000000000000004,0.04828291119451135,-0.10999999999999999,0.1128562274458216,0.14999999999999997,10
compositional,switch,exposed,mdi_with_delta,7,10,0.475,0.030396823523482545,0.004999999999999999,0.05183253216332727,0.14999999999999997,10
compositional,switch,exposed,mdi_with_delta,8,5,0.8,0.0892206817157008,0.61,0.16674620133611173,0.14999999999999997,10
compositional,switch,exposed,mdi_with_delta,8,10,0.5599999999999999,0.055411307669746106,0.205,0.10039096788558362,0.14999999999999997,10
compositional,switch,exposed,mdi_with_delta,8,25,0.38,0.03932656111206624,0.02,0.024317458818786032,0.14999999999999997,10
compositional,switch,exposed,predicate_match,0,10,0.195,0.05183253216332726,0.0,0.0,0.14999999999999997,10
compositional,switch,exposed,predicate_match,1,10,0.255,0.02639183356663115,0.0,0.0,0.14999999999999997,10
compositional,switch,exposed,predicate_match,2,10,0.575,0.06364934719473757,0.575,0.06364934719473757,0.14999999999999997,10
compositional,switch,exposed,predicate_match,3,10,0.76,0.052783667133262324,0.76,0.052783667133262324,0.14999999999999997,10
compositional,switch,exposed,predicate_match,4,10,0.875,0.05655392907135247,0.875,0.05655392907135247,0.14999999999999997,10
compositional,switch,exposed,predicate_match,5,10,0.0,0.0,-0.875,0.05655392907135247,0.14999999999999997,10
compositional,switch,exposed,predicate_match,6,10,0.38500000000000006,0.05072368667405657,-0.14500000000000002,0.11241451840278611,0.14999999999999997,10
compositional,switch,exposed,predicate_match,7,10,0.86,0.05791986290822424,0.835,0.07917550069989343,0.14999999999999997,10
compositional,switch,exposed,predicate_match,8,5,0.8600000000000001,0.06032419100944265,0.8600000000000001,0.06032419100944265,0.14999999999999997,10
compositional,switch,exposed,predicate_match,8,10,0.875,0.04539996571433344,0.875,0.04539996571433344,0.14999999999999997,10
compositional,switch,exposed,predicate_match,8,25,0.536,0.014776348711932305,0.40800000000000003,0.029552697423864602,0.14999999999999997,10
compositional,switch,exposed,random,0,10,0.13,0.048282911194511356,0.0,0.0,0.14999999999999997,10
compositional,switch,exposed,random,1,10,0.13,0.048282911194511356,0.0,0.0,0.14999999999999997,10
compositional,switch,exposed,random,2,10,0.13,0.048282911194511356,0.0,0.0,0.14999999999999997,10
compositional,switch,exposed,random,3,10,0.13,0.048282911194511356,0.0,0.0,0.14999999999999997,10
compositional,switch,exposed,random,4,10,0.13,0.048282911194511356,0.0,0.0,0.14999999999999997,10
compositional,switch,exposed,random,5,10,0.13,0.048282911194511356,0.0,0.0,0.14999999999999997,10
compositional,switch,exposed,random,6,10,0.13,0.048282911194511356,0.0,0.0,0.14999999999999997,10
compositional,switch,exposed,random,7,10,0.13,0.048282911194511356,0.0,0.0,0.14999999999999997,10
compositional,switch,exposed,random,8,5,0.12000000000000002,0.06573676311525133,0.0,0.0,0.14999999999999997,10
compositional,switch,exposed,random,8,10,0.13,0.048282911194511356,0.0,0.0,0.14999999999999997,10
compositional,switch,exposed,random,8,25,0.14999999999999997,0.026337917609264336,0.0,0.0,0.14999999999999997,10
compositional,switch,exposed,recurrence,0,10,0.195,0.05183253216332726,0.0,0.0,0.14999999999999997,10
compositional,switch,exposed,recurrence,1,10,0.25,0.047690460399222645,0.0,0.0,0.14999999999999997,10
compositional,switch,exposed,recurrence,2,10,0.505,0.07989041814719285,0.39,0.09357544042319985,0.14999999999999997,10
compositional,switch,exposed,recurrence,3,10,0.6099999999999999,0.07310809141785256,0.525,0.07772594103495849,0.14999999999999997,10
compositional,switch,exposed,recurrence,4,10,0.7,0.08761297018237744,0.655,0.10590342978180263,0.14999999999999997,10
compositional,switch,exposed,recurrence,5,10,0.175,0.03863368845438133,-0.4149999999999999,0.09982298048220059,0.14999999999999997,10
compositional,switch,exposed,recurrence,6,10,0.3,0.05592202176243729,-0.20999999999999996,0.1177867483202076,0.14999999999999997,10
compositional,switch,exposed,recurrence,7,10,0.41000000000000003,0.06263629556878303,-0.015000000000000003,0.1370322954017514,0.14999999999999997,10
compositional,switch,exposed,recurrence,8,5,0.63,0.09567852189852508,0.38,0.13404328443980185,0.14999999999999997,10
compositional,switch,exposed,recurrence,8,10,0.525,0.05128110656114111,0.255,0.0640944529475328,0.14999999999999997,10
compositional,switch,exposed,recurrence,8,25,0.362,0.028969746716706823,0.03599999999999998,0.053447369406181444,0.14999999999999997,10
compositional,switch,exposed,similarity,0,10,0.135,0.047839260949262545,0.0,0.0,0.14999999999999997,10
compositional,switch,exposed,similarity,1,10,0.135,0.047839260949262545,0.0,0.0,0.14999999999999997,10
compositional,switch,exposed,similarity,2,10,0.135,0.047839260949262545,0.0,0.0,0.14999999999999997,10
compositional,switch,exposed,similarity,3,10,0.135,0.047839260949262545,0.0,0.0,0.14999999999999997,10
compositional,switch,exposed,similarity,4,10,0.135,0.047839260949262545,0.0,0.0,0.14999999999999997,10
compositional,switch,exposed,similarity,5,10,0.135,0.047839260949262545,0.0,0.0,0.14999999999999997,10
compositional,switch,exposed,similarity,6,10,0.135,0.047839260949262545,0.0,0.0,0.14999999999999997,10
compositional,switch,exposed,similarity,7,10,0.135,0.047839260949262545,0.0,0.0,0.14999999999999997,10
compositional,switch,exposed,similarity,8,5,0.09,0.0527836671332623,0.0,0.0,0.14999999999999997,10
compositional,switch,exposed,similarity,8,10,0.135,0.047839260949262545,0.0,0.0,0.14999999999999997,10
compositional,switch,exposed,similarity,8,25,0.186,0.043735038481845914,0.0,0.0,0.14999999999999997,10
compositional,switch,exposed,value_profile,0,10,0.195,0.05183253216332726,0.0,0.0,0.14999999999999997,10
compositional,switch,exposed,value_profile,1,10,0.31999999999999995,0.09111249666087447,0.0,0.0,0.14999999999999997,10
compositional,switch,exposed,value_profile,2,10,0.5650000000000001,0.07549943647343584,0.5650000000000001,0.07549943647343584,0.14999999999999997,10
compositional,switch,exposed,value_profile,3,10,0.59,0.062636295568783,0.5549999999999999,0.08165033014856429,0.14999999999999997,10
compositional,switch,exposed,value_profile,4,10,0.9000000000000001,0.05592202176243727,0.9000000000000001,0.05592202176243727,0.14999999999999997,10
compositional,switch,exposed,value_profile,5,10,0.0,0.0,-0.905,0.05705441607566245,0.14999999999999997,10
compositional,switch,exposed,value_profile,6,10,0.43,0.03016209550472131,-0.07999999999999999,0.0812139276107275,0.14999999999999997,10
compositional,switch,exposed,value_profile,7,10,0.86,0.06032419100944262,0.775,0.11088673025103978,0.14999999999999997,10
compositional,switch,exposed,value_profile,8,5,0.9400000000000001,0.05001817684001293,0.9400000000000001,0.05001817684001293,0.14999999999999997,10
compositional,switch,exposed,value_profile,8,10,0.8300000000000001,0.07388174355966147,0.77,0.09567852189852508,0.14999999999999997,10
compositional,switch,exposed,value_profile,8,25,0.42600000000000005,0.030199774589374322,0.13799999999999998,0.052869774314700795,0.14999999999999997,10
compositional,switch,holdout,association_only,0,10,0.34500000000000003,0.07436118884757448,0.0,0.0,0.14999999999999997,10
compositional,switch,holdout,association_only,1,10,0.45000000000000007,0.033722247946198845,0.0,0.0,0.14999999999999997,10
compositional,switch,holdout,association_only,2,10,0.99,0.02262157162854098,0.99,0.02262157162854098,0.14999999999999997,10
compositional,switch,holdout,association_only,3,10,0.8400000000000001,0.04396843198393991,0.775,0.07002950737528384,0.14999999999999997,10
compositional,switch,holdout,association_only,4,10,0.9650000000000001,0.0294466870800519,0.9650000000000001,0.0294466870800519,0.14999999999999997,10
compositional,switch,holdout,association_only,5,10,0.1,0.06530285234615271,-0.79,0.12707516709781558,0.14999999999999997,10
compositional,switch,holdout,association_only,6,10,0.43999999999999995,0.06032419100944264,-0.12,0.12064838201888528,0.14999999999999997,10
compositional,switch,holdout,association_only,7,10,0.59,0.04060696380536375,0.18000000000000002,0.0812139276107275,0.14999999999999997,10
compositional,switch,holdout,association_only,8,5,0.8400000000000001,0.07689855677471161,0.6799999999999999,0.15379711354942324,0.14999999999999997,10
compositional,switch,holdout,association_only,8,10,0.735,0.06754979571591214,0.47000000000000003,0.13509959143182426,0.14999999999999997,10
compositional,switch,holdout,association_only,8,25,0.504,0.02680865688796037,0.11400000000000002,0.038773253521627186,0.14999999999999997,10
compositional,switch,holdout,clustering,0,10,0.19,0.040606963805363765,0.0,0.0,0.14999999999999997,10
compositional,switch,holdout,clustering,1,10,0.19,0.040606963805363765,0.0,0.0,0.14999999999999997,10
compositional,switch,holdout,clustering,2,10,0.19,0.040606963805363765,0.0,0.0,0.14999999999999997,10
compositional,switch,holdout,clustering,3,10,0.19,0.040606963805363765,0.0,0.0,0.14999999999999997,10
compositional,switch,holdout,clustering,4,10,0.19,0.040606963805363765,0.0,0.0,0.14999999999999997,10
compositional,switch,holdout,clustering,5,10,0.19,0.040606963805363765,0.0,0.0,0.14999999999999997,10
compositional,switch,holdout,clustering,6,10,0.19,0.040606963805363765,0.0,0.0,0.14999999999999997,10
compositional,switch,holdout,clustering,7,10,0.19,0.040606963805363765,0.0,0.0,0.14999999999999997,10
compositional,switch,holdout,clustering,8,5,0.15000000000000002,0.06079364704696509,0.0,0.0,0.14999999999999997,10
compositional,switch,holdout,clustering,8,10,0.19,0.040606963805363765,0.0,0.0,0.14999999999999997,10
compositional,switch,holdout,clustering,8,25,0.158,0.01712877758885868,0.0,0.0,0.14999999999999997,10
compositional,switch,holdout,competing_models,0,10,0.195,0.05183253216332726,0.0,0.0,0.14999999999999997,10
compositional,switch,holdout,competing_models,1,10,0.38,0.04828291119451137,0.0,0.0,0.14999999999999997,10
compositional,switch,holdout,competing_models,2,10,0.76,0.09204382406636306,0.76,0.09204382406636306,0.14999999999999997,10
compositional,switch,holdout,competing_models,3,10,0.665,0.09693313380406796,0.665,0.09693313380406796,0.14999999999999997,10
compositional,switch,holdout,competing_models,4,10,0.905,0.04901340519517213,0.905,0.04901340519517213,0.14999999999999997,10
compositional,switch,holdout,competing_models,5,10,0.0,0.0,-0.89,0.052783667133262296,0.14999999999999997,10
compositional,switch,holdout,competing_models,6,10,0.325,0.08961810320032132,-0.265,0.1855106804824601,0.14999999999999997,10
compositional,switch,holdout,competing_models,7,10,0.905,0.04901340519517213,0.905,0.04901340519517213,0.14999999999999997,10
compositional,switch,holdout,competing_models,8,5,0.85,0.10796387158251297,0.85,0.10796387158251297,0.14999999999999997,10
compositional,switch,holdout,competing_models,8,10,0.8099999999999999,0.11778674832020763,0.8099999999999999,0.11778674832020763,0.14999999999999997,10
compositional,switch,holdout,competing_models,8,25,0.5999999999999999,8.371663225071135e-17,0.5999999999999999,8.371663225071135e-17,0.14999999999999997,10
compositional,switch,holdout,context_oracle,0,10,0.635,0.0696223556258885,0.635,0.0696223556258885,0.14999999999999997,10
compositional,switch,holdout,context_oracle,1,10,0.5999999999999999,0.05058337191929824,0.5999999999999999,0.05058337191929824,0.14999999999999997,10
compositional,switch,holdout,context_oracle,2,10,0.585,0.047839260949262524,0.585,0.047839260949262524,0.14999999999999997,10
compositional,switch,holdout,context_oracle,3,10,0.5799999999999998,0.053850111575460304,0.5799999999999998,0.053850111575460304,0.14999999999999997,10
compositional,switch,holdout,context_oracle,4,10,0.5799999999999998,0.06353758354890776,0.5799999999999998,0.06353758354890776,0.14999999999999997,10
compositional,switch,holdout,context_oracle,5,10,0.595,0.061836893494153375,0.595,0.061836893494153375,0.14999999999999997,10
compositional,switch,holdout,context_oracle,6,10,0.6049999999999999,0.07624882889894678,0.6049999999999999,0.07624882889894678,0.14999999999999997,10
compositional,switch,holdout,context_oracle,7,10,0.5799999999999998,0.03844927838735578,0.5799999999999998,0.03844927838735578,0.14999999999999997,10
compositional,switch,holdout,context_oracle,8,5,0.53,0.0829457626379836,0.53,0.0829457626379836,0.14999999999999997,10
compositional,switch,holdout,context_oracle,8,10,0.5999999999999999,0.07540523876180329,0.5999999999999999,0.07540523876180329,0.14999999999999997,10
compositional,switch,holdout,context_oracle,8,25,0.5999999999999999,8.371663225071135e-17,0.5999999999999999,8.371663225071135e-17,0.14999999999999997,10
compositional,switch,holdout,delta_only,0,10,0.18000000000000002,0.03016209550472132,0.0,0.0,0.14999999999999997,10
compositional,switch,holdout,delta_only,1,10,0.21999999999999997,0.03455502144221818,0.0,0.0,0.14999999999999997,10
compositional,switch,holdout,delta_only,2,10,0.41000000000000003,0.07310809141785257,0.41000000000000003,0.07310809141785257,0.14999999999999997,10
compositional,switch,holdout,delta_only,3,10,0.5199999999999999,0.07578132707370469,0.47000000000000003,0.09111249666087447,0.14999999999999997,10
compositional,switch,holdout,delta_only,4,10,0.4149999999999999,0.0654115998858401,0.38000000000000006,0.0757813270737047,0.14999999999999997,10
compositional,switch,holdout,delta_only,5,10,0.034999999999999996,0.0294466870800519,-0.38500000000000006,0.06962235562588852,0.14999999999999997,10
compositional,switch,holdout,delta_only,6,10,0.175,0.06137541769047296,-0.34500000000000003,0.12441864395697542,0.14999999999999997,10
compositional,switch,holdout,delta_only,7,10,0.07,0.06353758354890779,-0.375,0.139295744682573,0.14999999999999997,10
compositional,switch,holdout,delta_only,8,5,0.1,0.0754052387618033,-0.27999999999999997,0.1297320781336085,0.14999999999999997,10
compositional,switch,holdout,delta_only,8,10,0.10500000000000001,0.05183253216332726,-0.265,0.09242910755908365,0.14999999999999997,10
compositional,switch,holdout,delta_only,8,25,0.16199999999999998,0.034024394581869066,-0.094,0.07296796290594441,0.14999999999999997,10
compositional,switch,holdout,frequency,0,10,0.225,0.05128110656114111,0.0,0.0,0.14999999999999997,10
compositional,switch,holdout,frequency,1,10,0.225,0.05128110656114111,0.0,0.0,0.14999999999999997,10
compositional,switch,holdout,frequency,2,10,0.225,0.05128110656114111,0.0,0.0,0.14999999999999997,10
compositional,switch,holdout,frequency,3,10,0.22000000000000003,0.04828291119451135,0.0,0.0,0.14999999999999997,10
compositional,switch,holdout,frequency,4,10,0.22999999999999998,0.04828291119451135,0.0,0.0,0.14999999999999997,10
compositional,switch,holdout,frequency,5,10,0.22999999999999998,0.04828291119451135,0.0,0.0,0.14999999999999997,10
compositional,switch,holdout,frequency,6,10,0.22000000000000003,0.04828291119451135,0.0,0.0,0.14999999999999997,10
compositional,switch,holdout,frequency,7,10,0.225,0.045399965714333454,0.0,0.0,0.14999999999999997,10
compositional,switch,holdout,frequency,8,5,0.19,0.08564388794429341,0.0,0.0,0.14999999999999997,10
compositional,switch,holdout,frequency,8,10,0.225,0.05128110656114111,0.0,0.0,0.14999999999999997,10
compositional,switch,holdout,frequency,8,25,0.264,0.025054518227513208,0.0,0.0,0.14999999999999997,10
compositional,switch,holdout,mdi,0,10,0.35500000000000004,0.07242436679176703,0.0,0.0,0.14999999999999997,10
compositional,switch,holdout,mdi,1,10,0.4149999999999999,0.04476938001062118,0.0,0.0,0.14999999999999997,10
compositional,switch,holdout,mdi,2,10,0.89,0.047090556513621463,0.89,0.047090556513621463,0.14999999999999997,10
compositional,switch,holdout,mdi,3,10,0.825,0.07203075318821235,0.8200000000000001,0.06992794168387287,0.14999999999999997,10
compositional,switch,holdout,mdi,4,10,0.93,0.03844927838735578,0.93,0.03844927838735578,0.14999999999999997,10
compositional,switch,holdout,mdi,5,10,0.005,0.011310785814270492,-0.9650000000000001,0.033932357442811485,0.14999999999999997,10
compositional,switch,holdout,mdi,6,10,0.44000000000000006,0.03286838155762566,-0.12000000000000002,0.06573676311525131,0.14999999999999997,10
compositional,switch,holdout,mdi,7,10,0.78,0.06353758354890783,0.5650000000000001,0.12623341462033968,0.14999999999999997,10
compositional,switch,holdout,mdi,8,5,1.0,0.0,1.0,0.0,0.14999999999999997,10
compositional,switch,holdout,mdi,8,10,0.93,0.051142321173889796,0.9200000000000002,0.05889337416010379,0.14999999999999997,10
compositional,switch,holdout,mdi,8,25,0.562,0.017128777588858664,0.35,0.035847241280128526,0.14999999999999997,10
compositional,switch,holdout,mdi_decay0,0,10,0.35500000000000004,0.07242436679176703,0.0,0.0,0.14999999999999997,10
compositional,switch,holdout,mdi_decay0,1,10,0.4149999999999999,0.04476938001062118,0.0,0.0,0.14999999999999997,10
compositional,switch,holdout,mdi_decay0,2,10,0.8800000000000001,0.038449278387355776,0.8800000000000001,0.038449278387355776,0.14999999999999997,10
compositional,switch,holdout,mdi_decay0,3,10,0.8299999999999998,0.07193201324708874,0.825,0.07002950737528386,0.14999999999999997,10
compositional,switch,holdout,mdi_decay0,4,10,0.93,0.03844927838735578,0.93,0.03844927838735578,0.14999999999999997,10
compositional,switch,holdout,mdi_decay0,5,10,0.005,0.011310785814270492,-0.97,0.034555021442218184,0.14999999999999997,10
compositional,switch,holdout,mdi_decay0,6,10,0.31500000000000006,0.047839260949262545,-0.36,0.09802681039034428,0.14999999999999997,10
compositional,switch,holdout,mdi_decay0,7,10,0.51,0.028214056861455422,0.02,0.05642811372291084,0.14999999999999997,10
compositional,switch,holdout,mdi_decay0,8,5,0.95,0.050583371919298264,0.9000000000000001,0.10116674383859653,0.14999999999999997,10
compositional,switch,holdout,mdi_decay0,8,10,0.765,0.060910445708045664,0.545,0.12555594954333646,0.14999999999999997,10
compositional,switch,holdout,mdi_decay0,8,25,0.4680000000000001,0.027971176673549144,0.10400000000000001,0.03978653653072252,0.14999999999999997,10
compositional,switch,holdout,mdi_decay020,0,10,0.35500000000000004,0.07242436679176703,0.0,0.0,0.14999999999999997,10
compositional,switch,holdout,mdi_decay020,1,10,0.41,0.040606963805363765,0.0,0.0,0.14999999999999997,10
compositional,switch,holdout,mdi_decay020,2,10,0.8700000000000001,0.04524314325708196,0.8700000000000001,0.04524314325708196,0.14999999999999997,10
compositional,switch,holdout,mdi_decay020,3,10,0.8099999999999999,0.05541130766974611,0.7999999999999999,0.04769046039922267,0.14999999999999997,10
compositional,switch,holdout,mdi_decay020,4,10,0.925,0.04539996571433345,0.925,0.04539996571433345,0.14999999999999997,10
compositional,switch,holdout,mdi_decay020,5,10,0.02,0.01847043588991537,-0.9450000000000001,0.046021912033181546,0.14999999999999997,10
compositional,switch,holdout,mdi_decay020,6,10,0.5799999999999998,0.038449278387355776,0.19,0.062636295568783,0.14999999999999997,10
compositional,switch,holdout,mdi_decay020,7,10,0.9,0.06308854906325863,0.85,0.10256221312228223,0.14999999999999997,10
compositional,switch,holdout,mdi_decay020,8,5,0.96,0.06911004288443637,0.96,0.06911004288443637,0.14999999999999997,10
compositional,switch,holdout,mdi_decay020,8,10,0.8699999999999999,0.06992794168387287,0.8699999999999999,0.06992794168387287,0.14999999999999997,10
compositional,switch,holdout,mdi_decay020,8,25,0.576,0.011285622744582143,0.43000000000000005,0.03181350508549744,0.14999999999999997,10
compositional,switch,holdout,mdi_no_novelty,0,10,0.34,0.06911004288443635,0.0,0.0,0.14999999999999997,10
compositional,switch,holdout,mdi_no_novelty,1,10,0.40499999999999997,0.059493729882829166,0.0,0.0,0.14999999999999997,10
compositional,switch,holdout,mdi_no_novelty,2,10,0.85,0.05840864678825162,0.85,0.05840864678825162,0.14999999999999997,10
compositional,switch,holdout,mdi_no_novelty,3,10,0.7849999999999999,0.07359257711325339,0.7849999999999999,0.07359257711325339,0.14999999999999997,10
compositional,switch,holdout,mdi_no_novelty,4,10,0.925,0.04539996571433345,0.925,0.04539996571433345,0.14999999999999997,10
compositional,switch,holdout,mdi_no_novelty,5,10,0.0,0.0,-0.9550000000000001,0.026391833566631148,0.14999999999999997,10
compositional,switch,holdout,mdi_no_novelty,6,10,0.44000000000000006,0.015081047752360651,-0.12000000000000004,0.030162095504721292,0.14999999999999997,10
compositional,switch,holdout,mdi_no_novelty,7,10,0.78,0.03455502144221819,0.575,0.05901393390584799,0.14999999999999997,10
compositional,switch,holdout,mdi_no_novelty,8,5,0.99,0.02262157162854098,0.99,0.02262157162854098,0.14999999999999997,10
compositional,switch,holdout,mdi_no_novelty,8,10,0.9200000000000002,0.04524314325708195,0.8800000000000001,0.06786471488562294,0.14999999999999997,10
compositional,switch,holdout,mdi_no_novelty,8,25,0.514,0.023412081991028653,0.25200000000000006,0.03317830505519345,0.14999999999999997,10
compositional,switch,holdout,mdi_original,0,10,0.39,0.05791986290822425,0.0,0.0,0.14999999999999997,10
compositional,switch,holdout,mdi_original,1,10,0.445,0.03936269025254045,0.0,0.0,0.14999999999999997,10
compositional,switch,holdout,mdi_original,2,10,0.8800000000000001,0.07388174355966147,0.8699999999999999,0.07944434867455495,0.14999999999999997,10
compositional,switch,holdout,mdi_original,3,10,0.8150000000000001,0.04147288131899182,0.7450000000000001,0.0640944529475328,0.14999999999999997,10
compositional,switch,holdout,mdi_original,4,10,0.9049999999999999,0.05450604454644074,0.9,0.0533195556654618,0.14999999999999997,10
compositional,switch,holdout,mdi_original,5,10,0.215,0.0585302049775716,-0.55,0.13060570469230542,0.14999999999999997,10
compositional,switch,holdout,mdi_original,6,10,0.39999999999999997,0.05592202176243728,-0.19000000000000003,0.1141088321513249,0.14999999999999997,10
compositional,switch,holdout,mdi_original,7,10,0.575,0.03863368845438132,0.16000000000000006,0.0768985567747116,0.14999999999999997,10
compositional,switch,holdout,mdi_original,8,5,0.8,0.11184404352487458,0.6000000000000001,0.22368808704974916,0.14999999999999997,10
compositional,switch,holdout,mdi_original,8,10,0.615,0.05072368667405654,0.25999999999999995,0.06702164221990087,0.14999999999999997,10
compositional,switch,holdout,mdi_original,8,25,0.46799999999999997,0.020456928469555928,0.1,0.030906950763505067,0.14999999999999997,10
compositional,switch,holdout,mdi_reset,0,10,0.35500000000000004,0.07242436679176703,0.0,0.0,0.14999999999999997,10
compositional,switch,holdout,mdi_reset,1,10,0.35500000000000004,0.07242436679176703,0.0,0.0,0.14999999999999997,10
compositional,switch,holdout,mdi_reset,2,10,0.35500000000000004,0.07242436679176703,0.0,0.0,0.14999999999999997,10
compositional,switch,holdout,mdi_reset,3,10,0.35500000000000004,0.07242436679176703,0.0,0.0,0.14999999999999997,10
compositional,switch,holdout,mdi_reset,4,10,0.35500000000000004,0.07242436679176703,0.0,0.0,0.14999999999999997,10
compositional,switch,holdout,mdi_reset,5,10,0.35500000000000004,0.07242436679176703,0.0,0.0,0.14999999999999997,10
compositional,switch,holdout,mdi_reset,6,10,0.35500000000000004,0.07242436679176703,0.0,0.0,0.14999999999999997,10
compositional,switch,holdout,mdi_reset,7,10,0.35500000000000004,0.07242436679176703,0.0,0.0,0.14999999999999997,10
compositional,switch,holdout,mdi_reset,8,5,0.38,0.12064838201888528,0.0,0.0,0.14999999999999997,10
compositional,switch,holdout,mdi_reset,8,10,0.35500000000000004,0.07242436679176703,0.0,0.0,0.14999999999999997,10
compositional,switch,holdout,mdi_reset,8,25,0.32999999999999996,0.03455502144221818,0.0,0.0,0.14999999999999997,10
compositional,switch,holdout,mdi_with_delta,0,10,0.35500000000000004,0.07624882889894678,0.0,0.0,0.14999999999999997,10
compositional,switch,holdout,mdi_with_delta,1,10,0.40499999999999997,0.05183253216332726,0.0,0.0,0.14999999999999997,10
compositional,switch,holdout,mdi_with_delta,2,10,0.8300000000000001,0.030162095504721324,0.8300000000000001,0.030162095504721324,0.14999999999999997,10
compositional,switch,holdout,mdi_with_delta,3,10,0.5849999999999999,0.06754979571591212,0.49499999999999994,0.09604922658770136,0.14999999999999997,10
compositional,switch,holdout,mdi_with_delta,4,10,0.7700000000000001,0.06992794168387287,0.765,0.0654115998858401,0.14999999999999997,10
compositional,switch,holdout,mdi_with_delta,5,10,0.04,0.04709055651362149,-0.7949999999999999,0.0899347759298409,0.14999999999999997,10
compositional,switch,holdout,mdi_with_delta,6,10,0.42000000000000004,0.03016209550472131,-0.12000000000000002,0.06573676311525131,0.14999999999999997,10
compositional,switch,holdout,mdi_with_delta,7,10,0.4600000000000001,0.06032419100944262,-0.039999999999999994,0.11158956300508925,0.14999999999999997,10
compositional,switch,holdout,mdi_with_delta,8,5,0.7200000000000001,0.09418111302724298,0.4699999999999999,0.16877976674930578,0.14999999999999997,10
compositional,switch,holdout,mdi_with_delta,8,10,0.585,0.0696223556258885,0.23999999999999994,0.1259515803445972,0.14999999999999997,10
compositional,switch,holdout,mdi_with_delta,8,25,0.39,0.028812301275284936,0.02799999999999999,0.03767244521089719,0.14999999999999997,10
compositional,switch,holdout,predicate_match,0,10,0.195,0.05183253216332726,0.0,0.0,0.14999999999999997,10
compositional,switch,holdout,predicate_match,1,10,0.255,0.02639183356663115,0.0,0.0,0.14999999999999997,10
compositional,switch,holdout,predicate_match,2,10,0.575,0.06364934719473757,0.575,0.06364934719473757,0.14999999999999997,10
compositional,switch,holdout,predicate_match,3,10,0.76,0.052783667133262324,0.76,0.052783667133262324,0.14999999999999997,10
compositional,switch,holdout,predicate_match,4,10,0.875,0.05655392907135247,0.875,0.05655392907135247,0.14999999999999997,10
compositional,switch,holdout,predicate_match,5,10,0.0,0.0,-0.875,0.05655392907135247,0.14999999999999997,10
compositional,switch,holdout,predicate_match,6,10,0.38500000000000006,0.05072368667405657,-0.14500000000000002,0.11241451840278611,0.14999999999999997,10
compositional,switch,holdout,predicate_match,7,10,0.86,0.05791986290822424,0.835,0.07917550069989343,0.14999999999999997,10
compositional,switch,holdout,predicate_match,8,5,0.8600000000000001,0.06032419100944265,0.8600000000000001,0.06032419100944265,0.14999999999999997,10
compositional,switch,holdout,predicate_match,8,10,0.875,0.04539996571433344,0.875,0.04539996571433344,0.14999999999999997,10
compositional,switch,holdout,predicate_match,8,25,0.536,0.014776348711932305,0.40800000000000003,0.029552697423864602,0.14999999999999997,10
compositional,switch,holdout,random,0,10,0.13,0.048282911194511356,0.0,0.0,0.14999999999999997,10
compositional,switch,holdout,random,1,10,0.13,0.048282911194511356,0.0,0.0,0.14999999999999997,10
compositional,switch,holdout,random,2,10,0.13,0.048282911194511356,0.0,0.0,0.14999999999999997,10
compositional,switch,holdout,random,3,10,0.13,0.048282911194511356,0.0,0.0,0.14999999999999997,10
compositional,switch,holdout,random,4,10,0.13,0.048282911194511356,0.0,0.0,0.14999999999999997,10
compositional,switch,holdout,random,5,10,0.13,0.048282911194511356,0.0,0.0,0.14999999999999997,10
compositional,switch,holdout,random,6,10,0.13,0.048282911194511356,0.0,0.0,0.14999999999999997,10
compositional,switch,holdout,random,7,10,0.13,0.048282911194511356,0.0,0.0,0.14999999999999997,10
compositional,switch,holdout,random,8,5,0.12000000000000002,0.06573676311525133,0.0,0.0,0.14999999999999997,10
compositional,switch,holdout,random,8,10,0.13,0.048282911194511356,0.0,0.0,0.14999999999999997,10
compositional,switch,holdout,random,8,25,0.14999999999999997,0.026337917609264336,0.0,0.0,0.14999999999999997,10
compositional,switch,holdout,recurrence,0,10,0.195,0.05183253216332726,0.0,0.0,0.14999999999999997,10
compositional,switch,holdout,recurrence,1,10,0.195,0.05183253216332726,0.0,0.0,0.14999999999999997,10
compositional,switch,holdout,recurrence,2,10,0.195,0.05183253216332726,0.0,0.0,0.14999999999999997,10
compositional,switch,holdout,recurrence,3,10,0.195,0.05183253216332726,0.0,0.0,0.14999999999999997,10
compositional,switch,holdout,recurrence,4,10,0.195,0.05183253216332726,0.0,0.0,0.14999999999999997,10
compositional,switch,holdout,recurrence,5,10,0.195,0.05183253216332726,0.0,0.0,0.14999999999999997,10
compositional,switch,holdout,recurrence,6,10,0.195,0.05183253216332726,0.0,0.0,0.14999999999999997,10
compositional,switch,holdout,recurrence,7,10,0.195,0.05183253216332726,0.0,0.0,0.14999999999999997,10
compositional,switch,holdout,recurrence,8,5,0.22000000000000003,0.07388174355966148,0.0,0.0,0.14999999999999997,10
compositional,switch,holdout,recurrence,8,10,0.195,0.05183253216332726,0.0,0.0,0.14999999999999997,10
compositional,switch,holdout,recurrence,8,25,0.16599999999999998,0.029437030845301346,0.0,0.0,0.14999999999999997,10
compositional,switch,holdout,similarity,0,10,0.135,0.047839260949262545,0.0,0.0,0.14999999999999997,10
compositional,switch,holdout,similarity,1,10,0.135,0.047839260949262545,0.0,0.0,0.14999999999999997,10
compositional,switch,holdout,similarity,2,10,0.135,0.047839260949262545,0.0,0.0,0.14999999999999997,10
compositional,switch,holdout,similarity,3,10,0.135,0.047839260949262545,0.0,0.0,0.14999999999999997,10
compositional,switch,holdout,similarity,4,10,0.135,0.047839260949262545,0.0,0.0,0.14999999999999997,10
compositional,switch,holdout,similarity,5,10,0.135,0.047839260949262545,0.0,0.0,0.14999999999999997,10
compositional,switch,holdout,similarity,6,10,0.135,0.047839260949262545,0.0,0.0,0.14999999999999997,10
compositional,switch,holdout,similarity,7,10,0.135,0.047839260949262545,0.0,0.0,0.14999999999999997,10
compositional,switch,holdout,similarity,8,5,0.09,0.0527836671332623,0.0,0.0,0.14999999999999997,10
compositional,switch,holdout,similarity,8,10,0.135,0.047839260949262545,0.0,0.0,0.14999999999999997,10
compositional,switch,holdout,similarity,8,25,0.186,0.043735038481845914,0.0,0.0,0.14999999999999997,10
compositional,switch,holdout,value_profile,0,10,0.195,0.05183253216332726,0.0,0.0,0.14999999999999997,10
compositional,switch,holdout,value_profile,1,10,0.325,0.05655392907135247,0.0,0.0,0.14999999999999997,10
compositional,switch,holdout,value_profile,2,10,0.6699999999999999,0.1120979463340934,0.6699999999999999,0.1120979463340934,0.14999999999999997,10
compositional,switch,holdout,value_profile,3,10,0.59,0.07310809141785256,0.5399999999999998,0.09508238823269034,0.14999999999999997,10
compositional,switch,holdout,value_profile,4,10,0.905,0.05705441607566245,0.905,0.05705441607566245,0.14999999999999997,10
compositional,switch,holdout,value_profile,5,10,0.005,0.011310785814270492,-0.9000000000000001,0.0653028523461527,0.14999999999999997,10
compositional,switch,holdout,value_profile,6,10,0.43,0.03016209550472131,-0.07999999999999999,0.0812139276107275,0.14999999999999997,10
compositional,switch,holdout,value_profile,7,10,0.85,0.047690460399222645,0.76,0.09048628651416392,0.14999999999999997,10
compositional,switch,holdout,value_profile,8,5,0.9400000000000001,0.05001817684001293,0.9400000000000001,0.05001817684001293,0.14999999999999997,10
compositional,switch,holdout,value_profile,8,10,0.8450000000000001,0.0640944529475328,0.7849999999999999,0.08769405578065123,0.14999999999999997,10
compositional,switch,holdout,value_profile,8,25,0.42200000000000004,0.03123634142494178,0.13600000000000004,0.04613913406482696,0.14999999999999997,10
distributional,ambiguous,exposed,association_only,0,10,0.42000000000000004,0.04828291119451135,0.0,0.0,0.14999999999999997,10
distributional,ambiguous,exposed,association_only,1,10,0.43,0.048282911194511356,0.0,0.0,0.14999999999999997,10
distributional,ambiguous,exposed,association_only,2,10,0.40499999999999997,0.06838635757163815,0.0,0.0,0.14999999999999997,10
distributional,ambiguous,exposed,association_only,3,10,0.425,0.04842989147725692,0.0,0.0,0.14999999999999997,10
distributional,ambiguous,exposed,association_only,4,10,0.43,0.02500908842000647,0.0,0.0,0.14999999999999997,10
distributional,ambiguous,exposed,association_only,5,10,0.375,0.07397788119767551,0.0,0.0,0.14999999999999997,10
distributional,ambiguous,exposed,association_only,6,10,0.805,0.07436118884757448,0.7799999999999999,0.10283903471380741,0.14999999999999997,10
distributional,ambiguous,exposed,association_only,7,10,0.9199999999999999,0.04198386011486571,0.9199999999999999,0.04198386011486571,0.14999999999999997,10
distributional,ambiguous,exposed,association_only,8,5,0.95,0.050583371919298264,0.95,0.050583371919298264,0.14999999999999997,10
distributional,ambiguous,exposed,association_only,8,10,0.8549999999999999,0.07809085356235448,0.8549999999999999,0.07809085356235448,0.14999999999999997,10
distributional,ambiguous,exposed,association_only,8,25,0.5800000000000001,0.016520460089561026,0.43600000000000005,0.03491514982090363,0.14999999999999997,10
distributional,ambiguous,exposed,clustering,0,10,0.15,0.04130115022390259,0.0,0.0,0.14999999999999997,10
distributional,ambiguous,exposed,clustering,1,10,0.15,0.04130115022390259,0.0,0.0,0.14999999999999997,10
distributional,ambiguous,exposed,clustering,2,10,0.15,0.04130115022390259,0.0,0.0,0.14999999999999997,10
distributional,ambiguous,exposed,clustering,3,10,0.15,0.04130115022390259,0.0,0.0,0.14999999999999997,10
distributional,ambiguous,exposed,clustering,4,10,0.15,0.04130115022390259,0.0,0.0,0.14999999999999997,10
distributional,ambiguous,exposed,clustering,5,10,0.15,0.04130115022390259,0.0,0.0,0.14999999999999997,10
distributional,ambiguous,exposed,clustering,6,10,0.15,0.04130115022390259,0.0,0.0,0.14999999999999997,10
distributional,ambiguous,exposed,clustering,7,10,0.15,0.04130115022390259,0.0,0.0,0.14999999999999997,10
distributional,ambiguous,exposed,clustering,8,5,0.12000000000000002,0.03016209550472132,0.0,0.0,0.14999999999999997,10
distributional,ambiguous,exposed,clustering,8,10,0.15,0.04130115022390259,0.0,0.0,0.14999999999999997,10
distributional,ambiguous,exposed,clustering,8,25,0.15799999999999997,0.015745076101016175,0.0,0.0,0.14999999999999997,10
distributional,ambiguous,exposed,competing_models,0,10,0.17,0.03016209550472132,0.0,0.0,0.14999999999999997,10
distributional,ambiguous,exposed,competing_models,1,10,0.32999999999999996,0.05385011157546033,0.0,0.0,0.14999999999999997,10
distributional,ambiguous,exposed,competing_models,2,10,0.28500000000000003,0.07549943647343582,0.0,0.0,0.14999999999999997,10
distributional,ambiguous,exposed,competing_models,3,10,0.25,0.12504544210003235,0.0,0.0,0.14999999999999997,10
distributional,ambiguous,exposed,competing_models,4,10,0.25,0.12951275071025808,0.0,0.0,0.14999999999999997,10
distributional,ambiguous,exposed,competing_models,5,10,0.27499999999999997,0.12070727798627838,0.0,0.0,0.14999999999999997,10
distributional,ambiguous,exposed,competing_models,6,10,0.7950000000000002,0.1558628291633887,0.7950000000000002,0.1558628291633887,0.14999999999999997,10
distributional,ambiguous,exposed,competing_models,7,10,0.9199999999999999,0.04828291119451135,0.9199999999999999,0.04828291119451135,0.14999999999999997,10
distributional,ambiguous,exposed,competing_models,8,5,0.95,0.050583371919298264,0.95,0.050583371919298264,0.14999999999999997,10
distributional,ambiguous,exposed,competing_models,8,10,0.9099999999999999,0.05001817684001293,0.9099999999999999,0.05001817684001293,0.14999999999999997,10
distributional,ambiguous,exposed,competing_models,8,25,0.5999999999999999,8.371663225071135e-17,0.5999999999999999,8.371663225071135e-17,0.14999999999999997,10
distributional,ambiguous,exposed,context_oracle,0,10,0.595,0.04282194397214668,0.595,0.04282194397214668,0.14999999999999997,10
distributional,ambiguous,exposed,context_oracle,1,10,0.615,0.03393235744281145,0.615,0.03393235744281145,0.14999999999999997,10
distributional,ambiguous,exposed,context_oracle,2,10,0.615,0.03789066353685231,0.615,0.03789066353685231,0.14999999999999997,10
distributional,ambiguous,exposed,context_oracle,3,10,0.585,0.08095095683631576,0.585,0.08095095683631576,0.14999999999999997,10
distributional,ambiguous,exposed,context_oracle,4,10,0.595,0.04901340519517211,0.595,0.04901340519517211,0.14999999999999997,10
distributional,ambiguous,exposed,context_oracle,5,10,0.6100000000000001,0.055411307669746085,0.6100000000000001,0.055411307669746085,0.14999999999999997,10
distributional,ambiguous,exposed,context_oracle,6,10,0.6099999999999999,0.06032419100944261,0.6099999999999999,0.06032419100944261,0.14999999999999997,10
distributional,ambiguous,exposed,context_oracle,7,10,0.6199999999999999,0.04828291119451134,0.6199999999999999,0.04828291119451134,0.14999999999999997,10
distributional,ambiguous,exposed,context_oracle,8,5,0.65,0.08430561986549712,0.65,0.08430561986549712,0.14999999999999997,10
distributional,ambiguous,exposed,context_oracle,8,10,0.6399999999999999,0.047090556513621484,0.6399999999999999,0.047090556513621484,0.14999999999999997,10
distributional,ambiguous,exposed,context_oracle,8,25,0.5999999999999999,8.371663225071135e-17,0.5999999999999999,8.371663225071135e-17,0.14999999999999997,10
distributional,ambiguous,exposed,delta_only,0,10,0.12000000000000002,0.04198386011486573,0.0,0.0,0.14999999999999997,10
distributional,ambiguous,exposed,delta_only,1,10,0.20999999999999996,0.047090556513621484,0.0,0.0,0.14999999999999997,10
distributional,ambiguous,exposed,delta_only,2,10,0.255,0.0762488288989468,0.0,0.0,0.14999999999999997,10
distributional,ambiguous,exposed,delta_only,3,10,0.275,0.08961810320032132,0.0,0.0,0.14999999999999997,10
distributional,ambiguous,exposed,delta_only,4,10,0.26,0.08225740415878822,0.0,0.0,0.14999999999999997,10
distributional,ambiguous,exposed,delta_only,5,10,0.24499999999999997,0.08165033014856429,0.0,0.0,0.14999999999999997,10
distributional,ambiguous,exposed,delta_only,6,10,0.5050000000000001,0.10723727869162585,0.49499999999999994,0.11491570367448829,0.14999999999999997,10
distributional,ambiguous,exposed,delta_only,7,10,0.8300000000000001,0.053850111575460345,0.8150000000000001,0.056048973167046705,0.14999999999999997,10
distributional,ambiguous,exposed,delta_only,8,5,0.79,0.1090120890928815,0.71,0.19792977473203024,0.14999999999999997,10
distributional,ambiguous,exposed,delta_only,8,10,0.53,0.11706040995514325,0.44499999999999995,0.1672993993894977,0.14999999999999997,10
distributional,ambiguous,exposed,delta_only,8,25,0.434,0.05958445435206416,0.24200000000000005,0.08543117383019648,0.14999999999999997,10
distributional,ambiguous,exposed,frequency,0,10,0.32499999999999996,0.05655392907135247,0.0,0.0,0.14999999999999997,10
distributional,ambiguous,exposed,frequency,1,10,0.32499999999999996,0.05655392907135247,0.0,0.0,0.14999999999999997,10
distributional,ambiguous,exposed,frequency,2,10,0.32499999999999996,0.05655392907135247,0.0,0.0,0.14999999999999997,10
distributional,ambiguous,exposed,frequency,3,10,0.31999999999999995,0.05114232117388981,0.0,0.0,0.14999999999999997,10
distributional,ambiguous,exposed,frequency,4,10,0.31999999999999995,0.05114232117388981,0.0,0.0,0.14999999999999997,10
distributional,ambiguous,exposed,frequency,5,10,0.31999999999999995,0.05114232117388981,0.0,0.0,0.14999999999999997,10
distributional,ambiguous,exposed,frequency,6,10,0.32499999999999996,0.05655392907135247,0.0,0.0,0.14999999999999997,10
distributional,ambiguous,exposed,frequency,7,10,0.31999999999999995,0.05114232117388981,0.0,0.0,0.14999999999999997,10
distributional,ambiguous,exposed,frequency,8,5,0.2700000000000001,0.08953876002124236,0.0,0.0,0.14999999999999997,10
distributional,ambiguous,exposed,frequency,8,10,0.32499999999999996,0.05655392907135247,0.0,0.0,0.14999999999999997,10
distributional,ambiguous,exposed,frequency,8,25,0.28200000000000003,0.03195616725887714,0.0,0.0,0.14999999999999997,10
distributional,ambiguous,exposed,mdi,0,10,0.37,0.0384492783873558,0.0,0.0,0.14999999999999997,10
distributional,ambiguous,exposed,mdi,1,10,0.45,0.03770261938090164,0.0,0.0,0.14999999999999997,10
distributional,ambiguous,exposed,mdi,2,10,0.41999999999999993,0.06125950556116341,0.0,0.0,0.14999999999999997,10
distributional,ambiguous,exposed,mdi,3,10,0.43,0.05114232117388981,0.0,0.0,0.14999999999999997,10
distributional,ambiguous,exposed,mdi,4,10,0.43499999999999994,0.041472881318991794,0.0,0.0,0.14999999999999997,10
distributional,ambiguous,exposed,mdi,5,10,0.39499999999999996,0.08165033014856429,0.0,0.0,0.14999999999999997,10
distributional,ambiguous,exposed,mdi,6,10,0.7500000000000001,0.09235217944957685,0.7050000000000001,0.12211225966634214,0.14999999999999997,10
distributional,ambiguous,exposed,mdi,7,10,0.8800000000000001,0.0511423211738898,0.8800000000000001,0.0511423211738898,0.14999999999999997,10
distributional,ambiguous,exposed,mdi,8,5,0.86,0.08396772022973147,0.86,0.08396772022973147,0.14999999999999997,10
distributional,ambiguous,exposed,mdi,8,10,0.82,0.07763444489843434,0.82,0.07763444489843434,0.14999999999999997,10
distributional,ambiguous,exposed,mdi,8,25,0.5700000000000001,0.02051244262445644,0.42200000000000004,0.03334924026722235,0.14999999999999997,10
distributional,ambiguous,exposed,mdi_decay0,0,10,0.37,0.0384492783873558,0.0,0.0,0.14999999999999997,10
distributional,ambiguous,exposed,mdi_decay0,1,10,0.445,0.042821943972146705,0.0,0.0,0.14999999999999997,10
distributional,ambiguous,exposed,mdi_decay0,2,10,0.41,0.06702164221990091,0.0,0.0,0.14999999999999997,10
distributional,ambiguous,exposed,mdi_decay0,3,10,0.41999999999999993,0.05385011157546033,0.0,0.0,0.14999999999999997,10
distributional,ambiguous,exposed,mdi_decay0,4,10,0.425,0.03863368845438133,0.0,0.0,0.14999999999999997,10
distributional,ambiguous,exposed,mdi_decay0,5,10,0.38,0.08953876002124236,0.0,0.0,0.14999999999999997,10
distributional,ambiguous,exposed,mdi_decay0,6,10,0.675,0.10290812376070947,0.5850000000000001,0.1192857491777338,0.14999999999999997,10
distributional,ambiguous,exposed,mdi_decay0,7,10,0.8800000000000001,0.0511423211738898,0.8800000000000001,0.0511423211738898,0.14999999999999997,10
distributional,ambiguous,exposed,mdi_decay0,8,5,0.85,0.06952019510772303,0.85,0.06952019510772303,0.14999999999999997,10
distributional,ambiguous,exposed,mdi_decay0,8,10,0.805,0.06838635757163816,0.805,0.06838635757163816,0.14999999999999997,10
distributional,ambiguous,exposed,mdi_decay0,8,25,0.5700000000000001,0.021592774316502594,0.42600000000000005,0.04105259540759343,0.14999999999999997,10
distributional,ambiguous,exposed,mdi_decay020,0,10,0.37,0.0384492783873558,0.0,0.0,0.14999999999999997,10
distributional,ambiguous,exposed,mdi_decay020,1,10,0.45,0.04130115022390259,0.0,0.0,0.14999999999999997,10
distributional,ambiguous,exposed,mdi_decay020,2,10,0.43000000000000005,0.0588933741601038,0.0,0.0,0.14999999999999997,10
distributional,ambiguous,exposed,mdi_decay020,3,10,0.45,0.05058337191929827,0.0,0.0,0.14999999999999997,10
distributional,ambiguous,exposed,mdi_decay020,4,10,0.43499999999999994,0.041472881318991794,0.0,0.0,0.14999999999999997,10
distributional,ambiguous,exposed,mdi_decay020,5,10,0.40499999999999997,0.05450604454644074,0.0,0.0,0.14999999999999997,10
distributional,ambiguous,exposed,mdi_decay020,6,10,0.8300000000000001,0.06353758354890782,0.8150000000000001,0.07359257711325339,0.14999999999999997,10
distributional,ambiguous,exposed,mdi_decay020,7,10,0.8949999999999999,0.0460219120331815,0.8949999999999999,0.0460219120331815,0.14999999999999997,10
distributional,ambiguous,exposed,mdi_decay020,8,5,0.8800000000000001,0.08121392761072753,0.8800000000000001,0.08121392761072753,0.14999999999999997,10
distributional,ambiguous,exposed,mdi_decay020,8,10,0.825,0.07587505787894741,0.825,0.07587505787894741,0.14999999999999997,10
distributional,ambiguous,exposed,mdi_decay020,8,25,0.5720000000000001,0.024503802224465368,0.42600000000000005,0.03238038273452633,0.14999999999999997,10
distributional,ambiguous,exposed,mdi_no_novelty,0,10,0.345,0.031318147784391515,0.0,0.0,0.14999999999999997,10
distributional,ambiguous,exposed,mdi_no_novelty,1,10,0.42000000000000004,0.06353758354890779,0.0,0.0,0.14999999999999997,10
distributional,ambiguous,exposed,mdi_no_novelty,2,10,0.395,0.0640944529475328,0.0,0.0,0.14999999999999997,10
distributional,ambiguous,exposed,mdi_no_novelty,3,10,0.42000000000000004,0.05114232117388981,0.0,0.0,0.14999999999999997,10
distributional,ambiguous,exposed,mdi_no_novelty,4,10,0.43,0.030162095504721324,0.0,0.0,0.14999999999999997,10
distributional,ambiguous,exposed,mdi_no_novelty,5,10,0.375,0.08472609938097445,0.0,0.0,0.14999999999999997,10
distributional,ambiguous,exposed,mdi_no_novelty,6,10,0.765,0.08930030750728801,0.7450000000000001,0.11114282003842674,0.14999999999999997,10
distributional,ambiguous,exposed,mdi_no_novelty,7,10,0.9199999999999999,0.048282911194511335,0.9199999999999999,0.048282911194511335,0.14999999999999997,10
distributional,ambiguous,exposed,mdi_no_novelty,8,5,0.9200000000000002,0.06573676311525131,0.9200000000000002,0.06573676311525131,0.14999999999999997,10
distributional,ambiguous,exposed,mdi_no_novelty,8,10,0.8150000000000001,0.09242910755908366,0.8150000000000001,0.09242910755908366,0.14999999999999997,10
distributional,ambiguous,exposed,mdi_no_novelty,8,25,0.5780000000000001,0.012527259113756595,0.4660000000000001,0.023412081991028646,0.14999999999999997,10
distributional,ambiguous,exposed,mdi_original,0,10,0.045,0.042821943972146705,0.0,0.0,0.14999999999999997,10
distributional,ambiguous,exposed,mdi_original,1,10,0.0,0.0,0.0,0.0,0.14999999999999997,10
distributional,ambiguous,exposed,mdi_original,2,10,0.0,0.0,0.0,0.0,0.14999999999999997,10
distributional,ambiguous,exposed,mdi_original,3,10,0.0,0.0,0.0,0.0,0.14999999999999997,10
distributional,ambiguous,exposed,mdi_original,4,10,0.0,0.0,0.0,0.0,0.14999999999999997,10
distributional,ambiguous,exposed,mdi_original,5,10,0.0,0.0,0.0,0.0,0.14999999999999997,10
distributional,ambiguous,exposed,mdi_original,6,10,0.0,0.0,0.0,0.0,0.14999999999999997,10
distributional,ambiguous,exposed,mdi_original,7,10,0.0,0.0,0.0,0.0,0.14999999999999997,10
distributional,ambiguous,exposed,mdi_original,8,5,0.0,0.0,0.0,0.0,0.14999999999999997,10
distributional,ambiguous,exposed,mdi_original,8,10,0.005,0.011310785814270492,0.005,0.011310785814270492,0.14999999999999997,10
distributional,ambiguous,exposed,mdi_original,8,25,0.14800000000000002,0.04778574612938657,0.14800000000000002,0.04778574612938657,0.14999999999999997,10
distributional,ambiguous,exposed,mdi_reset,0,10,0.37,0.0384492783873558,0.0,0.0,0.14999999999999997,10
distributional,ambiguous,exposed,mdi_reset,1,10,0.37,0.0384492783873558,0.0,0.0,0.14999999999999997,10
distributional,ambiguous,exposed,mdi_reset,2,10,0.37,0.0384492783873558,0.0,0.0,0.14999999999999997,10
distributional,ambiguous,exposed,mdi_reset,3,10,0.37,0.0384492783873558,0.0,0.0,0.14999999999999997,10
distributional,ambiguous,exposed,mdi_reset,4,10,0.37,0.0384492783873558,0.0,0.0,0.14999999999999997,10
distributional,ambiguous,exposed,mdi_reset,5,10,0.37,0.0384492783873558,0.0,0.0,0.14999999999999997,10
distributional,ambiguous,exposed,mdi_reset,6,10,0.37,0.0384492783873558,0.0,0.0,0.14999999999999997,10
distributional,ambiguous,exposed,mdi_reset,7,10,0.37,0.0384492783873558,0.0,0.0,0.14999999999999997,10
distributional,ambiguous,exposed,mdi_reset,8,5,0.39,0.06263629556878302,0.0,0.0,0.14999999999999997,10
distributional,ambiguous,exposed,mdi_reset,8,10,0.37,0.0384492783873558,0.0,0.0,0.14999999999999997,10
distributional,ambiguous,exposed,mdi_reset,8,25,0.354,0.02616463995433603,0.0,0.0,0.14999999999999997,10
distributional,ambiguous,exposed,mdi_with_delta,0,10,0.36499999999999994,0.03789066353685235,0.0,0.0,0.14999999999999997,10
distributional,ambiguous,exposed,mdi_with_delta,1,10,0.445,0.042821943972146705,0.0,0.0,0.14999999999999997,10
distributional,ambiguous,exposed,mdi_with_delta,2,10,0.38,0.06353758354890779,0.0,0.0,0.14999999999999997,10
distributional,ambiguous,exposed,mdi_with_delta,3,10,0.425,0.04539996571433347,0.0,0.0,0.14999999999999997,10
distributional,ambiguous,exposed,mdi_with_delta,4,10,0.41500000000000004,0.04783926094926254,0.0,0.0,0.14999999999999997,10
distributional,ambiguous,exposed,mdi_with_delta,5,10,0.395,0.06627515673523317,0.0,0.0,0.14999999999999997,10
distributional,ambiguous,exposed,mdi_with_delta,6,10,0.7050000000000001,0.0867160245760738,0.7050000000000001,0.0867160245760738,0.14999999999999997,10
distributional,ambiguous,exposed,mdi_with_delta,7,10,0.9049999999999999,0.0460219120331815,0.9049999999999999,0.0460219120331815,0.14999999999999997,10
distributional,ambiguous,exposed,mdi_with_delta,8,5,0.8699999999999999,0.08294576263798363,0.8699999999999999,0.08294576263798363,0.14999999999999997,10
distributional,ambiguous,exposed,mdi_with_delta,8,10,0.7300000000000001,0.09111249666087447,0.7250000000000001,0.08801765118194883,0.14999999999999997,10
distributional,ambiguous,exposed,mdi_with_delta,8,25,0.58,0.020233348767719296,0.41,0.0468484440790906,0.14999999999999997,10
distributional,ambiguous,exposed,predicate_match,0,10,0.17,0.03016209550472132,0.0,0.0,0.14999999999999997,10
distributional,ambiguous,exposed,predicate_match,1,10,0.27999999999999997,0.045243143257081966,0.0,0.0,0.14999999999999997,10
distributional,ambiguous,exposed,predicate_match,2,10,0.265,0.04783926094926254,0.0,0.0,0.14999999999999997,10
distributional,ambiguous,exposed,predicate_match,3,10,0.22000000000000003,0.0564281137229108,0.0,0.0,0.14999999999999997,10
distributional,ambiguous,exposed,predicate_match,4,10,0.265,0.06091044570804565,0.0,0.0,0.14999999999999997,10
distributional,ambiguous,exposed,predicate_match,5,10,0.265,0.04783926094926254,0.0,0.0,0.14999999999999997,10
distributional,ambiguous,exposed,predicate_match,6,10,0.59,0.07113715997370754,0.59,0.07113715997370754,0.14999999999999997,10
distributional,ambiguous,exposed,predicate_match,7,10,1.0,0.0,1.0,0.0,0.14999999999999997,10
distributional,ambiguous,exposed,predicate_match,8,5,0.8800000000000001,0.12527259113756603,0.8800000000000001,0.12527259113756603,0.14999999999999997,10
distributional,ambiguous,exposed,predicate_match,8,10,0.7150000000000001,0.07917550069989347,0.7150000000000001,0.07917550069989347,0.14999999999999997,10
distributional,ambiguous,exposed,predicate_match,8,25,0.5999999999999999,8.371663225071135e-17,0.5999999999999999,8.371663225071135e-17,0.14999999999999997,10
distributional,ambiguous,exposed,random,0,10,0.15,0.06744449589239769,0.0,0.0,0.14999999999999997,10
distributional,ambiguous,exposed,random,1,10,0.15,0.06744449589239769,0.0,0.0,0.14999999999999997,10
distributional,ambiguous,exposed,random,2,10,0.15,0.06744449589239769,0.0,0.0,0.14999999999999997,10
distributional,ambiguous,exposed,random,3,10,0.15,0.06744449589239769,0.0,0.0,0.14999999999999997,10
distributional,ambiguous,exposed,random,4,10,0.15,0.06744449589239769,0.0,0.0,0.14999999999999997,10
distributional,ambiguous,exposed,random,5,10,0.15,0.06744449589239769,0.0,0.0,0.14999999999999997,10
distributional,ambiguous,exposed,random,6,10,0.15,0.06744449589239769,0.0,0.0,0.14999999999999997,10
distributional,ambiguous,exposed,random,7,10,0.15,0.06744449589239769,0.0,0.0,0.14999999999999997,10
distributional,ambiguous,exposed,random,8,5,0.15,0.10256221312228223,0.0,0.0,0.14999999999999997,10
distributional,ambiguous,exposed,random,8,10,0.15,0.06744449589239769,0.0,0.0,0.14999999999999997,10
distributional,ambiguous,exposed,random,8,25,0.15200000000000002,0.02797117667354914,0.0,0.0,0.14999999999999997,10
distributional,ambiguous,exposed,recurrence,0,10,0.17,0.03016209550472132,0.0,0.0,0.14999999999999997,10
distributional,ambiguous,exposed,recurrence,1,10,0.20500000000000002,0.0662751567352332,0.0,0.0,0.14999999999999997,10
distributional,ambiguous,exposed,recurrence,2,10,0.26,0.07113715997370754,0.0,0.0,0.14999999999999997,10
distributional,ambiguous,exposed,recurrence,3,10,0.24500000000000002,0.059493729882829145,0.0,0.0,0.14999999999999997,10
distributional,ambiguous,exposed,recurrence,4,10,0.23500000000000001,0.05345268834627583,0.0,0.0,0.14999999999999997,10
distributional,ambiguous,exposed,recurrence,5,10,0.23500000000000001,0.050723686674056565,0.0,0.0,0.14999999999999997,10
distributional,ambiguous,exposed,recurrence,6,10,0.43,0.0564281137229108,0.31500000000000006,0.03789066353685234,0.14999999999999997,10
distributional,ambiguous,exposed,recurrence,7,10,0.75,0.06530285234615273,0.69,0.08890146537311489,0.14999999999999997,10
distributional,ambiguous,exposed,recurrence,8,5,0.89,0.08564388794429341,0.89,0.08564388794429341,0.14999999999999997,10
distributional,ambiguous,exposed,recurrence,8,10,0.7849999999999999,0.05853020497757164,0.765,0.05345268834627585,0.14999999999999997,10
distributional,ambiguous,exposed,recurrence,8,25,0.5239999999999999,0.013147352623050276,0.41800000000000004,0.038419690635080564,0.14999999999999997,10
distributional,ambiguous,exposed,similarity,0,10,0.005,0.011310785814270492,0.0,0.0,0.14999999999999997,10
distributional,ambiguous,exposed,similarity,1,10,0.005,0.011310785814270492,0.0,0.0,0.14999999999999997,10
distributional,ambiguous,exposed,similarity,2,10,0.005,0.011310785814270492,0.0,0.0,0.14999999999999997,10
distributional,ambiguous,exposed,similarity,3,10,0.005,0.011310785814270492,0.0,0.0,0.14999999999999997,10
distributional,ambiguous,exposed,similarity,4,10,0.005,0.011310785814270492,0.0,0.0,0.14999999999999997,10
distributional,ambiguous,exposed,similarity,5,10,0.005,0.011310785814270492,0.0,0.0,0.14999999999999997,10
distributional,ambiguous,exposed,similarity,6,10,0.005,0.011310785814270492,0.0,0.0,0.14999999999999997,10
distributional,ambiguous,exposed,similarity,7,10,0.005,0.011310785814270492,0.0,0.0,0.14999999999999997,10
distributional,ambiguous,exposed,similarity,8,5,0.0,0.0,0.0,0.0,0.14999999999999997,10
distributional,ambiguous,exposed,similarity,8,10,0.005,0.011310785814270492,0.0,0.0,0.14999999999999997,10
distributional,ambiguous,exposed,similarity,8,25,0.044,0.02111346685330492,0.0,0.0,0.14999999999999997,10
distributional,ambiguous,exposed,value_profile,0,10,0.17,0.03016209550472132,0.0,0.0,0.14999999999999997,10
distributional,ambiguous,exposed,value_profile,1,10,0.29999999999999993,0.04461034085785039,0.0,0.0,0.14999999999999997,10
distributional,ambiguous,exposed,value_profile,2,10,0.27499999999999997,0.07397788119767551,0.0,0.0,0.14999999999999997,10
distributional,ambiguous,exposed,value_profile,3,10,0.22999999999999998,0.10003635368002588,0.0,0.0,0.14999999999999997,10
distributional,ambiguous,exposed,value_profile,4,10,0.29,0.09508238823269032,0.0,0.0,0.14999999999999997,10
distributional,ambiguous,exposed,value_profile,5,10,0.26999999999999996,0.07763444489843432,0.0,0.0,0.14999999999999997,10
distributional,ambiguous,exposed,value_profile,6,10,0.65,0.11559404213411141,0.65,0.11559404213411141,0.14999999999999997,10
distributional,ambiguous,exposed,value_profile,7,10,0.9099999999999999,0.036940871779830714,0.9099999999999999,0.036940871779830714,0.14999999999999997,10
distributional,ambiguous,exposed,value_profile,8,5,0.85,0.12729869438947516,0.85,0.12729869438947516,0.14999999999999997,10
distributional,ambiguous,exposed,value_profile,8,10,0.7,0.08260230044780519,0.7,0.08260230044780519,0.14999999999999997,10
distributional,ambiguous,exposed,value_profile,8,25,0.5999999999999999,8.371663225071135e-17,0.47800000000000004,0.028173722234883146,0.14999999999999997,10
distributional,ambiguous,holdout,association_only,0,10,0.42000000000000004,0.04828291119451135,0.0,0.0,0.14999999999999997,10
distributional,ambiguous,holdout,association_only,1,10,0.4600000000000001,0.03286838155762566,0.0,0.0,0.14999999999999997,10
distributional,ambiguous,holdout,association_only,2,10,0.42000000000000004,0.0588933741601038,0.0,0.0,0.14999999999999997,10
distributional,ambiguous,holdout,association_only,3,10,0.41500000000000004,0.06541159988584007,0.0,0.0,0.14999999999999997,10
distributional,ambiguous,holdout,association_only,4,10,0.41,0.06911004288443635,0.0,0.0,0.14999999999999997,10
distributional,ambiguous,holdout,association_only,5,10,0.37,0.07388174355966146,0.0,0.0,0.14999999999999997,10
distributional,ambiguous,holdout,association_only,6,10,0.7899999999999999,0.06032419100944265,0.7699999999999999,0.0738817435596615,0.14999999999999997,10
distributional,ambiguous,holdout,association_only,7,10,0.9349999999999999,0.037890663536852325,0.9349999999999999,0.037890663536852325,0.14999999999999997,10
distributional,ambiguous,holdout,association_only,8,5,0.9200000000000002,0.06573676311525131,0.9200000000000002,0.06573676311525131,0.14999999999999997,10
distributional,ambiguous,holdout,association_only,8,10,0.8400000000000001,0.06702164221990092,0.8400000000000001,0.06702164221990092,0.14999999999999997,10
distributional,ambiguous,holdout,association_only,8,25,0.5880000000000001,0.010003635368002558,0.45999999999999996,0.028614276239533606,0.14999999999999997,10
distributional,ambiguous,holdout,clustering,0,10,0.15,0.04130115022390259,0.0,0.0,0.14999999999999997,10
distributional,ambiguous,holdout,clustering,1,10,0.15,0.04130115022390259,0.0,0.0,0.14999999999999997,10
distributional,ambiguous,holdout,clustering,2,10,0.15,0.04130115022390259,0.0,0.0,0.14999999999999997,10
distributional,ambiguous,holdout,clustering,3,10,0.15,0.04130115022390259,0.0,0.0,0.14999999999999997,10
distributional,ambiguous,holdout,clustering,4,10,0.15,0.04130115022390259,0.0,0.0,0.14999999999999997,10
distributional,ambiguous,holdout,clustering,5,10,0.15,0.04130115022390259,0.0,0.0,0.14999999999999997,10
distributional,ambiguous,holdout,clustering,6,10,0.15,0.04130115022390259,0.0,0.0,0.14999999999999997,10
distributional,ambiguous,holdout,clustering,7,10,0.15,0.04130115022390259,0.0,0.0,0.14999999999999997,10
distributional,ambiguous,holdout,clustering,8,5,0.12000000000000002,0.03016209550472132,0.0,0.0,0.14999999999999997,10
distributional,ambiguous,holdout,clustering,8,10,0.15,0.04130115022390259,0.0,0.0,0.14999999999999997,10
distributional,ambiguous,holdout,clustering,8,25,0.15799999999999997,0.015745076101016175,0.0,0.0,0.14999999999999997,10
distributional,ambiguous,holdout,competing_models,0,10,0.17,0.03016209550472132,0.0,0.0,0.14999999999999997,10
distributional,ambiguous,holdout,competing_models,1,10,0.32,0.0588933741601038,0.0,0.0,0.14999999999999997,10
distributional,ambiguous,holdout,competing_models,2,10,0.24,0.0787253805050809,0.0,0.0,0.14999999999999997,10
distributional,ambiguous,holdout,competing_models,3,10,0.15,0.071535690598834,0.0,0.0,0.14999999999999997,10
distributional,ambiguous,holdout,competing_models,4,10,0.14999999999999997,0.10256221312228221,0.0,0.0,0.14999999999999997,10
distributional,ambiguous,holdout,competing_models,5,10,0.11499999999999999,0.10263148851898354,0.0,0.0,0.14999999999999997,10
distributional,ambiguous,holdout,competing_models,6,10,0.5999999999999999,0.14602161697062907,0.5999999999999999,0.14602161697062907,0.14999999999999997,10
distributional,ambiguous,holdout,competing_models,7,10,0.9199999999999999,0.04524314325708195,0.9199999999999999,0.04524314325708195,0.14999999999999997,10
distributional,ambiguous,holdout,competing_models,8,5,0.95,0.03770261938090164,0.95,0.03770261938090164,0.14999999999999997,10
distributional,ambiguous,holdout,competing_models,8,10,0.9149999999999998,0.04783926094926253,0.9149999999999998,0.04783926094926253,0.14999999999999997,10
distributional,ambiguous,holdout,competing_models,8,25,0.5999999999999999,8.371663225071135e-17,0.5999999999999999,8.371663225071135e-17,0.14999999999999997,10
distributional,ambiguous,holdout,context_oracle,0,10,0.595,0.04282194397214668,0.595,0.04282194397214668,0.14999999999999997,10
distributional,ambiguous,holdout,context_oracle,1,10,0.615,0.03393235744281145,0.615,0.03393235744281145,0.14999999999999997,10
distributional,ambiguous,holdout,context_oracle,2,10,0.615,0.03789066353685231,0.615,0.03789066353685231,0.14999999999999997,10
distributional,ambiguous,holdout,context_oracle,3,10,0.585,0.08095095683631576,0.585,0.08095095683631576,0.14999999999999997,10
distributional,ambiguous,holdout,context_oracle,4,10,0.595,0.04901340519517211,0.595,0.04901340519517211,0.14999999999999997,10
distributional,ambiguous,holdout,context_oracle,5,10,0.6100000000000001,0.055411307669746085,0.6100000000000001,0.055411307669746085,0.14999999999999997,10
distributional,ambiguous,holdout,context_oracle,6,10,0.6099999999999999,0.06032419100944261,0.6099999999999999,0.06032419100944261,0.14999999999999997,10
distributional,ambiguous,holdout,context_oracle,7,10,0.6199999999999999,0.04828291119451134,0.6199999999999999,0.04828291119451134,0.14999999999999997,10
distributional,ambiguous,holdout,context_oracle,8,5,0.65,0.08430561986549712,0.65,0.08430561986549712,0.14999999999999997,10
distributional,ambiguous,holdout,context_oracle,8,10,0.6399999999999999,0.047090556513621484,0.6399999999999999,0.047090556513621484,0.14999999999999997,10
distributional,ambiguous,holdout,context_oracle,8,25,0.5999999999999999,8.371663225071135e-17,0.5999999999999999,8.371663225071135e-17,0.14999999999999997,10
distributional,ambiguous,holdout,delta_only,0,10,0.12000000000000002,0.04198386011486573,0.0,0.0,0.14999999999999997,10
distributional,ambiguous,holdout,delta_only,1,10,0.21999999999999997,0.0588933741601038,0.0,0.0,0.14999999999999997,10
distributional,ambiguous,holdout,delta_only,2,10,0.275,0.09722598381813671,0.0,0.0,0.14999999999999997,10
distributional,ambiguous,holdout,delta_only,3,10,0.25,0.06744449589239769,0.0,0.0,0.14999999999999997,10
distributional,ambiguous,holdout,delta_only,4,10,0.24500000000000002,0.0640944529475328,0.0,0.0,0.14999999999999997,10
distributional,ambiguous,holdout,delta_only,5,10,0.18,0.07763444489843432,0.0,0.0,0.14999999999999997,10
distributional,ambiguous,holdout,delta_only,6,10,0.475,0.08801765118194879,0.475,0.08801765118194879,0.14999999999999997,10
distributional,ambiguous,holdout,delta_only,7,10,0.8299999999999998,0.048282911194511356,0.7949999999999999,0.0816503301485643,0.14999999999999997,10
distributional,ambiguous,holdout,delta_only,8,5,0.8,0.12617709812651726,0.78,0.1382200857688727,0.14999999999999997,10
distributional,ambiguous,holdout,delta_only,8,10,0.54,0.13883576848541684,0.4800000000000001,0.16708684765916676,0.14999999999999997,10
distributional,ambiguous,holdout,delta_only,8,25,0.42000000000000004,0.06290803782328849,0.22000000000000003,0.09935194641681581,0.14999999999999997,10
distributional,ambiguous,holdout,frequency,0,10,0.32499999999999996,0.05655392907135247,0.0,0.0,0.14999999999999997,10
distributional,ambiguous,holdout,frequency,1,10,0.32499999999999996,0.05655392907135247,0.0,0.0,0.14999999999999997,10
distributional,ambiguous,holdout,frequency,2,10,0.32499999999999996,0.05655392907135247,0.0,0.0,0.14999999999999997,10
distributional,ambiguous,holdout,frequency,3,10,0.31999999999999995,0.05114232117388981,0.0,0.0,0.14999999999999997,10
distributional,ambiguous,holdout,frequency,4,10,0.31999999999999995,0.05114232117388981,0.0,0.0,0.14999999999999997,10
distributional,ambiguous,holdout,frequency,5,10,0.31999999999999995,0.05114232117388981,0.0,0.0,0.14999999999999997,10
distributional,ambiguous,holdout,frequency,6,10,0.32499999999999996,0.05655392907135247,0.0,0.0,0.14999999999999997,10
distributional,ambiguous,holdout,frequency,7,10,0.31999999999999995,0.05114232117388981,0.0,0.0,0.14999999999999997,10
distributional,ambiguous,holdout,frequency,8,5,0.2700000000000001,0.08953876002124236,0.0,0.0,0.14999999999999997,10
distributional,ambiguous,holdout,frequency,8,10,0.32499999999999996,0.05655392907135247,0.0,0.0,0.14999999999999997,10
distributional,ambiguous,holdout,frequency,8,25,0.28200000000000003,0.03195616725887714,0.0,0.0,0.14999999999999997,10
distributional,ambiguous,holdout,mdi,0,10,0.37,0.0384492783873558,0.0,0.0,0.14999999999999997,10
distributional,ambiguous,holdout,mdi,1,10,0.465,0.024141455597255685,0.0,0.0,0.14999999999999997,10
distributional,ambiguous,holdout,mdi,2,10,0.42000000000000004,0.0588933741601038,0.0,0.0,0.14999999999999997,10
distributional,ambiguous,holdout,mdi,3,10,0.425,0.05655392907135247,0.0,0.0,0.14999999999999997,10
distributional,ambiguous,holdout,mdi,4,10,0.385,0.07917550069989346,0.0,0.0,0.14999999999999997,10
distributional,ambiguous,holdout,mdi,5,10,0.365,0.08769405578065123,0.0,0.0,0.14999999999999997,10
distributional,ambiguous,holdout,mdi,6,10,0.745,0.0762488288989468,0.715,0.09693313380406796,0.14999999999999997,10
distributional,ambiguous,holdout,mdi,7,10,0.9149999999999998,0.044769380010621154,0.9149999999999998,0.044769380010621154,0.14999999999999997,10
distributional,ambiguous,holdout,mdi,8,5,0.9200000000000002,0.056428113722910796,0.9200000000000002,0.056428113722910796,0.14999999999999997,10
distributional,ambiguous,holdout,mdi,8,10,0.835,0.08605782891535053,0.835,0.08605782891535053,0.14999999999999997,10
distributional,ambiguous,holdout,mdi,8,25,0.5800000000000001,0.01508104775236064,0.434,0.024364178283218248,0.14999999999999997,10
distributional,ambiguous,holdout,mdi_decay0,0,10,0.37,0.0384492783873558,0.0,0.0,0.14999999999999997,10
distributional,ambiguous,holdout,mdi_decay0,1,10,0.4600000000000001,0.0282140568614554,0.0,0.0,0.14999999999999997,10
distributional,ambiguous,holdout,mdi_decay0,2,10,0.40499999999999997,0.07624882889894678,0.0,0.0,0.14999999999999997,10
distributional,ambiguous,holdout,mdi_decay0,3,10,0.43,0.06992794168387285,0.0,0.0,0.14999999999999997,10
distributional,ambiguous,holdout,mdi_decay0,4,10,0.39,0.0768985567747116,0.0,0.0,0.14999999999999997,10
distributional,ambiguous,holdout,mdi_decay0,5,10,0.32999999999999996,0.08953876002124236,0.0,0.0,0.14999999999999997,10
distributional,ambiguous,holdout,mdi_decay0,6,10,0.635,0.09087817352110696,0.5250000000000001,0.11088673025103979,0.14999999999999997,10
distributional,ambiguous,holdout,mdi_decay0,7,10,0.9099999999999999,0.0439684319839399,0.9099999999999999,0.0439684319839399,0.14999999999999997,10
distributional,ambiguous,holdout,mdi_decay0,8,5,0.9200000000000002,0.08121392761072753,0.9200000000000002,0.08121392761072753,0.14999999999999997,10
distributional,ambiguous,holdout,mdi_decay0,8,10,0.85,0.08260230044780519,0.85,0.08260230044780519,0.14999999999999997,10
distributional,ambiguous,holdout,mdi_decay0,8,25,0.576,0.020007270736005164,0.42800000000000005,0.03385686823374647,0.14999999999999997,10
distributional,ambiguous,holdout,mdi_decay020,0,10,0.37,0.0384492783873558,0.0,0.0,0.14999999999999997,10
distributional,ambiguous,holdout,mdi_decay020,1,10,0.465,0.024141455597255692,0.0,0.0,0.14999999999999997,10
distributional,ambiguous,holdout,mdi_decay020,2,10,0.44000000000000006,0.040606963805363765,0.0,0.0,0.14999999999999997,10
distributional,ambiguous,holdout,mdi_decay020,3,10,0.445,0.03936269025254045,0.0,0.0,0.14999999999999997,10
distributional,ambiguous,holdout,mdi_decay020,4,10,0.41,0.06032419100944264,0.0,0.0,0.14999999999999997,10
distributional,ambiguous,holdout,mdi_decay020,5,10,0.41,0.06263629556878302,0.0,0.0,0.14999999999999997,10
distributional,ambiguous,holdout,mdi_decay020,6,10,0.8450000000000001,0.04901340519517213,0.8300000000000001,0.07193201324708874,0.14999999999999997,10
distributional,ambiguous,holdout,mdi_decay020,7,10,0.9149999999999998,0.044769380010621154,0.9149999999999998,0.044769380010621154,0.14999999999999997,10
distributional,ambiguous,holdout,mdi_decay020,8,5,0.9400000000000001,0.06032419100944261,0.9400000000000001,0.06032419100944261,0.14999999999999997,10
distributional,ambiguous,holdout,mdi_decay020,8,10,0.8450000000000001,0.07043430558720787,0.8450000000000001,0.07043430558720787,0.14999999999999997,10
distributional,ambiguous,holdout,mdi_decay020,8,25,0.5820000000000001,0.01422743199474149,0.43000000000000005,0.024550167076189195,0.14999999999999997,10
distributional,ambiguous,holdout,mdi_no_novelty,0,10,0.345,0.031318147784391515,0.0,0.0,0.14999999999999997,10
distributional,ambiguous,holdout,mdi_no_novelty,1,10,0.45,0.03372224794619885,0.0,0.0,0.14999999999999997,10
distributional,ambiguous,holdout,mdi_no_novelty,2,10,0.395,0.07809085356235448,0.0,0.0,0.14999999999999997,10
distributional,ambiguous,holdout,mdi_no_novelty,3,10,0.44499999999999995,0.04602191203318153,0.0,0.0,0.14999999999999997,10
distributional,ambiguous,holdout,mdi_no_novelty,4,10,0.395,0.0640944529475328,0.0,0.0,0.14999999999999997,10
distributional,ambiguous,holdout,mdi_no_novelty,5,10,0.35000000000000003,0.08597520015994105,0.0,0.0,0.14999999999999997,10
distributional,ambiguous,holdout,mdi_no_novelty,6,10,0.7350000000000001,0.08268829974277672,0.7249999999999999,0.0911904705704476,0.14999999999999997,10
distributional,ambiguous,holdout,mdi_no_novelty,7,10,0.9349999999999999,0.037890663536852325,0.9349999999999999,0.037890663536852325,0.14999999999999997,10
distributional,ambiguous,holdout,mdi_no_novelty,8,5,0.8899999999999999,0.08564388794429341,0.8899999999999999,0.08564388794429341,0.14999999999999997,10
distributional,ambiguous,holdout,mdi_no_novelty,8,10,0.795,0.08671602457607377,0.795,0.08671602457607377,0.14999999999999997,10
distributional,ambiguous,holdout,mdi_no_novelty,8,25,0.5880000000000001,0.0073881743559661124,0.5039999999999999,0.01758737279357595,0.14999999999999997,10
distributional,ambiguous,holdout,mdi_original,0,10,0.045,0.042821943972146705,0.0,0.0,0.14999999999999997,10
distributional,ambiguous,holdout,mdi_original,1,10,0.005,0.011310785814270492,0.0,0.0,0.14999999999999997,10
distributional,ambiguous,holdout,mdi_original,2,10,0.0,0.0,0.0,0.0,0.14999999999999997,10
distributional,ambiguous,holdout,mdi_original,3,10,0.01,0.022621571628540983,0.0,0.0,0.14999999999999997,10
distributional,ambiguous,holdout,mdi_original,4,10,0.005,0.011310785814270492,0.0,0.0,0.14999999999999997,10
distributional,ambiguous,holdout,mdi_original,5,10,0.0,0.0,0.0,0.0,0.14999999999999997,10
distributional,ambiguous,holdout,mdi_original,6,10,0.01,0.022621571628540983,0.01,0.022621571628540983,0.14999999999999997,10
distributional,ambiguous,holdout,mdi_original,7,10,0.01,0.022621571628540983,0.01,0.022621571628540983,0.14999999999999997,10
distributional,ambiguous,holdout,mdi_original,8,5,0.02,0.045243143257081966,0.02,0.045243143257081966,0.14999999999999997,10
distributional,ambiguous,holdout,mdi_original,8,10,0.01,0.022621571628540983,0.01,0.022621571628540983,0.14999999999999997,10
distributional,ambiguous,holdout,mdi_original,8,25,0.13400000000000004,0.03877325352162717,0.13200000000000003,0.038271408759410035,0.14999999999999997,10
distributional,ambiguous,holdout,mdi_reset,0,10,0.37,0.0384492783873558,0.0,0.0,0.14999999999999997,10
distributional,ambiguous,holdout,mdi_reset,1,10,0.37,0.0384492783873558,0.0,0.0,0.14999999999999997,10
distributional,ambiguous,holdout,mdi_reset,2,10,0.37,0.0384492783873558,0.0,0.0,0.14999999999999997,10
distributional,ambiguous,holdout,mdi_reset,3,10,0.37,0.0384492783873558,0.0,0.0,0.14999999999999997,10
distributional,ambiguous,holdout,mdi_reset,4,10,0.37,0.0384492783873558,0.0,0.0,0.14999999999999997,10
distributional,ambiguous,holdout,mdi_reset,5,10,0.37,0.0384492783873558,0.0,0.0,0.14999999999999997,10
distributional,ambiguous,holdout,mdi_reset,6,10,0.37,0.0384492783873558,0.0,0.0,0.14999999999999997,10
distributional,ambiguous,holdout,mdi_reset,7,10,0.37,0.0384492783873558,0.0,0.0,0.14999999999999997,10
distributional,ambiguous,holdout,mdi_reset,8,5,0.39,0.06263629556878302,0.0,0.0,0.14999999999999997,10
distributional,ambiguous,holdout,mdi_reset,8,10,0.37,0.0384492783873558,0.0,0.0,0.14999999999999997,10
distributional,ambiguous,holdout,mdi_reset,8,25,0.354,0.02616463995433603,0.0,0.0,0.14999999999999997,10
distributional,ambiguous,holdout,mdi_with_delta,0,10,0.36499999999999994,0.03789066353685235,0.0,0.0,0.14999999999999997,10
distributional,ambiguous,holdout,mdi_with_delta,1,10,0.45,0.029204323394125802,0.0,0.0,0.14999999999999997,10
distributional,ambiguous,holdout,mdi_with_delta,2,10,0.39,0.06032419100944262,0.0,0.0,0.14999999999999997,10
distributional,ambiguous,holdout,mdi_with_delta,3,10,0.43999999999999995,0.03286838155762566,0.0,0.0,0.14999999999999997,10
distributional,ambiguous,holdout,mdi_with_delta,4,10,0.41000000000000003,0.043968431983939925,0.0,0.0,0.14999999999999997,10
distributional,ambiguous,holdout,mdi_with_delta,5,10,0.335,0.07163497682371314,0.0,0.0,0.14999999999999997,10
distributional,ambiguous,holdout,mdi_with_delta,6,10,0.7,0.0892206817157008,0.7,0.0892206817157008,0.14999999999999997,10
distributional,ambiguous,holdout,mdi_with_delta,7,10,0.9249999999999998,0.04539996571433344,0.9249999999999998,0.04539996571433344,0.14999999999999997,10
distributional,ambiguous,holdout,mdi_with_delta,8,5,0.8400000000000001,0.12707516709781558,0.8400000000000001,0.12707516709781558,0.14999999999999997,10
distributional,ambiguous,holdout,mdi_with_delta,8,10,0.7350000000000001,0.08268829974277672,0.7350000000000001,0.08268829974277672,0.14999999999999997,10
distributional,ambiguous,holdout,mdi_with_delta,8,25,0.5999999999999999,8.371663225071135e-17,0.44399999999999995,0.030010906104007775,0.14999999999999997,10
distributional,ambiguous,holdout,predicate_match,0,10,0.17,0.03016209550472132,0.0,0.0,0.14999999999999997,10
distributional,ambiguous,holdout,predicate_match,1,10,0.27999999999999997,0.045243143257081966,0.0,0.0,0.14999999999999997,10
distributional,ambiguous,holdout,predicate_match,2,10,0.265,0.04783926094926254,0.0,0.0,0.14999999999999997,10
distributional,ambiguous,holdout,predicate_match,3,10,0.22000000000000003,0.0564281137229108,0.0,0.0,0.14999999999999997,10
distributional,ambiguous,holdout,predicate_match,4,10,0.265,0.06091044570804565,0.0,0.0,0.14999999999999997,10
distributional,ambiguous,holdout,predicate_match,5,10,0.265,0.04783926094926254,0.0,0.0,0.14999999999999997,10
distributional,ambiguous,holdout,predicate_match,6,10,0.59,0.07113715997370754,0.59,0.07113715997370754,0.14999999999999997,10
distributional,ambiguous,holdout,predicate_match,7,10,1.0,0.0,1.0,0.0,0.14999999999999997,10
distributional,ambiguous,holdout,predicate_match,8,5,0.8800000000000001,0.12527259113756603,0.8800000000000001,0.12527259113756603,0.14999999999999997,10
distributional,ambiguous,holdout,predicate_match,8,10,0.7150000000000001,0.07917550069989347,0.7150000000000001,0.07917550069989347,0.14999999999999997,10
distributional,ambiguous,holdout,predicate_match,8,25,0.5999999999999999,8.371663225071135e-17,0.5999999999999999,8.371663225071135e-17,0.14999999999999997,10
distributional,ambiguous,holdout,random,0,10,0.15,0.06744449589239769,0.0,0.0,0.14999999999999997,10
distributional,ambiguous,holdout,random,1,10,0.15,0.06744449589239769,0.0,0.0,0.14999999999999997,10
distributional,ambiguous,holdout,random,2,10,0.15,0.06744449589239769,0.0,0.0,0.14999999999999997,10
distributional,ambiguous,holdout,random,3,10,0.15,0.06744449589239769,0.0,0.0,0.14999999999999997,10
distributional,ambiguous,holdout,random,4,10,0.15,0.06744449589239769,0.0,0.0,0.14999999999999997,10
distributional,ambiguous,holdout,random,5,10,0.15,0.06744449589239769,0.0,0.0,0.14999999999999997,10
distributional,ambiguous,holdout,random,6,10,0.15,0.06744449589239769,0.0,0.0,0.14999999999999997,10
distributional,ambiguous,holdout,random,7,10,0.15,0.06744449589239769,0.0,0.0,0.14999999999999997,10
distributional,ambiguous,holdout,random,8,5,0.15,0.10256221312228223,0.0,0.0,0.14999999999999997,10
distributional,ambiguous,holdout,random,8,10,0.15,0.06744449589239769,0.0,0.0,0.14999999999999997,10
distributional,ambiguous,holdout,random,8,25,0.15200000000000002,0.02797117667354914,0.0,0.0,0.14999999999999997,10
distributional,ambiguous,holdout,recurrence,0,10,0.17,0.03016209550472132,0.0,0.0,0.14999999999999997,10
distributional,ambiguous,holdout,recurrence,1,10,0.17,0.03016209550472132,0.0,0.0,0.14999999999999997,10
distributional,ambiguous,holdout,recurrence,2,10,0.17,0.03016209550472132,0.0,0.0,0.14999999999999997,10
distributional,ambiguous,holdout,recurrence,3,10,0.17,0.03016209550472132,0.0,0.0,0.14999999999999997,10
distributional,ambiguous,holdout,recurrence,4,10,0.17,0.03016209550472132,0.0,0.0,0.14999999999999997,10
distributional,ambiguous,holdout,recurrence,5,10,0.17,0.03016209550472132,0.0,0.0,0.14999999999999997,10
distributional,ambiguous,holdout,recurrence,6,10,0.17,0.03016209550472132,0.0,0.0,0.14999999999999997,10
distributional,ambiguous,holdout,recurrence,7,10,0.17,0.03016209550472132,0.0,0.0,0.14999999999999997,10
distributional,ambiguous,holdout,recurrence,8,5,0.15,0.06079364704696508,0.0,0.0,0.14999999999999997,10
distributional,ambiguous,holdout,recurrence,8,10,0.17,0.03016209550472132,0.0,0.0,0.14999999999999997,10
distributional,ambiguous,holdout,recurrence,8,25,0.15200000000000002,0.018097257302832792,0.0,0.0,0.14999999999999997,10
distributional,ambiguous,holdout,similarity,0,10,0.005,0.011310785814270492,0.0,0.0,0.14999999999999997,10
distributional,ambiguous,holdout,similarity,1,10,0.005,0.011310785814270492,0.0,0.0,0.14999999999999997,10
distributional,ambiguous,holdout,similarity,2,10,0.005,0.011310785814270492,0.0,0.0,0.14999999999999997,10
distributional,ambiguous,holdout,similarity,3,10,0.005,0.011310785814270492,0.0,0.0,0.14999999999999997,10
distributional,ambiguous,holdout,similarity,4,10,0.005,0.011310785814270492,0.0,0.0,0.14999999999999997,10
distributional,ambiguous,holdout,similarity,5,10,0.005,0.011310785814270492,0.0,0.0,0.14999999999999997,10
distributional,ambiguous,holdout,similarity,6,10,0.005,0.011310785814270492,0.0,0.0,0.14999999999999997,10
distributional,ambiguous,holdout,similarity,7,10,0.005,0.011310785814270492,0.0,0.0,0.14999999999999997,10
distributional,ambiguous,holdout,similarity,8,5,0.0,0.0,0.0,0.0,0.14999999999999997,10
distributional,ambiguous,holdout,similarity,8,10,0.005,0.011310785814270492,0.0,0.0,0.14999999999999997,10
distributional,ambiguous,holdout,similarity,8,25,0.044,0.02111346685330492,0.0,0.0,0.14999999999999997,10
distributional,ambiguous,holdout,value_profile,0,10,0.17,0.03016209550472132,0.0,0.0,0.14999999999999997,10
distributional,ambiguous,holdout,value_profile,1,10,0.255,0.03556857998685378,0.0,0.0,0.14999999999999997,10
distributional,ambiguous,holdout,value_profile,2,10,0.25000000000000006,0.06952019510772303,0.0,0.0,0.14999999999999997,10
distributional,ambiguous,holdout,value_profile,3,10,0.155,0.05450604454644075,0.0,0.0,0.14999999999999997,10
distributional,ambiguous,holdout,value_profile,4,10,0.16999999999999998,0.09567852189852508,0.0,0.0,0.14999999999999997,10
distributional,ambiguous,holdout,value_profile,5,10,0.215,0.060910445708045644,0.0,0.0,0.14999999999999997,10
distributional,ambiguous,holdout,value_profile,6,10,0.5599999999999999,0.09204382406636305,0.5599999999999999,0.09204382406636305,0.14999999999999997,10
distributional,ambiguous,holdout,value_profile,7,10,0.9049999999999999,0.039362690252540425,0.9049999999999999,0.039362690252540425,0.14999999999999997,10
distributional,ambiguous,holdout,value_profile,8,5,0.85,0.11310785814270494,0.85,0.11310785814270494,0.14999999999999997,10
distributional,ambiguous,holdout,value_profile,8,10,0.7100000000000001,0.06702164221990092,0.7100000000000001,0.06702164221990092,0.14999999999999997,10
distributional,ambiguous,holdout,value_profile,8,25,0.5999999999999999,8.371663225071135e-17,0.5119999999999999,0.018097257302832785,0.14999999999999997,10
distributional,clear,exposed,association_only,0,10,0.42000000000000004,0.04828291119451135,0.0,0.0,0.14999999999999997,10
distributional,clear,exposed,association_only,1,10,0.45,0.02920432339412581,0.0,0.0,0.14999999999999997,10
distributional,clear,exposed,association_only,2,10,0.8800000000000001,0.05889337416010379,0.8800000000000001,0.05889337416010379,0.14999999999999997,10
distributional,clear,exposed,association_only,3,10,0.9049999999999999,0.0460219120331815,0.9049999999999999,0.0460219120331815,0.14999999999999997,10
distributional,clear,exposed,association_only,4,10,0.9049999999999999,0.04282194397214668,0.9049999999999999,0.04282194397214668,0.14999999999999997,10
distributional,clear,exposed,association_only,5,10,0.9049999999999999,0.05183253216332724,0.9049999999999999,0.05183253216332724,0.14999999999999997,10
distributional,clear,exposed,association_only,6,10,0.89,0.06486603906680426,0.89,0.06486603906680426,0.14999999999999997,10
distributional,clear,exposed,association_only,7,10,0.9,0.04769046039922264,0.9,0.04769046039922264,0.14999999999999997,10
distributional,clear,exposed,association_only,8,5,0.9200000000000002,0.056428113722910796,0.9200000000000002,0.056428113722910796,0.14999999999999997,10
distributional,clear,exposed,association_only,8,10,0.9099999999999999,0.05001817684001293,0.9099999999999999,0.05001817684001293,0.14999999999999997,10
distributional,clear,exposed,association_only,8,25,0.5959999999999999,0.006032419100944235,0.5699999999999998,0.016861123973099416,0.14999999999999997,10
distributional,clear,exposed,clustering,0,10,0.15,0.04130115022390259,0.0,0.0,0.14999999999999997,10
distributional,clear,exposed,clustering,1,10,0.15,0.04130115022390259,0.0,0.0,0.14999999999999997,10
distributional,clear,exposed,clustering,2,10,0.15,0.04130115022390259,0.0,0.0,0.14999999999999997,10
distributional,clear,exposed,clustering,3,10,0.15,0.04130115022390259,0.0,0.0,0.14999999999999997,10
distributional,clear,exposed,clustering,4,10,0.15,0.04130115022390259,0.0,0.0,0.14999999999999997,10
distributional,clear,exposed,clustering,5,10,0.15,0.04130115022390259,0.0,0.0,0.14999999999999997,10
distributional,clear,exposed,clustering,6,10,0.15,0.04130115022390259,0.0,0.0,0.14999999999999997,10
distributional,clear,exposed,clustering,7,10,0.15,0.04130115022390259,0.0,0.0,0.14999999999999997,10
distributional,clear,exposed,clustering,8,5,0.12000000000000002,0.03016209550472132,0.0,0.0,0.14999999999999997,10
distributional,clear,exposed,clustering,8,10,0.15,0.04130115022390259,0.0,0.0,0.14999999999999997,10
distributional,clear,exposed,clustering,8,25,0.15799999999999997,0.015745076101016175,0.0,0.0,0.14999999999999997,10
distributional,clear,exposed,competing_models,0,10,0.17,0.03016209550472132,0.0,0.0,0.14999999999999997,10
distributional,clear,exposed,competing_models,1,10,0.3350000000000001,0.0585302049775716,0.0,0.0,0.14999999999999997,10
distributional,clear,exposed,competing_models,2,10,0.8949999999999999,0.06183689349415336,0.8949999999999999,0.06183689349415336,0.14999999999999997,10
distributional,clear,exposed,competing_models,3,10,0.9249999999999998,0.04215280993274853,0.9249999999999998,0.04215280993274853,0.14999999999999997,10
distributional,clear,exposed,competing_models,4,10,0.9049999999999999,0.03556857998685374,0.9049999999999999,0.03556857998685374,0.14999999999999997,10
distributional,clear,exposed,competing_models,5,10,0.9149999999999998,0.047839260949262524,0.9149999999999998,0.047839260949262524,0.14999999999999997,10
distributional,clear,exposed,competing_models,6,10,0.9099999999999999,0.04396843198393989,0.9099999999999999,0.04396843198393989,0.14999999999999997,10
distributional,clear,exposed,competing_models,7,10,0.915,0.04147288131899179,0.915,0.04147288131899179,0.14999999999999997,10
distributional,clear,exposed,competing_models,8,5,0.8800000000000001,0.08793686396787982,0.8800000000000001,0.08793686396787982,0.14999999999999997,10
distributional,clear,exposed,competing_models,8,10,0.9249999999999998,0.05398193579125647,0.9249999999999998,0.05398193579125647,0.14999999999999997,10
distributional,clear,exposed,competing_models,8,25,0.5999999999999999,8.371663225071135e-17,0.5999999999999999,8.371663225071135e-17,0.14999999999999997,10
distributional,clear,exposed,context_oracle,0,10,0.595,0.04282194397214668,0.595,0.04282194397214668,0.14999999999999997,10
distributional,clear,exposed,context_oracle,1,10,0.615,0.03393235744281145,0.615,0.03393235744281145,0.14999999999999997,10
distributional,clear,exposed,context_oracle,2,10,0.615,0.03789066353685231,0.615,0.03789066353685231,0.14999999999999997,10
distributional,clear,exposed,context_oracle,3,10,0.585,0.08095095683631576,0.585,0.08095095683631576,0.14999999999999997,10
distributional,clear,exposed,context_oracle,4,10,0.595,0.04901340519517211,0.595,0.04901340519517211,0.14999999999999997,10
distributional,clear,exposed,context_oracle,5,10,0.6100000000000001,0.055411307669746085,0.6100000000000001,0.055411307669746085,0.14999999999999997,10
distributional,clear,exposed,context_oracle,6,10,0.6099999999999999,0.06032419100944261,0.6099999999999999,0.06032419100944261,0.14999999999999997,10
distributional,clear,exposed,context_oracle,7,10,0.6199999999999999,0.04828291119451134,0.6199999999999999,0.04828291119451134,0.14999999999999997,10
distributional,clear,exposed,context_oracle,8,5,0.65,0.08430561986549712,0.65,0.08430561986549712,0.14999999999999997,10
distributional,clear,exposed,context_oracle,8,10,0.6399999999999999,0.047090556513621484,0.6399999999999999,0.047090556513621484,0.14999999999999997,10
distributional,clear,exposed,context_oracle,8,25,0.5999999999999999,8.371663225071135e-17,0.5999999999999999,8.371663225071135e-17,0.14999999999999997,10
distributional,clear,exposed,delta_only,0,10,0.12000000000000002,0.04198386011486573,0.0,0.0,0.14999999999999997,10
distributional,clear,exposed,delta_only,1,10,0.25999999999999995,0.07872538050508089,0.0,0.0,0.14999999999999997,10
distributional,clear,exposed,delta_only,2,10,0.45999999999999996,0.11657367017560913,0.45499999999999996,0.12094257504776362,0.14999999999999997,10
distributional,clear,exposed,delta_only,3,10,0.8,0.07153569059883398,0.8,0.07153569059883398,0.14999999999999997,10
distributional,clear,exposed,delta_only,4,10,0.5750000000000001,0.12978685207657406,0.53,0.17045587307928853,0.14999999999999997,10
distributional,clear,exposed,delta_only,5,10,0.76,0.1090120890928815,0.6849999999999999,0.16351813363932224,0.14999999999999997,10
distributional,clear,exposed,delta_only,6,10,0.76,0.1090120890928815,0.6849999999999999,0.16351813363932224,0.14999999999999997,10
distributional,clear,exposed,delta_only,7,10,0.7300000000000001,0.08953876002124235,0.6450000000000001,0.13640847291166017,0.14999999999999997,10
distributional,clear,exposed,delta_only,8,5,0.8099999999999999,0.08564388794429341,0.7599999999999999,0.12707516709781558,0.14999999999999997,10
distributional,clear,exposed,delta_only,8,10,0.7300000000000001,0.08953876002124235,0.6450000000000001,0.13640847291166017,0.14999999999999997,10
distributional,clear,exposed,delta_only,8,25,0.59,0.012158729409392988,0.39199999999999996,0.033856868233746486,0.14999999999999997,10
distributional,clear,exposed,frequency,0,10,0.32499999999999996,0.05655392907135247,0.0,0.0,0.14999999999999997,10
distributional,clear,exposed,frequency,1,10,0.32499999999999996,0.05655392907135247,0.0,0.0,0.14999999999999997,10
distributional,clear,exposed,frequency,2,10,0.32499999999999996,0.05655392907135247,0.0,0.0,0.14999999999999997,10
distributional,clear,exposed,frequency,3,10,0.31999999999999995,0.05114232117388981,0.0,0.0,0.14999999999999997,10
distributional,clear,exposed,frequency,4,10,0.31999999999999995,0.05114232117388981,0.0,0.0,0.14999999999999997,10
distributional,clear,exposed,frequency,5,10,0.31999999999999995,0.05114232117388981,0.0,0.0,0.14999999999999997,10
distributional,clear,exposed,frequency,6,10,0.32499999999999996,0.05655392907135247,0.0,0.0,0.14999999999999997,10
distributional,clear,exposed,frequency,7,10,0.31999999999999995,0.05114232117388981,0.0,0.0,0.14999999999999997,10
distributional,clear,exposed,frequency,8,5,0.2700000000000001,0.08953876002124236,0.0,0.0,0.14999999999999997,10
distributional,clear,exposed,frequency,8,10,0.32499999999999996,0.05655392907135247,0.0,0.0,0.14999999999999997,10
distributional,clear,exposed,frequency,8,25,0.28200000000000003,0.03195616725887714,0.0,0.0,0.14999999999999997,10
distributional,clear,exposed,mdi,0,10,0.37,0.0384492783873558,0.0,0.0,0.14999999999999997,10
distributional,clear,exposed,mdi,1,10,0.445,0.035568579986853775,0.0,0.0,0.14999999999999997,10
distributional,clear,exposed,mdi,2,10,0.89,0.05791986290822422,0.89,0.05791986290822422,0.14999999999999997,10
distributional,clear,exposed,mdi,3,10,0.885,0.05604897316704667,0.885,0.05604897316704667,0.14999999999999997,10
distributional,clear,exposed,mdi,4,10,0.885,0.05345268834627581,0.885,0.05345268834627581,0.14999999999999997,10
distributional,clear,exposed,mdi,5,10,0.885,0.0696223556258885,0.885,0.0696223556258885,0.14999999999999997,10
distributional,clear,exposed,mdi,6,10,0.885,0.07163497682371311,0.885,0.07163497682371311,0.14999999999999997,10
distributional,clear,exposed,mdi,7,10,0.8800000000000001,0.05385011157546033,0.8800000000000001,0.05385011157546033,0.14999999999999997,10
distributional,clear,exposed,mdi,8,5,0.86,0.10228464234777962,0.86,0.10228464234777962,0.14999999999999997,10
distributional,clear,exposed,mdi,8,10,0.8949999999999999,0.04901340519517213,0.8949999999999999,0.04901340519517213,0.14999999999999997,10
distributional,clear,exposed,mdi,8,25,0.5760000000000001,0.014776348711932277,0.5040000000000001,0.02000727073600517,0.14999999999999997,10
distributional,clear,exposed,mdi_decay0,0,10,0.37,0.0384492783873558,0.0,0.0,0.14999999999999997,10
distributional,clear,exposed,mdi_decay0,1,10,0.445,0.035568579986853775,0.0,0.0,0.14999999999999997,10
distributional,clear,exposed,mdi_decay0,2,10,0.885,0.06541159988584005,0.885,0.06541159988584005,0.14999999999999997,10
distributional,clear,exposed,mdi_decay0,3,10,0.89,0.05791986290822422,0.89,0.05791986290822422,0.14999999999999997,10
distributional,clear,exposed,mdi_decay0,4,10,0.885,0.05345268834627581,0.885,0.05345268834627581,0.14999999999999997,10
distributional,clear,exposed,mdi_decay0,5,10,0.885,0.0696223556258885,0.885,0.0696223556258885,0.14999999999999997,10
distributional,clear,exposed,mdi_decay0,6,10,0.885,0.0696223556258885,0.885,0.0696223556258885,0.14999999999999997,10
distributional,clear,exposed,mdi_decay0,7,10,0.885,0.050723686674056565,0.885,0.050723686674056565,0.14999999999999997,10
distributional,clear,exposed,mdi_decay0,8,5,0.9,0.07540523876180329,0.9,0.07540523876180329,0.14999999999999997,10
distributional,clear,exposed,mdi_decay0,8,10,0.885,0.06754979571591213,0.885,0.06754979571591213,0.14999999999999997,10
distributional,clear,exposed,mdi_decay0,8,25,0.5740000000000001,0.015156265414740917,0.5060000000000001,0.022419589266818658,0.14999999999999997,10
distributional,clear,exposed,mdi_decay020,0,10,0.37,0.0384492783873558,0.0,0.0,0.14999999999999997,10
distributional,clear,exposed,mdi_decay020,1,10,0.445,0.035568579986853775,0.0,0.0,0.14999999999999997,10
distributional,clear,exposed,mdi_decay020,2,10,0.8800000000000001,0.053850111575460304,0.8800000000000001,0.053850111575460304,0.14999999999999997,10
distributional,clear,exposed,mdi_decay020,3,10,0.885,0.05604897316704667,0.885,0.05604897316704667,0.14999999999999997,10
distributional,clear,exposed,mdi_decay020,4,10,0.89,0.06032419100944261,0.89,0.06032419100944261,0.14999999999999997,10
distributional,clear,exposed,mdi_decay020,5,10,0.8899999999999999,0.07113715997370755,0.8899999999999999,0.07113715997370755,0.14999999999999997,10
distributional,clear,exposed,mdi_decay020,6,10,0.8699999999999999,0.08121392761072753,0.8699999999999999,0.08121392761072753,0.14999999999999997,10
distributional,clear,exposed,mdi_decay020,7,10,0.875,0.06364934719473758,0.875,0.06364934719473758,0.14999999999999997,10
distributional,clear,exposed,mdi_decay020,8,5,0.86,0.10228464234777962,0.86,0.10228464234777962,0.14999999999999997,10
distributional,clear,exposed,mdi_decay020,8,10,0.9049999999999999,0.05450604454644074,0.9049999999999999,0.05450604454644074,0.14999999999999997,10
distributional,clear,exposed,mdi_decay020,8,25,0.5780000000000001,0.015745076101016157,0.4960000000000001,0.023167945163289693,0.14999999999999997,10
distributional,clear,exposed,mdi_no_novelty,0,10,0.345,0.031318147784391515,0.0,0.0,0.14999999999999997,10
distributional,clear,exposed,mdi_no_novelty,1,10,0.45,0.029204323394125802,0.0,0.0,0.14999999999999997,10
distributional,clear,exposed,mdi_no_novelty,2,10,0.89,0.052783667133262296,0.89,0.052783667133262296,0.14999999999999997,10
distributional,clear,exposed,mdi_no_novelty,3,10,0.9049999999999999,0.051832532163327234,0.9049999999999999,0.051832532163327234,0.14999999999999997,10
distributional,clear,exposed,mdi_no_novelty,4,10,0.9099999999999999,0.040606963805363744,0.9099999999999999,0.040606963805363744,0.14999999999999997,10
distributional,clear,exposed,mdi_no_novelty,5,10,0.925,0.056553929071352455,0.925,0.056553929071352455,0.14999999999999997,10
distributional,clear,exposed,mdi_no_novelty,6,10,0.9,0.06079364704696505,0.9,0.06079364704696505,0.14999999999999997,10
distributional,clear,exposed,mdi_no_novelty,7,10,0.9,0.04769046039922264,0.9,0.04769046039922264,0.14999999999999997,10
distributional,clear,exposed,mdi_no_novelty,8,5,0.9099999999999999,0.07113715997370756,0.9099999999999999,0.07113715997370756,0.14999999999999997,10
distributional,clear,exposed,mdi_no_novelty,8,10,0.925,0.051281106561141106,0.925,0.051281106561141106,0.14999999999999997,10
distributional,clear,exposed,mdi_no_novelty,8,25,0.5999999999999999,8.371663225071135e-17,0.59,0.007540523876180335,0.14999999999999997,10
distributional,clear,exposed,mdi_original,0,10,0.045,0.042821943972146705,0.0,0.0,0.14999999999999997,10
distributional,clear,exposed,mdi_original,1,10,0.02,0.034555021442218184,0.0,0.0,0.14999999999999997,10
distributional,clear,exposed,mdi_original,2,10,0.045,0.07989041814719285,0.045,0.07989041814719285,0.14999999999999997,10
distributional,clear,exposed,mdi_original,3,10,0.12000000000000002,0.07763444489843432,0.12000000000000002,0.07763444489843432,0.14999999999999997,10
distributional,clear,exposed,mdi_original,4,10,0.15000000000000002,0.07908568161176219,0.15000000000000002,0.07908568161176219,0.14999999999999997,10
distributional,clear,exposed,mdi_original,5,10,0.26000000000000006,0.06911004288443635,0.26000000000000006,0.06911004288443635,0.14999999999999997,10
distributional,clear,exposed,mdi_original,6,10,0.14500000000000002,0.08671602457607377,0.14500000000000002,0.08671602457607377,0.14999999999999997,10
distributional,clear,exposed,mdi_original,7,10,0.27,0.0757813270737047,0.27,0.0757813270737047,0.14999999999999997,10
distributional,clear,exposed,mdi_original,8,5,0.1,0.11681729357650328,0.1,0.11681729357650328,0.14999999999999997,10
distributional,clear,exposed,mdi_original,8,10,0.19,0.07689855677471161,0.19,0.07689855677471161,0.14999999999999997,10
distributional,clear,exposed,mdi_original,8,25,0.576,0.017587372793575955,0.568,0.03385686823374648,0.14999999999999997,10
distributional,clear,exposed,mdi_reset,0,10,0.37,0.0384492783873558,0.0,0.0,0.14999999999999997,10
distributional,clear,exposed,mdi_reset,1,10,0.37,0.0384492783873558,0.0,0.0,0.14999999999999997,10
distributional,clear,exposed,mdi_reset,2,10,0.37,0.0384492783873558,0.0,0.0,0.14999999999999997,10
distributional,clear,exposed,mdi_reset,3,10,0.37,0.0384492783873558,0.0,0.0,0.14999999999999997,10
distributional,clear,exposed,mdi_reset,4,10,0.37,0.0384492783873558,0.0,0.0,0.14999999999999997,10
distributional,clear,exposed,mdi_reset,5,10,0.37,0.0384492783873558,0.0,0.0,0.14999999999999997,10
distributional,clear,exposed,mdi_reset,6,10,0.37,0.0384492783873558,0.0,0.0,0.14999999999999997,10
distributional,clear,exposed,mdi_reset,7,10,0.37,0.0384492783873558,0.0,0.0,0.14999999999999997,10
distributional,clear,exposed,mdi_reset,8,5,0.39,0.06263629556878302,0.0,0.0,0.14999999999999997,10
distributional,clear,exposed,mdi_reset,8,10,0.37,0.0384492783873558,0.0,0.0,0.14999999999999997,10
distributional,clear,exposed,mdi_reset,8,25,0.354,0.02616463995433603,0.0,0.0,0.14999999999999997,10
distributional,clear,exposed,mdi_with_delta,0,10,0.36499999999999994,0.03789066353685235,0.0,0.0,0.14999999999999997,10
distributional,clear,exposed,mdi_with_delta,1,10,0.44000000000000006,0.028214056861455387,0.0,0.0,0.14999999999999997,10
distributional,clear,exposed,mdi_with_delta,2,10,0.865,0.0585302049775716,0.865,0.0585302049775716,0.14999999999999997,10
distributional,clear,exposed,mdi_with_delta,3,10,0.89,0.05791986290822422,0.89,0.05791986290822422,0.14999999999999997,10
distributional,clear,exposed,mdi_with_delta,4,10,0.89,0.055411307669746085,0.89,0.055411307669746085,0.14999999999999997,10
distributional,clear,exposed,mdi_with_delta,5,10,0.9099999999999999,0.052783667133262296,0.9099999999999999,0.052783667133262296,0.14999999999999997,10
distributional,clear,exposed,mdi_with_delta,6,10,0.89,0.062636295568783,0.89,0.062636295568783,0.14999999999999997,10
distributional,clear,exposed,mdi_with_delta,7,10,0.885,0.056048973167046684,0.885,0.056048973167046684,0.14999999999999997,10
distributional,clear,exposed,mdi_with_delta,8,5,0.8899999999999999,0.08564388794429341,0.8899999999999999,0.08564388794429341,0.14999999999999997,10
distributional,clear,exposed,mdi_with_delta,8,10,0.915,0.04476938001062117,0.915,0.04476938001062117,0.14999999999999997,10
distributional,clear,exposed,mdi_with_delta,8,25,0.5999999999999999,8.371663225071135e-17,0.374,0.03307531989711068,0.14999999999999997,10
distributional,clear,exposed,predicate_match,0,10,0.17,0.03016209550472132,0.0,0.0,0.14999999999999997,10
distributional,clear,exposed,predicate_match,1,10,0.27999999999999997,0.045243143257081966,0.0,0.0,0.14999999999999997,10
distributional,clear,exposed,predicate_match,2,10,0.5900000000000001,0.07872538050508089,0.5900000000000001,0.07872538050508089,0.14999999999999997,10
distributional,clear,exposed,predicate_match,3,10,1.0,0.0,1.0,0.0,0.14999999999999997,10
distributional,clear,exposed,predicate_match,4,10,0.7150000000000001,0.07917550069989347,0.7150000000000001,0.07917550069989347,0.14999999999999997,10
distributional,clear,exposed,predicate_match,5,10,1.0,0.0,1.0,0.0,0.14999999999999997,10
distributional,clear,exposed,predicate_match,6,10,1.0,0.0,1.0,0.0,0.14999999999999997,10
distributional,clear,exposed,predicate_match,7,10,1.0,0.0,1.0,0.0,0.14999999999999997,10
distributional,clear,exposed,predicate_match,8,5,1.0,0.0,1.0,0.0,0.14999999999999997,10
distributional,clear,exposed,predicate_match,8,10,1.0,0.0,1.0,0.0,0.14999999999999997,10
distributional,clear,exposed,predicate_match,8,25,0.5999999999999999,8.371663225071135e-17,0.5999999999999999,8.371663225071135e-17,0.14999999999999997,10
distributional,clear,exposed,random,0,10,0.15,0.06744449589239769,0.0,0.0,0.14999999999999997,10
distributional,clear,exposed,random,1,10,0.15,0.06744449589239769,0.0,0.0,0.14999999999999997,10
distributional,clear,exposed,random,2,10,0.15,0.06744449589239769,0.0,0.0,0.14999999999999997,10
distributional,clear,exposed,random,3,10,0.15,0.06744449589239769,0.0,0.0,0.14999999999999997,10
distributional,clear,exposed,random,4,10,0.15,0.06744449589239769,0.0,0.0,0.14999999999999997,10
distributional,clear,exposed,random,5,10,0.15,0.06744449589239769,0.0,0.0,0.14999999999999997,10
distributional,clear,exposed,random,6,10,0.15,0.06744449589239769,0.0,0.0,0.14999999999999997,10
distributional,clear,exposed,random,7,10,0.15,0.06744449589239769,0.0,0.0,0.14999999999999997,10
distributional,clear,exposed,random,8,5,0.15,0.10256221312228223,0.0,0.0,0.14999999999999997,10
distributional,clear,exposed,random,8,10,0.15,0.06744449589239769,0.0,0.0,0.14999999999999997,10
distributional,clear,exposed,random,8,25,0.15200000000000002,0.02797117667354914,0.0,0.0,0.14999999999999997,10
distributional,clear,exposed,recurrence,0,10,0.17,0.03016209550472132,0.0,0.0,0.14999999999999997,10
distributional,clear,exposed,recurrence,1,10,0.21500000000000002,0.05072368667405658,0.0,0.0,0.14999999999999997,10
distributional,clear,exposed,recurrence,2,10,0.505,0.046021912033181525,0.43499999999999994,0.06091044570804563,0.14999999999999997,10
distributional,clear,exposed,recurrence,3,10,0.85,0.07349593547325138,0.8350000000000002,0.09087817352110696,0.14999999999999997,10
distributional,clear,exposed,recurrence,4,10,0.8400000000000001,0.03694087177983072,0.835,0.0414728813189918,0.14999999999999997,10
distributional,clear,exposed,recurrence,5,10,0.915,0.037890663536852325,0.915,0.037890663536852325,0.14999999999999997,10
distributional,clear,exposed,recurrence,6,10,0.9199999999999999,0.0419838601148657,0.9199999999999999,0.0419838601148657,0.14999999999999997,10
distributional,clear,exposed,recurrence,7,10,0.9650000000000001,0.03393235744281147,0.9650000000000001,0.03393235744281147,0.14999999999999997,10
distributional,clear,exposed,recurrence,8,5,0.99,0.02262157162854098,0.99,0.02262157162854098,0.14999999999999997,10
distributional,clear,exposed,recurrence,8,10,0.985,0.017277510721109102,0.985,0.017277510721109102,0.14999999999999997,10
distributional,clear,exposed,recurrence,8,25,0.5999999999999999,8.371663225071135e-17,0.5759999999999998,0.006032419100944268,0.14999999999999997,10
distributional,clear,exposed,similarity,0,10,0.005,0.011310785814270492,0.0,0.0,0.14999999999999997,10
distributional,clear,exposed,similarity,1,10,0.005,0.011310785814270492,0.0,0.0,0.14999999999999997,10
distributional,clear,exposed,similarity,2,10,0.005,0.011310785814270492,0.0,0.0,0.14999999999999997,10
distributional,clear,exposed,similarity,3,10,0.005,0.011310785814270492,0.0,0.0,0.14999999999999997,10
distributional,clear,exposed,similarity,4,10,0.005,0.011310785814270492,0.0,0.0,0.14999999999999997,10
distributional,clear,exposed,similarity,5,10,0.005,0.011310785814270492,0.0,0.0,0.14999999999999997,10
distributional,clear,exposed,similarity,6,10,0.005,0.011310785814270492,0.0,0.0,0.14999999999999997,10
distributional,clear,exposed,similarity,7,10,0.005,0.011310785814270492,0.0,0.0,0.14999999999999997,10
distributional,clear,exposed,similarity,8,5,0.0,0.0,0.0,0.0,0.14999999999999997,10
distributional,clear,exposed,similarity,8,10,0.005,0.011310785814270492,0.0,0.0,0.14999999999999997,10
distributional,clear,exposed,similarity,8,25,0.044,0.02111346685330492,0.0,0.0,0.14999999999999997,10
distributional,clear,exposed,value_profile,0,10,0.17,0.03016209550472132,0.0,0.0,0.14999999999999997,10
distributional,clear,exposed,value_profile,1,10,0.225,0.05655392907135247,0.0,0.0,0.14999999999999997,10
distributional,clear,exposed,value_profile,2,10,0.875,0.05398193579125647,0.875,0.05398193579125647,0.14999999999999997,10
distributional,clear,exposed,value_profile,3,10,0.9199999999999999,0.04198386011486571,0.9199999999999999,0.04198386011486571,0.14999999999999997,10
distributional,clear,exposed,value_profile,4,10,0.9049999999999999,0.03556857998685374,0.9049999999999999,0.03556857998685374,0.14999999999999997,10
distributional,clear,exposed,value_profile,5,10,0.9299999999999999,0.05889337416010379,0.9299999999999999,0.05889337416010379,0.14999999999999997,10
distributional,clear,exposed,value_profile,6,10,0.9,0.06308854906325863,0.9,0.06308854906325863,0.14999999999999997,10
distributional,clear,exposed,value_profile,7,10,0.9049999999999999,0.06183689349415336,0.9049999999999999,0.06183689349415336,0.14999999999999997,10
distributional,clear,exposed,value_profile,8,5,0.9200000000000002,0.07388174355966148,0.9200000000000002,0.07388174355966148,0.14999999999999997,10
distributional,clear,exposed,value_profile,8,10,0.9299999999999999,0.05385011157546033,0.9299999999999999,0.05385011157546033,0.14999999999999997,10
distributional,clear,exposed,value_profile,8,25,0.5999999999999999,8.371663225071135e-17,0.5999999999999999,8.371663225071135e-17,0.14999999999999997,10
distributional,clear,holdout,association_only,0,10,0.42000000000000004,0.04828291119451135,0.0,0.0,0.14999999999999997,10
distributional,clear,holdout,association_only,1,10,0.45000000000000007,0.033722247946198845,0.0,0.0,0.14999999999999997,10
distributional,clear,holdout,association_only,2,10,0.8950000000000001,0.05949372988282914,0.8950000000000001,0.05949372988282914,0.14999999999999997,10
distributional,clear,holdout,association_only,3,10,0.8800000000000001,0.07763444489843432,0.8800000000000001,0.07763444489843432,0.14999999999999997,10
distributional,clear,holdout,association_only,4,10,0.85,0.06530285234615271,0.85,0.06530285234615271,0.14999999999999997,10
distributional,clear,holdout,association_only,5,10,0.915,0.07735930719339852,0.915,0.07735930719339852,0.14999999999999997,10
distributional,clear,holdout,association_only,6,10,0.8850000000000001,0.07549943647343584,0.8850000000000001,0.07549943647343584,0.14999999999999997,10
distributional,clear,holdout,association_only,7,10,0.89,0.06263629556878302,0.89,0.06263629556878302,0.14999999999999997,10
distributional,clear,holdout,association_only,8,5,0.9,0.10116674383859656,0.9,0.10116674383859656,0.14999999999999997,10
distributional,clear,holdout,association_only,8,10,0.9,0.06308854906325863,0.9,0.06308854906325863,0.14999999999999997,10
distributional,clear,holdout,association_only,8,25,0.598,0.004524314325708176,0.58,0.01348889917847955,0.14999999999999997,10
distributional,clear,holdout,clustering,0,10,0.15,0.04130115022390259,0.0,0.0,0.14999999999999997,10
distributional,clear,holdout,clustering,1,10,0.15,0.04130115022390259,0.0,0.0,0.14999999999999997,10
distributional,clear,holdout,clustering,2,10,0.15,0.04130115022390259,0.0,0.0,0.14999999999999997,10
distributional,clear,holdout,clustering,3,10,0.15,0.04130115022390259,0.0,0.0,0.14999999999999997,10
distributional,clear,holdout,clustering,4,10,0.15,0.04130115022390259,0.0,0.0,0.14999999999999997,10
distributional,clear,holdout,clustering,5,10,0.15,0.04130115022390259,0.0,0.0,0.14999999999999997,10
distributional,clear,holdout,clustering,6,10,0.15,0.04130115022390259,0.0,0.0,0.14999999999999997,10
distributional,clear,holdout,clustering,7,10,0.15,0.04130115022390259,0.0,0.0,0.14999999999999997,10
distributional,clear,holdout,clustering,8,5,0.12000000000000002,0.03016209550472132,0.0,0.0,0.14999999999999997,10
distributional,clear,holdout,clustering,8,10,0.15,0.04130115022390259,0.0,0.0,0.14999999999999997,10
distributional,clear,holdout,clustering,8,25,0.15799999999999997,0.015745076101016175,0.0,0.0,0.14999999999999997,10
distributional,clear,holdout,competing_models,0,10,0.17,0.03016209550472132,0.0,0.0,0.14999999999999997,10
distributional,clear,holdout,competing_models,1,10,0.32,0.06353758354890779,0.0,0.0,0.14999999999999997,10
distributional,clear,holdout,competing_models,2,10,0.89,0.052783667133262296,0.89,0.052783667133262296,0.14999999999999997,10
distributional,clear,holdout,competing_models,3,10,0.915,0.05345268834627583,0.915,0.05345268834627583,0.14999999999999997,10
distributional,clear,holdout,competing_models,4,10,0.9,0.04461034085785037,0.9,0.04461034085785037,0.14999999999999997,10
distributional,clear,holdout,competing_models,5,10,0.905,0.04282194397214668,0.905,0.04282194397214668,0.14999999999999997,10
distributional,clear,holdout,competing_models,6,10,0.93,0.038449278387355776,0.93,0.038449278387355776,0.14999999999999997,10
distributional,clear,holdout,competing_models,7,10,0.925,0.04539996571433344,0.925,0.04539996571433344,0.14999999999999997,10
distributional,clear,holdout,competing_models,8,5,0.9,0.0674444958923977,0.9,0.0674444958923977,0.14999999999999997,10
distributional,clear,holdout,competing_models,8,10,0.9099999999999999,0.05001817684001294,0.9099999999999999,0.05001817684001294,0.14999999999999997,10
distributional,clear,holdout,competing_models,8,25,0.5999999999999999,8.371663225071135e-17,0.5999999999999999,8.371663225071135e-17,0.14999999999999997,10
distributional,clear,holdout,context_oracle,0,10,0.595,0.04282194397214668,0.595,0.04282194397214668,0.14999999999999997,10
distributional,clear,holdout,context_oracle,1,10,0.615,0.03393235744281145,0.615,0.03393235744281145,0.14999999999999997,10
distributional,clear,holdout,context_oracle,2,10,0.615,0.03789066353685231,0.615,0.03789066353685231,0.14999999999999997,10
distributional,clear,holdout,context_oracle,3,10,0.585,0.08095095683631576,0.585,0.08095095683631576,0.14999999999999997,10
distributional,clear,holdout,context_oracle,4,10,0.595,0.04901340519517211,0.595,0.04901340519517211,0.14999999999999997,10
distributional,clear,holdout,context_oracle,5,10,0.6100000000000001,0.055411307669746085,0.6100000000000001,0.055411307669746085,0.14999999999999997,10
distributional,clear,holdout,context_oracle,6,10,0.6099999999999999,0.06032419100944261,0.6099999999999999,0.06032419100944261,0.14999999999999997,10
distributional,clear,holdout,context_oracle,7,10,0.6199999999999999,0.04828291119451134,0.6199999999999999,0.04828291119451134,0.14999999999999997,10
distributional,clear,holdout,context_oracle,8,5,0.65,0.08430561986549712,0.65,0.08430561986549712,0.14999999999999997,10
distributional,clear,holdout,context_oracle,8,10,0.6399999999999999,0.047090556513621484,0.6399999999999999,0.047090556513621484,0.14999999999999997,10
distributional,clear,holdout,context_oracle,8,25,0.5999999999999999,8.371663225071135e-17,0.5999999999999999,8.371663225071135e-17,0.14999999999999997,10
distributional,clear,holdout,delta_only,0,10,0.12000000000000002,0.04198386011486573,0.0,0.0,0.14999999999999997,10
distributional,clear,holdout,delta_only,1,10,0.275,0.09867719813128469,0.0,0.0,0.14999999999999997,10
distributional,clear,holdout,delta_only,2,10,0.6199999999999999,0.14026185195279214,0.6199999999999999,0.14026185195279214,0.14999999999999997,10
distributional,clear,holdout,delta_only,3,10,0.8300000000000001,0.06353758354890782,0.8300000000000001,0.06353758354890782,0.14999999999999997,10
distributional,clear,holdout,delta_only,4,10,0.6900000000000001,0.09802681039034428,0.6399999999999999,0.12135324711253759,0.14999999999999997,10
distributional,clear,holdout,delta_only,5,10,0.755,0.08165033014856432,0.6599999999999999,0.14872237769514898,0.14999999999999997,10
distributional,clear,holdout,delta_only,6,10,0.7350000000000001,0.0696223556258885,0.63,0.13822008576887274,0.14999999999999997,10
distributional,clear,holdout,delta_only,7,10,0.765,0.07549943647343585,0.675,0.13195916783315575,0.14999999999999997,10
distributional,clear,holdout,delta_only,8,5,0.7899999999999999,0.08564388794429341,0.73,0.139244711251777,0.14999999999999997,10
distributional,clear,holdout,delta_only,8,10,0.765,0.07549943647343585,0.675,0.13195916783315575,0.14999999999999997,10
distributional,clear,holdout,delta_only,8,25,0.594,0.009656582238902249,0.38,0.03815236831937814,0.14999999999999997,10
distributional,clear,holdout,frequency,0,10,0.32499999999999996,0.05655392907135247,0.0,0.0,0.14999999999999997,10
distributional,clear,holdout,frequency,1,10,0.32499999999999996,0.05655392907135247,0.0,0.0,0.14999999999999997,10
distributional,clear,holdout,frequency,2,10,0.32499999999999996,0.05655392907135247,0.0,0.0,0.14999999999999997,10
distributional,clear,holdout,frequency,3,10,0.31999999999999995,0.05114232117388981,0.0,0.0,0.14999999999999997,10
distributional,clear,holdout,frequency,4,10,0.31999999999999995,0.05114232117388981,0.0,0.0,0.14999999999999997,10
distributional,clear,holdout,frequency,5,10,0.31999999999999995,0.05114232117388981,0.0,0.0,0.14999999999999997,10
distributional,clear,holdout,frequency,6,10,0.32499999999999996,0.05655392907135247,0.0,0.0,0.14999999999999997,10
distributional,clear,holdout,frequency,7,10,0.31999999999999995,0.05114232117388981,0.0,0.0,0.14999999999999997,10
distributional,clear,holdout,frequency,8,5,0.2700000000000001,0.08953876002124236,0.0,0.0,0.14999999999999997,10
distributional,clear,holdout,frequency,8,10,0.32499999999999996,0.05655392907135247,0.0,0.0,0.14999999999999997,10
distributional,clear,holdout,frequency,8,25,0.28200000000000003,0.03195616725887714,0.0,0.0,0.14999999999999997,10
distributional,clear,holdout,mdi,0,10,0.37,0.0384492783873558,0.0,0.0,0.14999999999999997,10
distributional,clear,holdout,mdi,1,10,0.45000000000000007,0.033722247946198845,0.0,0.0,0.14999999999999997,10
distributional,clear,holdout,mdi,2,10,0.905,0.06183689349415336,0.905,0.06183689349415336,0.14999999999999997,10
distributional,clear,holdout,mdi,3,10,0.89,0.07113715997370756,0.89,0.07113715997370756,0.14999999999999997,10
distributional,clear,holdout,mdi,4,10,0.875,0.059013933905847984,0.875,0.059013933905847984,0.14999999999999997,10
distributional,clear,holdout,mdi,5,10,0.915,0.0696223556258885,0.915,0.0696223556258885,0.14999999999999997,10
distributional,clear,holdout,mdi,6,10,0.8800000000000001,0.08121392761072753,0.8800000000000001,0.08121392761072753,0.14999999999999997,10
distributional,clear,holdout,mdi,7,10,0.8950000000000001,0.05450604454644074,0.8950000000000001,0.05450604454644074,0.14999999999999997,10
distributional,clear,holdout,mdi,8,5,0.89,0.10366506432665454,0.89,0.10366506432665454,0.14999999999999997,10
distributional,clear,holdout,mdi,8,10,0.9200000000000002,0.07193201324708876,0.9200000000000002,0.07193201324708876,0.14999999999999997,10
distributional,clear,holdout,mdi,8,25,0.5800000000000001,0.009538092079844514,0.4960000000000001,0.03290296166351528,0.14999999999999997,10
distributional,clear,holdout,mdi_decay0,0,10,0.37,0.0384492783873558,0.0,0.0,0.14999999999999997,10
distributional,clear,holdout,mdi_decay0,1,10,0.445,0.03936269025254045,0.0,0.0,0.14999999999999997,10
distributional,clear,holdout,mdi_decay0,2,10,0.9,0.06308854906325863,0.9,0.06308854906325863,0.14999999999999997,10
distributional,clear,holdout,mdi_decay0,3,10,0.89,0.07113715997370756,0.89,0.07113715997370756,0.14999999999999997,10
distributional,clear,holdout,mdi_decay0,4,10,0.875,0.059013933905847984,0.875,0.059013933905847984,0.14999999999999997,10
distributional,clear,holdout,mdi_decay0,5,10,0.9099999999999999,0.06702164221990091,0.9099999999999999,0.06702164221990091,0.14999999999999997,10
distributional,clear,holdout,mdi_decay0,6,10,0.89,0.07113715997370758,0.89,0.07113715997370758,0.14999999999999997,10
distributional,clear,holdout,mdi_decay0,7,10,0.8850000000000001,0.06320110677819657,0.8850000000000001,0.06320110677819657,0.14999999999999997,10
distributional,clear,holdout,mdi_decay0,8,5,0.9,0.0892206817157008,0.9,0.0892206817157008,0.14999999999999997,10
distributional,clear,holdout,mdi_decay0,8,10,0.9099999999999999,0.07113715997370755,0.9099999999999999,0.07113715997370755,0.14999999999999997,10
distributional,clear,holdout,mdi_decay0,8,25,0.5820000000000001,0.00812139276107273,0.506,0.027019918286364842,0.14999999999999997,10
distributional,clear,holdout,mdi_decay020,0,10,0.37,0.0384492783873558,0.0,0.0,0.14999999999999997,10
distributional,clear,holdout,mdi_decay020,1,10,0.45000000000000007,0.033722247946198845,0.0,0.0,0.14999999999999997,10
distributional,clear,holdout,mdi_decay020,2,10,0.9099999999999999,0.055411307669746085,0.9099999999999999,0.055411307669746085,0.14999999999999997,10
distributional,clear,holdout,mdi_decay020,3,10,0.89,0.07113715997370756,0.89,0.07113715997370756,0.14999999999999997,10
distributional,clear,holdout,mdi_decay020,4,10,0.8800000000000001,0.05889337416010381,0.8800000000000001,0.05889337416010381,0.14999999999999997,10
distributional,clear,holdout,mdi_decay020,5,10,0.915,0.0696223556258885,0.915,0.0696223556258885,0.14999999999999997,10
distributional,clear,holdout,mdi_decay020,6,10,0.8800000000000001,0.08464217058436618,0.8800000000000001,0.08464217058436618,0.14999999999999997,10
distributional,clear,holdout,mdi_decay020,7,10,0.8950000000000001,0.0640944529475328,0.8950000000000001,0.0640944529475328,0.14999999999999997,10
distributional,clear,holdout,mdi_decay020,8,5,0.9000000000000001,0.09538092079844529,0.9000000000000001,0.09538092079844529,0.14999999999999997,10
distributional,clear,holdout,mdi_decay020,8,10,0.905,0.0640944529475328,0.905,0.0640944529475328,0.14999999999999997,10
distributional,clear,holdout,mdi_decay020,8,25,0.5800000000000001,0.009538092079844513,0.4760000000000001,0.032204305394915145,0.14999999999999997,10
distributional,clear,holdout,mdi_no_novelty,0,10,0.345,0.031318147784391515,0.0,0.0,0.14999999999999997,10
distributional,clear,holdout,mdi_no_novelty,1,10,0.45500000000000007,0.03131814778439151,0.0,0.0,0.14999999999999997,10
distributional,clear,holdout,mdi_no_novelty,2,10,0.905,0.06183689349415336,0.905,0.06183689349415336,0.14999999999999997,10
distributional,clear,holdout,mdi_no_novelty,3,10,0.89,0.07113715997370756,0.89,0.07113715997370756,0.14999999999999997,10
distributional,clear,holdout,mdi_no_novelty,4,10,0.8850000000000001,0.050723686674056565,0.8850000000000001,0.050723686674056565,0.14999999999999997,10
distributional,clear,holdout,mdi_no_novelty,5,10,0.915,0.06754979571591213,0.915,0.06754979571591213,0.14999999999999997,10
distributional,clear,holdout,mdi_no_novelty,6,10,0.8850000000000001,0.08095095683631576,0.8850000000000001,0.08095095683631576,0.14999999999999997,10
distributional,clear,holdout,mdi_no_novelty,7,10,0.89,0.05001817684001294,0.89,0.05001817684001294,0.14999999999999997,10
distributional,clear,holdout,mdi_no_novelty,8,5,0.9,0.08260230044780516,0.9,0.08260230044780516,0.14999999999999997,10
distributional,clear,holdout,mdi_no_novelty,8,10,0.915,0.06754979571591213,0.915,0.06754979571591213,0.14999999999999997,10
distributional,clear,holdout,mdi_no_novelty,8,25,0.5999999999999999,8.371663225071135e-17,0.5919999999999999,0.010003635368002597,0.14999999999999997,10
distributional,clear,holdout,mdi_original,0,10,0.045,0.042821943972146705,0.0,0.0,0.14999999999999997,10
distributional,clear,holdout,mdi_original,1,10,0.0,0.0,0.0,0.0,0.14999999999999997,10
distributional,clear,holdout,mdi_original,2,10,0.0,0.0,0.0,0.0,0.14999999999999997,10
distributional,clear,holdout,mdi_original,3,10,0.06500000000000002,0.047839260949262545,0.06500000000000002,0.047839260949262545,0.14999999999999997,10
distributional,clear,holdout,mdi_original,4,10,0.085,0.047839260949262545,0.085,0.047839260949262545,0.14999999999999997,10
distributional,clear,holdout,mdi_original,5,10,0.16,0.06032419100944264,0.16,0.06032419100944264,0.14999999999999997,10
distributional,clear,holdout,mdi_original,6,10,0.07999999999999999,0.03455502144221818,0.07999999999999999,0.03455502144221818,0.14999999999999997,10
distributional,clear,holdout,mdi_original,7,10,0.18000000000000002,0.048282911194511356,0.18000000000000002,0.048282911194511356,0.14999999999999997,10
distributional,clear,holdout,mdi_original,8,5,0.0,0.0,0.0,0.0,0.14999999999999997,10
distributional,clear,holdout,mdi_original,8,10,0.11000000000000001,0.043968431983939925,0.11000000000000001,0.043968431983939925,0.14999999999999997,10
distributional,clear,holdout,mdi_original,8,25,0.5720000000000002,0.019313164477804522,0.5720000000000002,0.019313164477804522,0.14999999999999997,10
distributional,clear,holdout,mdi_reset,0,10,0.37,0.0384492783873558,0.0,0.0,0.14999999999999997,10
distributional,clear,holdout,mdi_reset,1,10,0.37,0.0384492783873558,0.0,0.0,0.14999999999999997,10
distributional,clear,holdout,mdi_reset,2,10,0.37,0.0384492783873558,0.0,0.0,0.14999999999999997,10
distributional,clear,holdout,mdi_reset,3,10,0.37,0.0384492783873558,0.0,0.0,0.14999999999999997,10
distributional,clear,holdout,mdi_reset,4,10,0.37,0.0384492783873558,0.0,0.0,0.14999999999999997,10
distributional,clear,holdout,mdi_reset,5,10,0.37,0.0384492783873558,0.0,0.0,0.14999999999999997,10
distributional,clear,holdout,mdi_reset,6,10,0.37,0.0384492783873558,0.0,0.0,0.14999999999999997,10
distributional,clear,holdout,mdi_reset,7,10,0.37,0.0384492783873558,0.0,0.0,0.14999999999999997,10
distributional,clear,holdout,mdi_reset,8,5,0.39,0.06263629556878302,0.0,0.0,0.14999999999999997,10
distributional,clear,holdout,mdi_reset,8,10,0.37,0.0384492783873558,0.0,0.0,0.14999999999999997,10
distributional,clear,holdout,mdi_reset,8,25,0.354,0.02616463995433603,0.0,0.0,0.14999999999999997,10
distributional,clear,holdout,mdi_with_delta,0,10,0.36499999999999994,0.03789066353685235,0.0,0.0,0.14999999999999997,10
distributional,clear,holdout,mdi_with_delta,1,10,0.45499999999999996,0.03131814778439151,0.0,0.0,0.14999999999999997,10
distributional,clear,holdout,mdi_with_delta,2,10,0.8949999999999999,0.0640944529475328,0.8949999999999999,0.0640944529475328,0.14999999999999997,10
distributional,clear,holdout,mdi_with_delta,3,10,0.89,0.07113715997370756,0.89,0.07113715997370756,0.14999999999999997,10
distributional,clear,holdout,mdi_with_delta,4,10,0.8550000000000001,0.05705441607566246,0.8550000000000001,0.05705441607566246,0.14999999999999997,10
distributional,clear,holdout,mdi_with_delta,5,10,0.9099999999999999,0.05541130766974609,0.9099999999999999,0.05541130766974609,0.14999999999999997,10
distributional,clear,holdout,mdi_with_delta,6,10,0.9,0.05592202176243727,0.9,0.05592202176243727,0.14999999999999997,10
distributional,clear,holdout,mdi_with_delta,7,10,0.8950000000000001,0.05183253216332724,0.8950000000000001,0.05183253216332724,0.14999999999999997,10
distributional,clear,holdout,mdi_with_delta,8,5,0.9,0.09538092079844532,0.9,0.09538092079844532,0.14999999999999997,10
distributional,clear,holdout,mdi_with_delta,8,10,0.915,0.056048973167046684,0.915,0.056048973167046684,0.14999999999999997,10
distributional,clear,holdout,mdi_with_delta,8,25,0.5999999999999999,8.371663225071135e-17,0.368,0.03517474558715194,0.14999999999999997,10
distributional,clear,holdout,predicate_match,0,10,0.17,0.03016209550472132,0.0,0.0,0.14999999999999997,10
distributional,clear,holdout,predicate_match,1,10,0.27999999999999997,0.045243143257081966,0.0,0.0,0.14999999999999997,10
distributional,clear,holdout,predicate_match,2,10,0.5900000000000001,0.07872538050508089,0.5900000000000001,0.07872538050508089,0.14999999999999997,10
distributional,clear,holdout,predicate_match,3,10,1.0,0.0,1.0,0.0,0.14999999999999997,10
distributional,clear,holdout,predicate_match,4,10,0.7150000000000001,0.07917550069989347,0.7150000000000001,0.07917550069989347,0.14999999999999997,10
distributional,clear,holdout,predicate_match,5,10,1.0,0.0,1.0,0.0,0.14999999999999997,10
distributional,clear,holdout,predicate_match,6,10,1.0,0.0,1.0,0.0,0.14999999999999997,10
distributional,clear,holdout,predicate_match,7,10,1.0,0.0,1.0,0.0,0.14999999999999997,10
distributional,clear,holdout,predicate_match,8,5,1.0,0.0,1.0,0.0,0.14999999999999997,10
distributional,clear,holdout,predicate_match,8,10,1.0,0.0,1.0,0.0,0.14999999999999997,10
distributional,clear,holdout,predicate_match,8,25,0.5999999999999999,8.371663225071135e-17,0.5999999999999999,8.371663225071135e-17,0.14999999999999997,10
distributional,clear,holdout,random,0,10,0.15,0.06744449589239769,0.0,0.0,0.14999999999999997,10
distributional,clear,holdout,random,1,10,0.15,0.06744449589239769,0.0,0.0,0.14999999999999997,10
distributional,clear,holdout,random,2,10,0.15,0.06744449589239769,0.0,0.0,0.14999999999999997,10
distributional,clear,holdout,random,3,10,0.15,0.06744449589239769,0.0,0.0,0.14999999999999997,10
distributional,clear,holdout,random,4,10,0.15,0.06744449589239769,0.0,0.0,0.14999999999999997,10
distributional,clear,holdout,random,5,10,0.15,0.06744449589239769,0.0,0.0,0.14999999999999997,10
distributional,clear,holdout,random,6,10,0.15,0.06744449589239769,0.0,0.0,0.14999999999999997,10
distributional,clear,holdout,random,7,10,0.15,0.06744449589239769,0.0,0.0,0.14999999999999997,10
distributional,clear,holdout,random,8,5,0.15,0.10256221312228223,0.0,0.0,0.14999999999999997,10
distributional,clear,holdout,random,8,10,0.15,0.06744449589239769,0.0,0.0,0.14999999999999997,10
distributional,clear,holdout,random,8,25,0.15200000000000002,0.02797117667354914,0.0,0.0,0.14999999999999997,10
distributional,clear,holdout,recurrence,0,10,0.17,0.03016209550472132,0.0,0.0,0.14999999999999997,10
distributional,clear,holdout,recurrence,1,10,0.17,0.03016209550472132,0.0,0.0,0.14999999999999997,10
distributional,clear,holdout,recurrence,2,10,0.17,0.03016209550472132,0.0,0.0,0.14999999999999997,10
distributional,clear,holdout,recurrence,3,10,0.17,0.03016209550472132,0.0,0.0,0.14999999999999997,10
distributional,clear,holdout,recurrence,4,10,0.17,0.03016209550472132,0.0,0.0,0.14999999999999997,10
distributional,clear,holdout,recurrence,5,10,0.17,0.03016209550472132,0.0,0.0,0.14999999999999997,10
distributional,clear,holdout,recurrence,6,10,0.17,0.03016209550472132,0.0,0.0,0.14999999999999997,10
distributional,clear,holdout,recurrence,7,10,0.17,0.03016209550472132,0.0,0.0,0.14999999999999997,10
distributional,clear,holdout,recurrence,8,5,0.15,0.06079364704696508,0.0,0.0,0.14999999999999997,10
distributional,clear,holdout,recurrence,8,10,0.17,0.03016209550472132,0.0,0.0,0.14999999999999997,10
distributional,clear,holdout,recurrence,8,25,0.15200000000000002,0.018097257302832792,0.0,0.0,0.14999999999999997,10
distributional,clear,holdout,similarity,0,10,0.005,0.011310785814270492,0.0,0.0,0.14999999999999997,10
distributional,clear,holdout,similarity,1,10,0.005,0.011310785814270492,0.0,0.0,0.14999999999999997,10
distributional,clear,holdout,similarity,2,10,0.005,0.011310785814270492,0.0,0.0,0.14999999999999997,10
distributional,clear,holdout,similarity,3,10,0.005,0.011310785814270492,0.0,0.0,0.14999999999999997,10
distributional,clear,holdout,similarity,4,10,0.005,0.011310785814270492,0.0,0.0,0.14999999999999997,10
distributional,clear,holdout,similarity,5,10,0.005,0.011310785814270492,0.0,0.0,0.14999999999999997,10
distributional,clear,holdout,similarity,6,10,0.005,0.011310785814270492,0.0,0.0,0.14999999999999997,10
distributional,clear,holdout,similarity,7,10,0.005,0.011310785814270492,0.0,0.0,0.14999999999999997,10
distributional,clear,holdout,similarity,8,5,0.0,0.0,0.0,0.0,0.14999999999999997,10
distributional,clear,holdout,similarity,8,10,0.005,0.011310785814270492,0.0,0.0,0.14999999999999997,10
distributional,clear,holdout,similarity,8,25,0.044,0.02111346685330492,0.0,0.0,0.14999999999999997,10
distributional,clear,holdout,value_profile,0,10,0.17,0.03016209550472132,0.0,0.0,0.14999999999999997,10
distributional,clear,holdout,value_profile,1,10,0.285,0.0560489731670467,0.0,0.0,0.14999999999999997,10
distributional,clear,holdout,value_profile,2,10,0.8800000000000001,0.0511423211738898,0.8800000000000001,0.0511423211738898,0.14999999999999997,10
distributional,clear,holdout,value_profile,3,10,0.9099999999999999,0.052783667133262296,0.9099999999999999,0.052783667133262296,0.14999999999999997,10
distributional,clear,holdout,value_profile,4,10,0.8700000000000001,0.04524314325708196,0.8700000000000001,0.04524314325708196,0.14999999999999997,10
distributional,clear,holdout,value_profile,5,10,0.93,0.0588933741601038,0.93,0.0588933741601038,0.14999999999999997,10
distributional,clear,holdout,value_profile,6,10,0.9099999999999999,0.05001817684001294,0.9099999999999999,0.05001817684001294,0.14999999999999997,10
distributional,clear,holdout,value_profile,7,10,0.9099999999999999,0.052783667133262296,0.9099999999999999,0.052783667133262296,0.14999999999999997,10
distributional,clear,holdout,value_profile,8,5,0.93,0.07578132707370469,0.93,0.07578132707370469,0.14999999999999997,10
distributional,clear,holdout,value_profile,8,10,0.925,0.056553929071352455,0.925,0.056553929071352455,0.14999999999999997,10
distributional,clear,holdout,value_profile,8,25,0.5999999999999999,8.371663225071135e-17,0.5999999999999999,8.371663225071135e-17,0.14999999999999997,10
distributional,detour,exposed,association_only,0,10,0.42000000000000004,0.04828291119451135,0.0,0.0,0.14999999999999997,10
distributional,detour,exposed,association_only,1,10,0.445,0.042821943972146705,0.0,0.0,0.14999999999999997,10
distributional,detour,exposed,association_only,2,10,0.8850000000000001,0.03789066353685233,0.8850000000000001,0.03789066353685233,0.14999999999999997,10
distributional,detour,exposed,association_only,3,10,0.9099999999999999,0.05001817684001291,0.9099999999999999,0.05001817684001291,0.14999999999999997,10
distributional,detour,exposed,association_only,4,10,0.9049999999999999,0.04901340519517211,0.8949999999999999,0.059493729882829145,0.14999999999999997,10
distributional,detour,exposed,association_only,5,10,0.9099999999999999,0.05001817684001292,0.8949999999999999,0.06627515673523317,0.14999999999999997,10
distributional,detour,exposed,association_only,6,10,0.9049999999999999,0.057054416075662445,0.9049999999999999,0.057054416075662445,0.14999999999999997,10
distributional,detour,exposed,association_only,7,10,0.86,0.04709055651362147,0.8099999999999999,0.08890146537311484,0.14999999999999997,10
distributional,detour,exposed,association_only,8,5,0.9199999999999999,0.056428113722910775,0.9099999999999999,0.062636295568783,0.14999999999999997,10
distributional,detour,exposed,association_only,8,10,0.8550000000000001,0.05705441607566245,0.8099999999999999,0.09508238823269032,0.14999999999999997,10
distributional,detour,exposed,association_only,8,25,0.562,0.01574507610101618,0.24800000000000005,0.0364449986643498,0.14999999999999997,10
distributional,detour,exposed,clustering,0,10,0.15,0.04130115022390259,0.0,0.0,0.14999999999999997,10
distributional,detour,exposed,clustering,1,10,0.15,0.04130115022390259,0.0,0.0,0.14999999999999997,10
distributional,detour,exposed,clustering,2,10,0.15,0.04130115022390259,0.0,0.0,0.14999999999999997,10
distributional,detour,exposed,clustering,3,10,0.15,0.04130115022390259,0.0,0.0,0.14999999999999997,10
distributional,detour,exposed,clustering,4,10,0.15,0.04130115022390259,0.0,0.0,0.14999999999999997,10
distributional,detour,exposed,clustering,5,10,0.15,0.04130115022390259,0.0,0.0,0.14999999999999997,10
distributional,detour,exposed,clustering,6,10,0.15,0.04130115022390259,0.0,0.0,0.14999999999999997,10
distributional,detour,exposed,clustering,7,10,0.15,0.04130115022390259,0.0,0.0,0.14999999999999997,10
distributional,detour,exposed,clustering,8,5,0.12000000000000002,0.03016209550472132,0.0,0.0,0.14999999999999997,10
distributional,detour,exposed,clustering,8,10,0.15,0.04130115022390259,0.0,0.0,0.14999999999999997,10
distributional,detour,exposed,clustering,8,25,0.15799999999999997,0.015745076101016175,0.0,0.0,0.14999999999999997,10
distributional,detour,exposed,competing_models,0,10,0.17,0.03016209550472132,0.0,0.0,0.14999999999999997,10
distributional,detour,exposed,competing_models,1,10,0.31000000000000005,0.05791986290822424,0.0,0.0,0.14999999999999997,10
distributional,detour,exposed,competing_models,2,10,0.925,0.03863368845438132,0.925,0.03863368845438132,0.14999999999999997,10
distributional,detour,exposed,competing_models,3,10,0.9349999999999999,0.03393235744281146,0.9349999999999999,0.03393235744281146,0.14999999999999997,10
distributional,detour,exposed,competing_models,4,10,0.9349999999999999,0.03393235744281146,0.9349999999999999,0.03393235744281146,0.14999999999999997,10
distributional,detour,exposed,competing_models,5,10,0.9349999999999999,0.044769380010621175,0.9349999999999999,0.044769380010621175,0.14999999999999997,10
distributional,detour,exposed,competing_models,6,10,0.9099999999999999,0.055411307669746085,0.9099999999999999,0.055411307669746085,0.14999999999999997,10
distributional,detour,exposed,competing_models,7,10,0.9049999999999999,0.05450604454644074,0.9049999999999999,0.05450604454644074,0.14999999999999997,10
distributional,detour,exposed,competing_models,8,5,0.9099999999999999,0.062636295568783,0.9099999999999999,0.062636295568783,0.14999999999999997,10
distributional,detour,exposed,competing_models,8,10,0.9099999999999999,0.05278366713326228,0.9099999999999999,0.05278366713326228,0.14999999999999997,10
distributional,detour,exposed,competing_models,8,25,0.5999999999999999,8.371663225071135e-17,0.5999999999999999,8.371663225071135e-17,0.14999999999999997,10
distributional,detour,exposed,context_oracle,0,10,0.595,0.04282194397214668,0.595,0.04282194397214668,0.14999999999999997,10
distributional,detour,exposed,context_oracle,1,10,0.615,0.03393235744281145,0.615,0.03393235744281145,0.14999999999999997,10
distributional,detour,exposed,context_oracle,2,10,0.615,0.03789066353685231,0.615,0.03789066353685231,0.14999999999999997,10
distributional,detour,exposed,context_oracle,3,10,0.585,0.08095095683631576,0.585,0.08095095683631576,0.14999999999999997,10
distributional,detour,exposed,context_oracle,4,10,0.595,0.04901340519517211,0.595,0.04901340519517211,0.14999999999999997,10
distributional,detour,exposed,context_oracle,5,10,0.6100000000000001,0.055411307669746085,0.6100000000000001,0.055411307669746085,0.14999999999999997,10
distributional,detour,exposed,context_oracle,6,10,0.6099999999999999,0.06032419100944261,0.6099999999999999,0.06032419100944261,0.14999999999999997,10
distributional,detour,exposed,context_oracle,7,10,0.6199999999999999,0.04828291119451134,0.6199999999999999,0.04828291119451134,0.14999999999999997,10
distributional,detour,exposed,context_oracle,8,5,0.65,0.08430561986549712,0.65,0.08430561986549712,0.14999999999999997,10
distributional,detour,exposed,context_oracle,8,10,0.6399999999999999,0.047090556513621484,0.6399999999999999,0.047090556513621484,0.14999999999999997,10
distributional,detour,exposed,context_oracle,8,25,0.5999999999999999,8.371663225071135e-17,0.5999999999999999,8.371663225071135e-17,0.14999999999999997,10
distributional,detour,exposed,delta_only,0,10,0.12000000000000002,0.04198386011486573,0.0,0.0,0.14999999999999997,10
distributional,detour,exposed,delta_only,1,10,0.21000000000000002,0.07310809141785256,0.0,0.0,0.14999999999999997,10
distributional,detour,exposed,delta_only,2,10,0.525,0.15198411761741268,0.525,0.15198411761741268,0.14999999999999997,10
distributional,detour,exposed,delta_only,3,10,0.7950000000000002,0.08337310066805585,0.7950000000000002,0.08337310066805585,0.14999999999999997,10
distributional,detour,exposed,delta_only,4,10,0.8,0.0754052387618033,0.8,0.0754052387618033,0.14999999999999997,10
distributional,detour,exposed,delta_only,5,10,0.7700000000000001,0.0757813270737047,0.705,0.11736359722791072,0.14999999999999997,10
distributional,detour,exposed,delta_only,6,10,0.7700000000000001,0.0757813270737047,0.7,0.1155940421341114,0.14999999999999997,10
distributional,detour,exposed,delta_only,7,10,0.7550000000000001,0.0780908535623545,0.685,0.13174354813383357,0.14999999999999997,10
distributional,detour,exposed,delta_only,8,5,0.72,0.12527259113756606,0.61,0.1830034035004477,0.14999999999999997,10
distributional,detour,exposed,delta_only,8,10,0.45500000000000007,0.06183689349415338,0.185,0.09087817352110696,0.14999999999999997,10
distributional,detour,exposed,delta_only,8,25,0.5700000000000001,0.035207060472779515,0.388,0.051008731948312125,0.14999999999999997,10
distributional,detour,exposed,frequency,0,10,0.32499999999999996,0.05655392907135247,0.0,0.0,0.14999999999999997,10
distributional,detour,exposed,frequency,1,10,0.32499999999999996,0.05655392907135247,0.0,0.0,0.14999999999999997,10
distributional,detour,exposed,frequency,2,10,0.32499999999999996,0.05655392907135247,0.0,0.0,0.14999999999999997,10
distributional,detour,exposed,frequency,3,10,0.31999999999999995,0.05114232117388981,0.0,0.0,0.14999999999999997,10
distributional,detour,exposed,frequency,4,10,0.31999999999999995,0.05114232117388981,0.0,0.0,0.14999999999999997,10
distributional,detour,exposed,frequency,5,10,0.31999999999999995,0.05114232117388981,0.0,0.0,0.14999999999999997,10
distributional,detour,exposed,frequency,6,10,0.32499999999999996,0.05655392907135247,0.0,0.0,0.14999999999999997,10
distributional,detour,exposed,frequency,7,10,0.31999999999999995,0.05114232117388981,0.0,0.0,0.14999999999999997,10
distributional,detour,exposed,frequency,8,5,0.2700000000000001,0.08953876002124236,0.0,0.0,0.14999999999999997,10
distributional,detour,exposed,frequency,8,10,0.32499999999999996,0.05655392907135247,0.0,0.0,0.14999999999999997,10
distributional,detour,exposed,frequency,8,25,0.28200000000000003,0.03195616725887714,0.0,0.0,0.14999999999999997,10
distributional,detour,exposed,mdi,0,10,0.37,0.0384492783873558,0.0,0.0,0.14999999999999997,10
distributional,detour,exposed,mdi,1,10,0.445,0.03556857998685378,0.0,0.0,0.14999999999999997,10
distributional,detour,exposed,mdi,2,10,0.885,0.05604897316704668,0.885,0.05604897316704668,0.14999999999999997,10
distributional,detour,exposed,mdi,3,10,0.9049999999999999,0.04901340519517211,0.9049999999999999,0.04901340519517211,0.14999999999999997,10
distributional,detour,exposed,mdi,4,10,0.845,0.05705441607566246,0.795,0.0899347759298409,0.14999999999999997,10
distributional,detour,exposed,mdi,5,10,0.86,0.04709055651362147,0.8300000000000001,0.07193201324708873,0.14999999999999997,10
distributional,detour,exposed,mdi,6,10,0.89,0.047090556513621463,0.89,0.047090556513621463,0.14999999999999997,10
distributional,detour,exposed,mdi,7,10,0.8400000000000001,0.06486603906680426,0.8099999999999999,0.09656582238902271,0.14999999999999997,10
distributional,detour,exposed,mdi,8,5,0.85,0.09079993142866694,0.85,0.09079993142866694,0.14999999999999997,10
distributional,detour,exposed,mdi,8,10,0.8700000000000001,0.05385011157546032,0.8549999999999999,0.05183253216332725,0.14999999999999997,10
distributional,detour,exposed,mdi,8,25,0.5640000000000001,0.014776348711932293,0.2900000000000001,0.0388903935272547,0.14999999999999997,10
distributional,detour,exposed,mdi_decay0,0,10,0.37,0.0384492783873558,0.0,0.0,0.14999999999999997,10
distributional,detour,exposed,mdi_decay0,1,10,0.43999999999999995,0.036940871779830735,0.0,0.0,0.14999999999999997,10
distributional,detour,exposed,mdi_decay0,2,10,0.89,0.052783667133262296,0.89,0.052783667133262296,0.14999999999999997,10
distributional,detour,exposed,mdi_decay0,3,10,0.9049999999999999,0.04901340519517211,0.9049999999999999,0.04901340519517211,0.14999999999999997,10
distributional,detour,exposed,mdi_decay0,4,10,0.865,0.05604897316704668,0.8350000000000002,0.07163497682371311,0.14999999999999997,10
distributional,detour,exposed,mdi_decay0,5,10,0.875,0.04539996571433344,0.86,0.05541130766974607,0.14999999999999997,10
distributional,detour,exposed,mdi_decay0,6,10,0.8799999999999999,0.048282911194511335,0.8799999999999999,0.048282911194511335,0.14999999999999997,10
distributional,detour,exposed,mdi_decay0,7,10,0.85,0.06308854906325863,0.835,0.07359257711325336,0.14999999999999997,10
distributional,detour,exposed,mdi_decay0,8,5,0.8400000000000001,0.09656582238902271,0.8400000000000001,0.09656582238902271,0.14999999999999997,10
distributional,detour,exposed,mdi_decay0,8,10,0.885,0.060910445708045616,0.885,0.060910445708045616,0.14999999999999997,10
distributional,detour,exposed,mdi_decay0,8,25,0.5640000000000001,0.014776348711932293,0.29800000000000004,0.03721689707608231,0.14999999999999997,10
distributional,detour,exposed,mdi_decay020,0,10,0.37,0.0384492783873558,0.0,0.0,0.14999999999999997,10
distributional,detour,exposed,mdi_decay020,1,10,0.445,0.03556857998685378,0.0,0.0,0.14999999999999997,10
distributional,detour,exposed,mdi_decay020,2,10,0.885,0.05604897316704668,0.885,0.05604897316704668,0.14999999999999997,10
distributional,detour,exposed,mdi_decay020,3,10,0.9,0.044610340857850365,0.9,0.044610340857850365,0.14999999999999997,10
distributional,detour,exposed,mdi_decay020,4,10,0.79,0.057919862908224276,0.68,0.10003635368002592,0.14999999999999997,10
distributional,detour,exposed,mdi_decay020,5,10,0.8099999999999999,0.05791986290822428,0.74,0.09048628651416399,0.14999999999999997,10
distributional,detour,exposed,mdi_decay020,6,10,0.89,0.047090556513621463,0.89,0.047090556513621463,0.14999999999999997,10
distributional,detour,exposed,mdi_decay020,7,10,0.765,0.04476938001062121,0.66,0.09508238823269037,0.14999999999999997,10
distributional,detour,exposed,mdi_decay020,8,5,0.8400000000000001,0.09656582238902271,0.8400000000000001,0.09656582238902271,0.14999999999999997,10
distributional,detour,exposed,mdi_decay020,8,10,0.8300000000000001,0.05385011157546033,0.7849999999999999,0.06091044570804565,0.14999999999999997,10
distributional,detour,exposed,mdi_decay020,8,25,0.5560000000000002,0.017587372793575966,0.26400000000000007,0.03619451460566559,0.14999999999999997,10
distributional,detour,exposed,mdi_no_novelty,0,10,0.345,0.031318147784391515,0.0,0.0,0.14999999999999997,10
distributional,detour,exposed,mdi_no_novelty,1,10,0.445,0.03556857998685378,0.0,0.0,0.14999999999999997,10
distributional,detour,exposed,mdi_no_novelty,2,10,0.89,0.047090556513621463,0.89,0.047090556513621463,0.14999999999999997,10
distributional,detour,exposed,mdi_no_novelty,3,10,0.9099999999999999,0.047090556513621463,0.9099999999999999,0.047090556513621463,0.14999999999999997,10
distributional,detour,exposed,mdi_no_novelty,4,10,0.9149999999999998,0.044769380010621154,0.9149999999999998,0.044769380010621154,0.14999999999999997,10
distributional,detour,exposed,mdi_no_novelty,5,10,0.9399999999999998,0.04060696380536375,0.9399999999999998,0.04060696380536375,0.14999999999999997,10
distributional,detour,exposed,mdi_no_novelty,6,10,0.9099999999999999,0.055411307669746085,0.9099999999999999,0.055411307669746085,0.14999999999999997,10
distributional,detour,exposed,mdi_no_novelty,7,10,0.89,0.055411307669746085,0.8799999999999999,0.05889337416010379,0.14999999999999997,10
distributional,detour,exposed,mdi_no_novelty,8,5,0.93,0.07578132707370469,0.93,0.07578132707370469,0.14999999999999997,10
distributional,detour,exposed,mdi_no_novelty,8,10,0.9099999999999999,0.05278366713326228,0.9099999999999999,0.05278366713326228,0.14999999999999997,10
distributional,detour,exposed,mdi_no_novelty,8,25,0.5740000000000001,0.011778674832020743,0.31000000000000005,0.03647618822817906,0.14999999999999997,10
distributional,detour,exposed,mdi_original,0,10,0.045,0.042821943972146705,0.0,0.0,0.14999999999999997,10
distributional,detour,exposed,mdi_original,1,10,0.005,0.011310785814270492,0.0,0.0,0.14999999999999997,10
distributional,detour,exposed,mdi_original,2,10,0.015000000000000003,0.033932357442811485,0.015000000000000003,0.033932357442811485,0.14999999999999997,10
distributional,detour,exposed,mdi_original,3,10,0.12500000000000003,0.059013933905847984,0.12500000000000003,0.059013933905847984,0.14999999999999997,10
distributional,detour,exposed,mdi_original,4,10,0.005,0.011310785814270492,0.0,0.0,0.14999999999999997,10
distributional,detour,exposed,mdi_original,5,10,0.25999999999999995,0.06702164221990091,0.25999999999999995,0.06702164221990091,0.14999999999999997,10
distributional,detour,exposed,mdi_original,6,10,0.19,0.03694087177983073,0.19,0.03694087177983073,0.14999999999999997,10
distributional,detour,exposed,mdi_original,7,10,0.175,0.053981935791256486,0.175,0.053981935791256486,0.14999999999999997,10
distributional,detour,exposed,mdi_original,8,5,0.07999999999999999,0.06573676311525133,0.07999999999999999,0.06573676311525133,0.14999999999999997,10
distributional,detour,exposed,mdi_original,8,10,0.175,0.045399965714333454,0.175,0.045399965714333454,0.14999999999999997,10
distributional,detour,exposed,mdi_original,8,25,0.316,0.042010937744326814,0.304,0.03862632895560908,0.14999999999999997,10
distributional,detour,exposed,mdi_reset,0,10,0.37,0.0384492783873558,0.0,0.0,0.14999999999999997,10
distributional,detour,exposed,mdi_reset,1,10,0.37,0.0384492783873558,0.0,0.0,0.14999999999999997,10
distributional,detour,exposed,mdi_reset,2,10,0.37,0.0384492783873558,0.0,0.0,0.14999999999999997,10
distributional,detour,exposed,mdi_reset,3,10,0.37,0.0384492783873558,0.0,0.0,0.14999999999999997,10
distributional,detour,exposed,mdi_reset,4,10,0.37,0.0384492783873558,0.0,0.0,0.14999999999999997,10
distributional,detour,exposed,mdi_reset,5,10,0.37,0.0384492783873558,0.0,0.0,0.14999999999999997,10
distributional,detour,exposed,mdi_reset,6,10,0.37,0.0384492783873558,0.0,0.0,0.14999999999999997,10
distributional,detour,exposed,mdi_reset,7,10,0.37,0.0384492783873558,0.0,0.0,0.14999999999999997,10
distributional,detour,exposed,mdi_reset,8,5,0.39,0.06263629556878302,0.0,0.0,0.14999999999999997,10
distributional,detour,exposed,mdi_reset,8,10,0.37,0.0384492783873558,0.0,0.0,0.14999999999999997,10
distributional,detour,exposed,mdi_reset,8,25,0.354,0.02616463995433603,0.0,0.0,0.14999999999999997,10
distributional,detour,exposed,mdi_with_delta,0,10,0.36499999999999994,0.03789066353685235,0.0,0.0,0.14999999999999997,10
distributional,detour,exposed,mdi_with_delta,1,10,0.445,0.026391833566631148,0.0,0.0,0.14999999999999997,10
distributional,detour,exposed,mdi_with_delta,2,10,0.8899999999999999,0.047090556513621463,0.8899999999999999,0.047090556513621463,0.14999999999999997,10
distributional,detour,exposed,mdi_with_delta,3,10,0.9049999999999999,0.04901340519517211,0.9049999999999999,0.04901340519517211,0.14999999999999997,10
distributional,detour,exposed,mdi_with_delta,4,10,0.8949999999999999,0.04901340519517211,0.8949999999999999,0.04901340519517211,0.14999999999999997,10
distributional,detour,exposed,mdi_with_delta,5,10,0.865,0.07163497682371311,0.835,0.10933759620461476,0.14999999999999997,10
distributional,detour,exposed,mdi_with_delta,6,10,0.885,0.06091044570804563,0.8799999999999999,0.06125950556116339,0.14999999999999997,10
distributional,detour,exposed,mdi_with_delta,7,10,0.865,0.06541159988584004,0.8400000000000001,0.09204382406636305,0.14999999999999997,10
distributional,detour,exposed,mdi_with_delta,8,5,0.8400000000000001,0.09656582238902271,0.8099999999999999,0.10366506432665454,0.14999999999999997,10
distributional,detour,exposed,mdi_with_delta,8,10,0.775,0.06364934719473761,0.6699999999999999,0.09418111302724298,0.14999999999999997,10
distributional,detour,exposed,mdi_with_delta,8,25,0.5880000000000001,0.012064838201888497,0.352,0.03886114162877416,0.14999999999999997,10
distributional,detour,exposed,predicate_match,0,10,0.17,0.03016209550472132,0.0,0.0,0.14999999999999997,10
distributional,detour,exposed,predicate_match,1,10,0.27999999999999997,0.045243143257081966,0.0,0.0,0.14999999999999997,10
distributional,detour,exposed,predicate_match,2,10,0.5900000000000001,0.07872538050508089,0.5900000000000001,0.07872538050508089,0.14999999999999997,10
distributional,detour,exposed,predicate_match,3,10,1.0,0.0,1.0,0.0,0.14999999999999997,10
distributional,detour,exposed,predicate_match,4,10,1.0,0.0,1.0,0.0,0.14999999999999997,10
distributional,detour,exposed,predicate_match,5,10,1.0,0.0,1.0,0.0,0.14999999999999997,10
distributional,detour,exposed,predicate_match,6,10,1.0,0.0,1.0,0.0,0.14999999999999997,10
distributional,detour,exposed,predicate_match,7,10,1.0,0.0,1.0,0.0,0.14999999999999997,10
distributional,detour,exposed,predicate_match,8,5,1.0,0.0,1.0,0.0,0.14999999999999997,10
distributional,detour,exposed,predicate_match,8,10,1.0,0.0,1.0,0.0,0.14999999999999997,10
distributional,detour,exposed,predicate_match,8,25,0.5999999999999999,8.371663225071135e-17,0.33399999999999996,0.029437030845301356,0.14999999999999997,10
distributional,detour,exposed,random,0,10,0.15,0.06744449589239769,0.0,0.0,0.14999999999999997,10
distributional,detour,exposed,random,1,10,0.15,0.06744449589239769,0.0,0.0,0.14999999999999997,10
distributional,detour,exposed,random,2,10,0.15,0.06744449589239769,0.0,0.0,0.14999999999999997,10
distributional,detour,exposed,random,3,10,0.15,0.06744449589239769,0.0,0.0,0.14999999999999997,10
distributional,detour,exposed,random,4,10,0.15,0.06744449589239769,0.0,0.0,0.14999999999999997,10
distributional,detour,exposed,random,5,10,0.15,0.06744449589239769,0.0,0.0,0.14999999999999997,10
distributional,detour,exposed,random,6,10,0.15,0.06744449589239769,0.0,0.0,0.14999999999999997,10
distributional,detour,exposed,random,7,10,0.15,0.06744449589239769,0.0,0.0,0.14999999999999997,10
distributional,detour,exposed,random,8,5,0.15,0.10256221312228223,0.0,0.0,0.14999999999999997,10
distributional,detour,exposed,random,8,10,0.15,0.06744449589239769,0.0,0.0,0.14999999999999997,10
distributional,detour,exposed,random,8,25,0.15200000000000002,0.02797117667354914,0.0,0.0,0.14999999999999997,10
distributional,detour,exposed,recurrence,0,10,0.17,0.03016209550472132,0.0,0.0,0.14999999999999997,10
distributional,detour,exposed,recurrence,1,10,0.225,0.051281106561141106,0.0,0.0,0.14999999999999997,10
distributional,detour,exposed,recurrence,2,10,0.45,0.071535690598834,0.335,0.09087817352110693,0.14999999999999997,10
distributional,detour,exposed,recurrence,3,10,0.8600000000000001,0.05001817684001292,0.8350000000000002,0.06320110677819656,0.14999999999999997,10
distributional,detour,exposed,recurrence,4,10,0.765,0.04476938001062121,0.6449999999999999,0.08834006124015574,0.14999999999999997,10
distributional,detour,exposed,recurrence,5,10,0.825,0.04842989147725692,0.725,0.07397788119767548,0.14999999999999997,10
distributional,detour,exposed,recurrence,6,10,0.86,0.07689855677471161,0.825,0.0911904705704476,0.14999999999999997,10
distributional,detour,exposed,recurrence,7,10,0.6950000000000001,0.08165033014856429,0.46499999999999997,0.12623341462033963,0.14999999999999997,10
distributional,detour,exposed,recurrence,8,5,0.8699999999999999,0.08953876002124235,0.78,0.13822008576887268,0.14999999999999997,10
distributional,detour,exposed,recurrence,8,10,0.7649999999999999,0.07549943647343585,0.5950000000000001,0.12555594954333646,0.14999999999999997,10
distributional,detour,exposed,recurrence,8,25,0.506,0.023412081991028663,0.2,0.059565365947168734,0.14999999999999997,10
distributional,detour,exposed,similarity,0,10,0.005,0.011310785814270492,0.0,0.0,0.14999999999999997,10
distributional,detour,exposed,similarity,1,10,0.005,0.011310785814270492,0.0,0.0,0.14999999999999997,10
distributional,detour,exposed,similarity,2,10,0.005,0.011310785814270492,0.0,0.0,0.14999999999999997,10
distributional,detour,exposed,similarity,3,10,0.005,0.011310785814270492,0.0,0.0,0.14999999999999997,10
distributional,detour,exposed,similarity,4,10,0.005,0.011310785814270492,0.0,0.0,0.14999999999999997,10
distributional,detour,exposed,similarity,5,10,0.005,0.011310785814270492,0.0,0.0,0.14999999999999997,10
distributional,detour,exposed,similarity,6,10,0.005,0.011310785814270492,0.0,0.0,0.14999999999999997,10
distributional,detour,exposed,similarity,7,10,0.005,0.011310785814270492,0.0,0.0,0.14999999999999997,10
distributional,detour,exposed,similarity,8,5,0.0,0.0,0.0,0.0,0.14999999999999997,10
distributional,detour,exposed,similarity,8,10,0.005,0.011310785814270492,0.0,0.0,0.14999999999999997,10
distributional,detour,exposed,similarity,8,25,0.044,0.02111346685330492,0.0,0.0,0.14999999999999997,10
distributional,detour,exposed,value_profile,0,10,0.17,0.03016209550472132,0.0,0.0,0.14999999999999997,10
distributional,detour,exposed,value_profile,1,10,0.27,0.04828291119451135,0.0,0.0,0.14999999999999997,10
distributional,detour,exposed,value_profile,2,10,0.8800000000000001,0.04198386011486572,0.8800000000000001,0.04198386011486572,0.14999999999999997,10
distributional,detour,exposed,value_profile,3,10,0.925,0.042152809932748524,0.925,0.042152809932748524,0.14999999999999997,10
distributional,detour,exposed,value_profile,4,10,0.9299999999999999,0.038449278387355776,0.9299999999999999,0.038449278387355776,0.14999999999999997,10
distributional,detour,exposed,value_profile,5,10,0.9400000000000001,0.04396843198393991,0.9400000000000001,0.04396843198393991,0.14999999999999997,10
distributional,detour,exposed,value_profile,6,10,0.9099999999999999,0.052783667133262296,0.9099999999999999,0.052783667133262296,0.14999999999999997,10
distributional,detour,exposed,value_profile,7,10,0.9049999999999999,0.05450604454644074,0.9049999999999999,0.05450604454644074,0.14999999999999997,10
distributional,detour,exposed,value_profile,8,5,0.9199999999999999,0.08121392761072753,0.9199999999999999,0.08121392761072753,0.14999999999999997,10
distributional,detour,exposed,value_profile,8,10,0.9099999999999999,0.05278366713326228,0.9099999999999999,0.05278366713326228,0.14999999999999997,10
distributional,detour,exposed,value_profile,8,25,0.5999999999999999,8.371663225071135e-17,0.358,0.028173722234883153,0.14999999999999997,10
distributional,detour,holdout,association_only,0,10,0.42000000000000004,0.04828291119451135,0.0,0.0,0.14999999999999997,10
distributional,detour,holdout,association_only,1,10,0.4149999999999999,0.04783926094926254,0.0,0.0,0.14999999999999997,10
distributional,detour,holdout,association_only,2,10,0.8549999999999999,0.059493729882829166,0.8549999999999999,0.059493729882829166,0.14999999999999997,10
distributional,detour,holdout,association_only,3,10,0.89,0.06032419100944262,0.89,0.06032419100944262,0.14999999999999997,10
distributional,detour,holdout,association_only,4,10,0.8949999999999999,0.05450604454644072,0.8949999999999999,0.05450604454644072,0.14999999999999997,10
distributional,detour,holdout,association_only,5,10,0.865,0.07735930719339852,0.86,0.0787253805050809,0.14999999999999997,10
distributional,detour,holdout,association_only,6,10,0.885,0.06541159988584007,0.885,0.06541159988584007,0.14999999999999997,10
distributional,detour,holdout,association_only,7,10,0.8300000000000001,0.05889337416010381,0.7799999999999999,0.08121392761072753,0.14999999999999997,10
distributional,detour,holdout,association_only,8,5,0.8600000000000001,0.08396772022973145,0.85,0.0907999314286669,0.14999999999999997,10
distributional,detour,holdout,association_only,8,10,0.845,0.07809085356235448,0.8150000000000001,0.08268829974277671,0.14999999999999997,10
distributional,detour,holdout,association_only,8,25,0.56,0.01652046008956102,0.26400000000000007,0.04254887178785707,0.14999999999999997,10
distributional,detour,holdout,clustering,0,10,0.15,0.04130115022390259,0.0,0.0,0.14999999999999997,10
distributional,detour,holdout,clustering,1,10,0.15,0.04130115022390259,0.0,0.0,0.14999999999999997,10
distributional,detour,holdout,clustering,2,10,0.15,0.04130115022390259,0.0,0.0,0.14999999999999997,10
distributional,detour,holdout,clustering,3,10,0.15,0.04130115022390259,0.0,0.0,0.14999999999999997,10
distributional,detour,holdout,clustering,4,10,0.15,0.04130115022390259,0.0,0.0,0.14999999999999997,10
distributional,detour,holdout,clustering,5,10,0.15,0.04130115022390259,0.0,0.0,0.14999999999999997,10
distributional,detour,holdout,clustering,6,10,0.15,0.04130115022390259,0.0,0.0,0.14999999999999997,10
distributional,detour,holdout,clustering,7,10,0.15,0.04130115022390259,0.0,0.0,0.14999999999999997,10
distributional,detour,holdout,clustering,8,5,0.12000000000000002,0.03016209550472132,0.0,0.0,0.14999999999999997,10
distributional,detour,holdout,clustering,8,10,0.15,0.04130115022390259,0.0,0.0,0.14999999999999997,10
distributional,detour,holdout,clustering,8,25,0.15799999999999997,0.015745076101016175,0.0,0.0,0.14999999999999997,10
distributional,detour,holdout,competing_models,0,10,0.17,0.03016209550472132,0.0,0.0,0.14999999999999997,10
distributional,detour,holdout,competing_models,1,10,0.32,0.0588933741601038,0.0,0.0,0.14999999999999997,10
distributional,detour,holdout,competing_models,2,10,0.875,0.07203075318821234,0.875,0.07203075318821234,0.14999999999999997,10
distributional,detour,holdout,competing_models,3,10,0.9049999999999999,0.05705441607566246,0.9049999999999999,0.05705441607566246,0.14999999999999997,10
distributional,detour,holdout,competing_models,4,10,0.9099999999999999,0.03694087177983072,0.9049999999999999,0.03936269025254044,0.14999999999999997,10
distributional,detour,holdout,competing_models,5,10,0.9099999999999998,0.06911004288443637,0.9099999999999998,0.06911004288443637,0.14999999999999997,10
distributional,detour,holdout,competing_models,6,10,0.8800000000000001,0.0757813270737047,0.8800000000000001,0.0757813270737047,0.14999999999999997,10
distributional,detour,holdout,competing_models,7,10,0.885,0.06754979571591213,0.885,0.06754979571591213,0.14999999999999997,10
distributional,detour,holdout,competing_models,8,5,0.8800000000000001,0.07388174355966146,0.8800000000000001,0.07388174355966146,0.14999999999999997,10
distributional,detour,holdout,competing_models,8,10,0.8949999999999999,0.07242436679176704,0.8949999999999999,0.07242436679176704,0.14999999999999997,10
distributional,detour,holdout,competing_models,8,25,0.5999999999999999,8.371663225071135e-17,0.5999999999999999,8.371663225071135e-17,0.14999999999999997,10
distributional,detour,holdout,context_oracle,0,10,0.595,0.04282194397214668,0.595,0.04282194397214668,0.14999999999999997,10
distributional,detour,holdout,context_oracle,1,10,0.615,0.03393235744281145,0.615,0.03393235744281145,0.14999999999999997,10
distributional,detour,holdout,context_oracle,2,10,0.615,0.03789066353685231,0.615,0.03789066353685231,0.14999999999999997,10
distributional,detour,holdout,context_oracle,3,10,0.585,0.08095095683631576,0.585,0.08095095683631576,0.14999999999999997,10
distributional,detour,holdout,context_oracle,4,10,0.595,0.04901340519517211,0.595,0.04901340519517211,0.14999999999999997,10
distributional,detour,holdout,context_oracle,5,10,0.6100000000000001,0.055411307669746085,0.6100000000000001,0.055411307669746085,0.14999999999999997,10
distributional,detour,holdout,context_oracle,6,10,0.6099999999999999,0.06032419100944261,0.6099999999999999,0.06032419100944261,0.14999999999999997,10
distributional,detour,holdout,context_oracle,7,10,0.6199999999999999,0.04828291119451134,0.6199999999999999,0.04828291119451134,0.14999999999999997,10
distributional,detour,holdout,context_oracle,8,5,0.65,0.08430561986549712,0.65,0.08430561986549712,0.14999999999999997,10
distributional,detour,holdout,context_oracle,8,10,0.6399999999999999,0.047090556513621484,0.6399999999999999,0.047090556513621484,0.14999999999999997,10
distributional,detour,holdout,context_oracle,8,25,0.5999999999999999,8.371663225071135e-17,0.5999999999999999,8.371663225071135e-17,0.14999999999999997,10
distributional,detour,holdout,delta_only,0,10,0.12000000000000002,0.04198386011486573,0.0,0.0,0.14999999999999997,10
distributional,detour,holdout,delta_only,1,10,0.25,0.10796387158251297,0.0,0.0,0.14999999999999997,10
distributional,detour,holdout,delta_only,2,10,0.5199999999999999,0.13297858700472565,0.5199999999999999,0.13297858700472565,0.14999999999999997,10
distributional,detour,holdout,delta_only,3,10,0.8100000000000002,0.08396772022973147,0.8100000000000002,0.08396772022973147,0.14999999999999997,10
distributional,detour,holdout,delta_only,4,10,0.8100000000000002,0.08396772022973147,0.8100000000000002,0.08396772022973147,0.14999999999999997,10
distributional,detour,holdout,delta_only,5,10,0.72,0.1170604099551432,0.655,0.16473067877957032,0.14999999999999997,10
distributional,detour,holdout,delta_only,6,10,0.7250000000000001,0.12070727798627838,0.665,0.16264649558859554,0.14999999999999997,10
distributional,detour,holdout,delta_only,7,10,0.745,0.1300057170753416,0.6950000000000001,0.16899018918078976,0.14999999999999997,10
distributional,detour,holdout,delta_only,8,5,0.6900000000000001,0.09802681039034428,0.62,0.1382200857688727,0.14999999999999997,10
distributional,detour,holdout,delta_only,8,10,0.45500000000000007,0.0899347759298409,0.19999999999999998,0.15175011575789482,0.14999999999999997,10
distributional,detour,holdout,delta_only,8,25,0.568,0.04001454147201034,0.386,0.057248420055600095,0.14999999999999997,10
distributional,detour,holdout,frequency,0,10,0.32499999999999996,0.05655392907135247,0.0,0.0,0.14999999999999997,10
distributional,detour,holdout,frequency,1,10,0.32499999999999996,0.05655392907135247,0.0,0.0,0.14999999999999997,10
distributional,detour,holdout,frequency,2,10,0.32499999999999996,0.05655392907135247,0.0,0.0,0.14999999999999997,10
distributional,detour,holdout,frequency,3,10,0.31999999999999995,0.05114232117388981,0.0,0.0,0.14999999999999997,10
distributional,detour,holdout,frequency,4,10,0.31999999999999995,0.05114232117388981,0.0,0.0,0.14999999999999997,10
distributional,detour,holdout,frequency,5,10,0.31999999999999995,0.05114232117388981,0.0,0.0,0.14999999999999997,10
distributional,detour,holdout,frequency,6,10,0.32499999999999996,0.05655392907135247,0.0,0.0,0.14999999999999997,10
distributional,detour,holdout,frequency,7,10,0.31999999999999995,0.05114232117388981,0.0,0.0,0.14999999999999997,10
distributional,detour,holdout,frequency,8,5,0.2700000000000001,0.08953876002124236,0.0,0.0,0.14999999999999997,10
distributional,detour,holdout,frequency,8,10,0.32499999999999996,0.05655392907135247,0.0,0.0,0.14999999999999997,10
distributional,detour,holdout,frequency,8,25,0.28200000000000003,0.03195616725887714,0.0,0.0,0.14999999999999997,10
distributional,detour,holdout,mdi,0,10,0.37,0.0384492783873558,0.0,0.0,0.14999999999999997,10
distributional,detour,holdout,mdi,1,10,0.43000000000000005,0.04198386011486573,0.0,0.0,0.14999999999999997,10
distributional,detour,holdout,mdi,2,10,0.8699999999999999,0.06992794168387287,0.8699999999999999,0.06992794168387287,0.14999999999999997,10
distributional,detour,holdout,mdi,3,10,0.9,0.050583371919298264,0.9,0.050583371919298264,0.14999999999999997,10
distributional,detour,holdout,mdi,4,10,0.89,0.05278366713326228,0.89,0.05278366713326228,0.14999999999999997,10
distributional,detour,holdout,mdi,5,10,0.8699999999999999,0.10003635368002588,0.8649999999999999,0.0983886676945753,0.14999999999999997,10
distributional,detour,holdout,mdi,6,10,0.8699999999999999,0.07944434867455497,0.8699999999999999,0.07944434867455497,0.14999999999999997,10
distributional,detour,holdout,mdi,7,10,0.865,0.07549943647343584,0.85,0.07726737690876267,0.14999999999999997,10
distributional,detour,holdout,mdi,8,5,0.89,0.07113715997370755,0.89,0.07113715997370755,0.14999999999999997,10
distributional,detour,holdout,mdi,8,10,0.8800000000000001,0.08953876002124235,0.875,0.08961810320032132,0.14999999999999997,10
distributional,detour,holdout,mdi,8,25,0.5660000000000001,0.016589152527596712,0.26600000000000007,0.050941805964605236,0.14999999999999997,10
distributional,detour,holdout,mdi_decay0,0,10,0.37,0.0384492783873558,0.0,0.0,0.14999999999999997,10
distributional,detour,holdout,mdi_decay0,1,10,0.425,0.04539996571433347,0.0,0.0,0.14999999999999997,10
distributional,detour,holdout,mdi_decay0,2,10,0.875,0.06137541769047296,0.875,0.06137541769047296,0.14999999999999997,10
distributional,detour,holdout,mdi_decay0,3,10,0.89,0.05001817684001292,0.89,0.05001817684001292,0.14999999999999997,10
distributional,detour,holdout,mdi_decay0,4,10,0.89,0.05278366713326228,0.89,0.05278366713326228,0.14999999999999997,10
distributional,detour,holdout,mdi_decay0,5,10,0.89,0.08051076348728783,0.89,0.08051076348728783,0.14999999999999997,10
distributional,detour,holdout,mdi_decay0,6,10,0.8800000000000001,0.08953876002124236,0.8800000000000001,0.08953876002124236,0.14999999999999997,10
distributional,detour,holdout,mdi_decay0,7,10,0.865,0.08930030750728797,0.8550000000000001,0.09150170175022383,0.14999999999999997,10
distributional,detour,holdout,mdi_decay0,8,5,0.89,0.07113715997370755,0.89,0.07113715997370755,0.14999999999999997,10
distributional,detour,holdout,mdi_decay0,8,10,0.89,0.09048628651416392,0.89,0.09048628651416392,0.14999999999999997,10
distributional,detour,holdout,mdi_decay0,8,25,0.5700000000000001,0.015453475381752521,0.2820000000000001,0.05780193975316879,0.14999999999999997,10
distributional,detour,holdout,mdi_decay020,0,10,0.37,0.0384492783873558,0.0,0.0,0.14999999999999997,10
distributional,detour,holdout,mdi_decay020,1,10,0.43000000000000005,0.04198386011486573,0.0,0.0,0.14999999999999997,10
distributional,detour,holdout,mdi_decay020,2,10,0.8699999999999999,0.06992794168387287,0.8699999999999999,0.06992794168387287,0.14999999999999997,10
distributional,detour,holdout,mdi_decay020,3,10,0.9,0.04461034085785037,0.9,0.04461034085785037,0.14999999999999997,10
distributional,detour,holdout,mdi_decay020,4,10,0.8950000000000001,0.04282194397214668,0.89,0.0439684319839399,0.14999999999999997,10
distributional,detour,holdout,mdi_decay020,5,10,0.85,0.09079993142866694,0.82,0.08464217058436621,0.14999999999999997,10
distributional,detour,holdout,mdi_decay020,6,10,0.885,0.06091044570804565,0.885,0.06091044570804565,0.14999999999999997,10
distributional,detour,holdout,mdi_decay020,7,10,0.76,0.06263629556878306,0.655,0.11614609960148913,0.14999999999999997,10
distributional,detour,holdout,mdi_decay020,8,5,0.89,0.09204382406636306,0.89,0.09204382406636306,0.14999999999999997,10
distributional,detour,holdout,mdi_decay020,8,10,0.8549999999999999,0.09455768835192288,0.8150000000000001,0.11190757323378898,0.14999999999999997,10
distributional,detour,holdout,mdi_decay020,8,25,0.556,0.021113466853304924,0.24200000000000008,0.05112008054610447,0.14999999999999997,10
distributional,detour,holdout,mdi_no_novelty,0,10,0.345,0.031318147784391515,0.0,0.0,0.14999999999999997,10
distributional,detour,holdout,mdi_no_novelty,1,10,0.43499999999999994,0.0414728813189918,0.0,0.0,0.14999999999999997,10
distributional,detour,holdout,mdi_no_novelty,2,10,0.875,0.059013933905847984,0.875,0.059013933905847984,0.14999999999999997,10
distributional,detour,holdout,mdi_no_novelty,3,10,0.9049999999999999,0.04901340519517213,0.9049999999999999,0.04901340519517213,0.14999999999999997,10
distributional,detour,holdout,mdi_no_novelty,4,10,0.9049999999999999,0.05183253216332724,0.9049999999999999,0.05183253216332724,0.14999999999999997,10
distributional,detour,holdout,mdi_no_novelty,5,10,0.89,0.09048628651416392,0.89,0.09048628651416392,0.14999999999999997,10
distributional,detour,holdout,mdi_no_novelty,6,10,0.89,0.06263629556878302,0.89,0.06263629556878302,0.14999999999999997,10
distributional,detour,holdout,mdi_no_novelty,7,10,0.8700000000000001,0.051142321173889824,0.8550000000000001,0.05183253216332727,0.14999999999999997,10
distributional,detour,holdout,mdi_no_novelty,8,5,0.9,0.07540523876180329,0.9,0.07540523876180329,0.14999999999999997,10
distributional,detour,holdout,mdi_no_novelty,8,10,0.89,0.08225740415878822,0.89,0.08225740415878822,0.14999999999999997,10
distributional,detour,holdout,mdi_no_novelty,8,25,0.5700000000000001,0.015453475381752521,0.33000000000000007,0.04780953788895343,0.14999999999999997,10
distributional,detour,holdout,mdi_original,0,10,0.045,0.042821943972146705,0.0,0.0,0.14999999999999997,10
distributional,detour,holdout,mdi_original,1,10,0.02,0.045243143257081966,0.0,0.0,0.14999999999999997,10
distributional,detour,holdout,mdi_original,2,10,0.039999999999999994,0.0787253805050809,0.039999999999999994,0.0787253805050809,0.14999999999999997,10
distributional,detour,holdout,mdi_original,3,10,0.135,0.07359257711325337,0.135,0.07359257711325337,0.14999999999999997,10
distributional,detour,holdout,mdi_original,4,10,0.03,0.06786471488562297,0.03,0.06786471488562297,0.14999999999999997,10
distributional,detour,holdout,mdi_original,5,10,0.18,0.048282911194511356,0.18,0.048282911194511356,0.14999999999999997,10
distributional,detour,holdout,mdi_original,6,10,0.14000000000000004,0.06486603906680426,0.14000000000000004,0.06486603906680426,0.14999999999999997,10
distributional,detour,holdout,mdi_original,7,10,0.12500000000000003,0.05128110656114111,0.12000000000000002,0.045243143257081966,0.14999999999999997,10
distributional,detour,holdout,mdi_original,8,5,0.08,0.07388174355966148,0.08,0.07388174355966148,0.14999999999999997,10
distributional,detour,holdout,mdi_original,8,10,0.15,0.03770261938090164,0.15,0.03770261938090164,0.14999999999999997,10
distributional,detour,holdout,mdi_original,8,25,0.28600000000000003,0.027848942250355398,0.26,0.04956138026868311,0.14999999999999997,10
distributional,detour,holdout,mdi_reset,0,10,0.37,0.0384492783873558,0.0,0.0,0.14999999999999997,10
distributional,detour,holdout,mdi_reset,1,10,0.37,0.0384492783873558,0.0,0.0,0.14999999999999997,10
distributional,detour,holdout,mdi_reset,2,10,0.37,0.0384492783873558,0.0,0.0,0.14999999999999997,10
distributional,detour,holdout,mdi_reset,3,10,0.37,0.0384492783873558,0.0,0.0,0.14999999999999997,10
distributional,detour,holdout,mdi_reset,4,10,0.37,0.0384492783873558,0.0,0.0,0.14999999999999997,10
distributional,detour,holdout,mdi_reset,5,10,0.37,0.0384492783873558,0.0,0.0,0.14999999999999997,10
distributional,detour,holdout,mdi_reset,6,10,0.37,0.0384492783873558,0.0,0.0,0.14999999999999997,10
distributional,detour,holdout,mdi_reset,7,10,0.37,0.0384492783873558,0.0,0.0,0.14999999999999997,10
distributional,detour,holdout,mdi_reset,8,5,0.39,0.06263629556878302,0.0,0.0,0.14999999999999997,10
distributional,detour,holdout,mdi_reset,8,10,0.37,0.0384492783873558,0.0,0.0,0.14999999999999997,10
distributional,detour,holdout,mdi_reset,8,25,0.354,0.02616463995433603,0.0,0.0,0.14999999999999997,10
distributional,detour,holdout,mdi_with_delta,0,10,0.36499999999999994,0.03789066353685235,0.0,0.0,0.14999999999999997,10
distributional,detour,holdout,mdi_with_delta,1,10,0.44000000000000006,0.04396843198393992,0.0,0.0,0.14999999999999997,10
distributional,detour,holdout,mdi_with_delta,2,10,0.86,0.06702164221990092,0.86,0.06702164221990092,0.14999999999999997,10
distributional,detour,holdout,mdi_with_delta,3,10,0.8949999999999999,0.05183253216332724,0.8949999999999999,0.05183253216332724,0.14999999999999997,10
distributional,detour,holdout,mdi_with_delta,4,10,0.8949999999999999,0.05183253216332724,0.8949999999999999,0.05183253216332724,0.14999999999999997,10
distributional,detour,holdout,mdi_with_delta,5,10,0.865,0.0983886676945753,0.8399999999999999,0.10502734436081705,0.14999999999999997,10
distributional,detour,holdout,mdi_with_delta,6,10,0.875,0.09425654845225409,0.875,0.09425654845225409,0.14999999999999997,10
distributional,detour,holdout,mdi_with_delta,7,10,0.8699999999999999,0.08630524052958298,0.8550000000000001,0.08506098645467262,0.14999999999999997,10
distributional,detour,holdout,mdi_with_delta,8,5,0.8400000000000001,0.08396772022973145,0.8,0.1066391113309236,0.14999999999999997,10
distributional,detour,holdout,mdi_with_delta,8,10,0.785,0.09545540805759048,0.6950000000000001,0.10039096788558362,0.14999999999999997,10
distributional,detour,holdout,mdi_with_delta,8,25,0.5800000000000001,0.01907618415968905,0.33199999999999996,0.04534357211152647,0.14999999999999997,10
distributional,detour,holdout,predicate_match,0,10,0.17,0.03016209550472132,0.0,0.0,0.14999999999999997,10
distributional,detour,holdout,predicate_match,1,10,0.27999999999999997,0.045243143257081966,0.0,0.0,0.14999999999999997,10
distributional,detour,holdout,predicate_match,2,10,0.5900000000000001,0.07872538050508089,0.5900000000000001,0.07872538050508089,0.14999999999999997,10
distributional,detour,holdout,predicate_match,3,10,1.0,0.0,1.0,0.0,0.14999999999999997,10
distributional,detour,holdout,predicate_match,4,10,1.0,0.0,1.0,0.0,0.14999999999999997,10
distributional,detour,holdout,predicate_match,5,10,1.0,0.0,1.0,0.0,0.14999999999999997,10
distributional,detour,holdout,predicate_match,6,10,1.0,0.0,1.0,0.0,0.14999999999999997,10
distributional,detour,holdout,predicate_match,7,10,1.0,0.0,1.0,0.0,0.14999999999999997,10
distributional,detour,holdout,predicate_match,8,5,1.0,0.0,1.0,0.0,0.14999999999999997,10
distributional,detour,holdout,predicate_match,8,10,1.0,0.0,1.0,0.0,0.14999999999999997,10
distributional,detour,holdout,predicate_match,8,25,0.5999999999999999,8.371663225071135e-17,0.33399999999999996,0.029437030845301356,0.14999999999999997,10
distributional,detour,holdout,random,0,10,0.15,0.06744449589239769,0.0,0.0,0.14999999999999997,10
distributional,detour,holdout,random,1,10,0.15,0.06744449589239769,0.0,0.0,0.14999999999999997,10
distributional,detour,holdout,random,2,10,0.15,0.06744449589239769,0.0,0.0,0.14999999999999997,10
distributional,detour,holdout,random,3,10,0.15,0.06744449589239769,0.0,0.0,0.14999999999999997,10
distributional,detour,holdout,random,4,10,0.15,0.06744449589239769,0.0,0.0,0.14999999999999997,10
distributional,detour,holdout,random,5,10,0.15,0.06744449589239769,0.0,0.0,0.14999999999999997,10
distributional,detour,holdout,random,6,10,0.15,0.06744449589239769,0.0,0.0,0.14999999999999997,10
distributional,detour,holdout,random,7,10,0.15,0.06744449589239769,0.0,0.0,0.14999999999999997,10
distributional,detour,holdout,random,8,5,0.15,0.10256221312228223,0.0,0.0,0.14999999999999997,10
distributional,detour,holdout,random,8,10,0.15,0.06744449589239769,0.0,0.0,0.14999999999999997,10
distributional,detour,holdout,random,8,25,0.15200000000000002,0.02797117667354914,0.0,0.0,0.14999999999999997,10
distributional,detour,holdout,recurrence,0,10,0.17,0.03016209550472132,0.0,0.0,0.14999999999999997,10
distributional,detour,holdout,recurrence,1,10,0.17,0.03016209550472132,0.0,0.0,0.14999999999999997,10
distributional,detour,holdout,recurrence,2,10,0.17,0.03016209550472132,0.0,0.0,0.14999999999999997,10
distributional,detour,holdout,recurrence,3,10,0.17,0.03016209550472132,0.0,0.0,0.14999999999999997,10
distributional,detour,holdout,recurrence,4,10,0.17,0.03016209550472132,0.0,0.0,0.14999999999999997,10
distributional,detour,holdout,recurrence,5,10,0.17,0.03016209550472132,0.0,0.0,0.14999999999999997,10
distributional,detour,holdout,recurrence,6,10,0.17,0.03016209550472132,0.0,0.0,0.14999999999999997,10
distributional,detour,holdout,recurrence,7,10,0.17,0.03016209550472132,0.0,0.0,0.14999999999999997,10
distributional,detour,holdout,recurrence,8,5,0.15,0.06079364704696508,0.0,0.0,0.14999999999999997,10
distributional,detour,holdout,recurrence,8,10,0.17,0.03016209550472132,0.0,0.0,0.14999999999999997,10
distributional,detour,holdout,recurrence,8,25,0.15200000000000002,0.018097257302832792,0.0,0.0,0.14999999999999997,10
distributional,detour,holdout,similarity,0,10,0.005,0.011310785814270492,0.0,0.0,0.14999999999999997,10
distributional,detour,holdout,similarity,1,10,0.005,0.011310785814270492,0.0,0.0,0.14999999999999997,10
distributional,detour,holdout,similarity,2,10,0.005,0.011310785814270492,0.0,0.0,0.14999999999999997,10
distributional,detour,holdout,similarity,3,10,0.005,0.011310785814270492,0.0,0.0,0.14999999999999997,10
distributional,detour,holdout,similarity,4,10,0.005,0.011310785814270492,0.0,0.0,0.14999999999999997,10
distributional,detour,holdout,similarity,5,10,0.005,0.011310785814270492,0.0,0.0,0.14999999999999997,10
distributional,detour,holdout,similarity,6,10,0.005,0.011310785814270492,0.0,0.0,0.14999999999999997,10
distributional,detour,holdout,similarity,7,10,0.005,0.011310785814270492,0.0,0.0,0.14999999999999997,10
distributional,detour,holdout,similarity,8,5,0.0,0.0,0.0,0.0,0.14999999999999997,10
distributional,detour,holdout,similarity,8,10,0.005,0.011310785814270492,0.0,0.0,0.14999999999999997,10
distributional,detour,holdout,similarity,8,25,0.044,0.02111346685330492,0.0,0.0,0.14999999999999997,10
distributional,detour,holdout,value_profile,0,10,0.17,0.03016209550472132,0.0,0.0,0.14999999999999997,10
distributional,detour,holdout,value_profile,1,10,0.25,0.04461034085785041,0.0,0.0,0.14999999999999997,10
distributional,detour,holdout,value_profile,2,10,0.8299999999999998,0.06992794168387287,0.8299999999999998,0.06992794168387287,0.14999999999999997,10
distributional,detour,holdout,value_profile,3,10,0.9049999999999999,0.05705441607566246,0.9049999999999999,0.05705441607566246,0.14999999999999997,10
distributional,detour,holdout,value_profile,4,10,0.9049999999999999,0.046021912033181525,0.9049999999999999,0.046021912033181525,0.14999999999999997,10
distributional,detour,holdout,value_profile,5,10,0.9099999999999999,0.08225740415878822,0.9099999999999999,0.08225740415878822,0.14999999999999997,10
distributional,detour,holdout,value_profile,6,10,0.89,0.06032419100944264,0.89,0.06032419100944264,0.14999999999999997,10
distributional,detour,holdout,value_profile,7,10,0.8800000000000001,0.07388174355966148,0.8800000000000001,0.07388174355966148,0.14999999999999997,10
distributional,detour,holdout,value_profile,8,5,0.9099999999999999,0.08564388794429341,0.9099999999999999,0.08564388794429341,0.14999999999999997,10
distributional,detour,holdout,value_profile,8,10,0.885,0.08095095683631574,0.885,0.08095095683631574,0.14999999999999997,10
distributional,detour,holdout,value_profile,8,25,0.5999999999999999,8.371663225071135e-17,0.38199999999999995,0.041821026171844175,0.14999999999999997,10
distributional,null,exposed,association_only,0,10,0.42000000000000004,0.04828291119451135,0.0,0.0,0.14999999999999997,10
distributional,null,exposed,association_only,1,10,0.44000000000000006,0.04396843198393992,0.0,0.0,0.14999999999999997,10
distributional,null,exposed,association_only,2,10,0.425,0.045399965714333454,0.0,0.0,0.14999999999999997,10
distributional,null,exposed,association_only,3,10,0.44000000000000006,0.04396843198393992,0.0,0.0,0.14999999999999997,10
distributional,null,exposed,association_only,4,10,0.41500000000000004,0.041472881318991815,0.0,0.0,0.14999999999999997,10
distributional,null,exposed,association_only,5,10,0.42000000000000004,0.05385011157546033,0.0,0.0,0.14999999999999997,10
distributional,null,exposed,association_only,6,10,0.4149999999999999,0.037890663536852345,0.0,0.0,0.14999999999999997,10
distributional,null,exposed,association_only,7,10,0.41,0.043968431983939925,0.0,0.0,0.14999999999999997,10
distributional,null,exposed,association_only,8,5,0.4000000000000001,0.06744449589239769,0.0,0.0,0.14999999999999997,10
distributional,null,exposed,association_only,8,10,0.4,0.0653028523461527,0.0,0.0,0.14999999999999997,10
distributional,null,exposed,association_only,8,25,0.364,0.039786536530722526,0.0,0.0,0.14999999999999997,10
distributional,null,exposed,clustering,0,10,0.15,0.04130115022390259,0.0,0.0,0.14999999999999997,10
distributional,null,exposed,clustering,1,10,0.15,0.04130115022390259,0.0,0.0,0.14999999999999997,10
distributional,null,exposed,clustering,2,10,0.15,0.04130115022390259,0.0,0.0,0.14999999999999997,10
distributional,null,exposed,clustering,3,10,0.15,0.04130115022390259,0.0,0.0,0.14999999999999997,10
distributional,null,exposed,clustering,4,10,0.15,0.04130115022390259,0.0,0.0,0.14999999999999997,10
distributional,null,exposed,clustering,5,10,0.15,0.04130115022390259,0.0,0.0,0.14999999999999997,10
distributional,null,exposed,clustering,6,10,0.15,0.04130115022390259,0.0,0.0,0.14999999999999997,10
distributional,null,exposed,clustering,7,10,0.15,0.04130115022390259,0.0,0.0,0.14999999999999997,10
distributional,null,exposed,clustering,8,5,0.12000000000000002,0.03016209550472132,0.0,0.0,0.14999999999999997,10
distributional,null,exposed,clustering,8,10,0.15,0.04130115022390259,0.0,0.0,0.14999999999999997,10
distributional,null,exposed,clustering,8,25,0.15799999999999997,0.015745076101016175,0.0,0.0,0.14999999999999997,10
distributional,null,exposed,competing_models,0,10,0.17,0.03016209550472132,0.0,0.0,0.14999999999999997,10
distributional,null,exposed,competing_models,1,10,0.31,0.0768985567747116,0.0,0.0,0.14999999999999997,10
distributional,null,exposed,competing_models,2,10,0.315,0.06091044570804563,0.0,0.0,0.14999999999999997,10
distributional,null,exposed,competing_models,3,10,0.31500000000000006,0.09087817352110696,0.0,0.0,0.14999999999999997,10
distributional,null,exposed,competing_models,4,10,0.3350000000000001,0.10933759620461476,0.0,0.0,0.14999999999999997,10
distributional,null,exposed,competing_models,5,10,0.27999999999999997,0.12413268944433437,0.0,0.0,0.14999999999999997,10
distributional,null,exposed,competing_models,6,10,0.29,0.1281889058950656,0.0,0.0,0.14999999999999997,10
distributional,null,exposed,competing_models,7,10,0.25999999999999995,0.13147352623050262,0.0,0.0,0.14999999999999997,10
distributional,null,exposed,competing_models,8,5,0.22000000000000003,0.1574507610101618,0.0,0.0,0.14999999999999997,10
distributional,null,exposed,competing_models,8,10,0.24500000000000002,0.12555594954333643,0.0,0.0,0.14999999999999997,10
distributional,null,exposed,competing_models,8,25,0.276,0.0896783570672747,0.0,0.0,0.14999999999999997,10
distributional,null,exposed,context_oracle,0,10,0.595,0.04282194397214668,0.595,0.04282194397214668,0.14999999999999997,10
distributional,null,exposed,context_oracle,1,10,0.615,0.03393235744281145,0.615,0.03393235744281145,0.14999999999999997,10
distributional,null,exposed,context_oracle,2,10,0.615,0.03789066353685231,0.615,0.03789066353685231,0.14999999999999997,10
distributional,null,exposed,context_oracle,3,10,0.585,0.08095095683631576,0.585,0.08095095683631576,0.14999999999999997,10
distributional,null,exposed,context_oracle,4,10,0.595,0.04901340519517211,0.595,0.04901340519517211,0.14999999999999997,10
distributional,null,exposed,context_oracle,5,10,0.6100000000000001,0.055411307669746085,0.6100000000000001,0.055411307669746085,0.14999999999999997,10
distributional,null,exposed,context_oracle,6,10,0.6099999999999999,0.06032419100944261,0.6099999999999999,0.06032419100944261,0.14999999999999997,10
distributional,null,exposed,context_oracle,7,10,0.6199999999999999,0.04828291119451134,0.6199999999999999,0.04828291119451134,0.14999999999999997,10
distributional,null,exposed,context_oracle,8,5,0.65,0.08430561986549712,0.65,0.08430561986549712,0.14999999999999997,10
distributional,null,exposed,context_oracle,8,10,0.6399999999999999,0.047090556513621484,0.6399999999999999,0.047090556513621484,0.14999999999999997,10
distributional,null,exposed,context_oracle,8,25,0.5999999999999999,8.371663225071135e-17,0.5999999999999999,8.371663225071135e-17,0.14999999999999997,10
distributional,null,exposed,delta_only,0,10,0.12000000000000002,0.04198386011486573,0.0,0.0,0.14999999999999997,10
distributional,null,exposed,delta_only,1,10,0.26999999999999996,0.09418111302724298,0.0,0.0,0.14999999999999997,10
distributional,null,exposed,delta_only,2,10,0.27999999999999997,0.08121392761072753,0.0,0.0,0.14999999999999997,10
distributional,null,exposed,delta_only,3,10,0.26999999999999996,0.1055673342665246,0.0,0.0,0.14999999999999997,10
distributional,null,exposed,delta_only,4,10,0.28500000000000003,0.08438988337465289,0.0,0.0,0.14999999999999997,10
distributional,null,exposed,delta_only,5,10,0.30999999999999994,0.09508238823269034,0.0,0.0,0.14999999999999997,10
distributional,null,exposed,delta_only,6,10,0.285,0.0983886676945753,0.0,0.0,0.14999999999999997,10
distributional,null,exposed,delta_only,7,10,0.31000000000000005,0.09357544042319985,0.0,0.0,0.14999999999999997,10
distributional,null,exposed,delta_only,8,5,0.26,0.09656582238902271,0.0,0.0,0.14999999999999997,10
distributional,null,exposed,delta_only,8,10,0.24500000000000002,0.06183689349415338,0.0,0.0,0.14999999999999997,10
distributional,null,exposed,delta_only,8,25,0.24800000000000005,0.05848647313428206,0.0,0.0,0.14999999999999997,10
distributional,null,exposed,frequency,0,10,0.32499999999999996,0.05655392907135247,0.0,0.0,0.14999999999999997,10
distributional,null,exposed,frequency,1,10,0.32499999999999996,0.05655392907135247,0.0,0.0,0.14999999999999997,10
distributional,null,exposed,frequency,2,10,0.32499999999999996,0.05655392907135247,0.0,0.0,0.14999999999999997,10
distributional,null,exposed,frequency,3,10,0.31999999999999995,0.05114232117388981,0.0,0.0,0.14999999999999997,10
distributional,null,exposed,frequency,4,10,0.31999999999999995,0.05114232117388981,0.0,0.0,0.14999999999999997,10
distributional,null,exposed,frequency,5,10,0.31999999999999995,0.05114232117388981,0.0,0.0,0.14999999999999997,10
distributional,null,exposed,frequency,6,10,0.32499999999999996,0.05655392907135247,0.0,0.0,0.14999999999999997,10
distributional,null,exposed,frequency,7,10,0.31999999999999995,0.05114232117388981,0.0,0.0,0.14999999999999997,10
distributional,null,exposed,frequency,8,5,0.2700000000000001,0.08953876002124236,0.0,0.0,0.14999999999999997,10
distributional,null,exposed,frequency,8,10,0.32499999999999996,0.05655392907135247,0.0,0.0,0.14999999999999997,10
distributional,null,exposed,frequency,8,25,0.28200000000000003,0.03195616725887714,0.0,0.0,0.14999999999999997,10
distributional,null,exposed,mdi,0,10,0.37,0.0384492783873558,0.0,0.0,0.14999999999999997,10
distributional,null,exposed,mdi,1,10,0.445,0.042821943972146705,0.0,0.0,0.14999999999999997,10
distributional,null,exposed,mdi,2,10,0.43,0.0588933741601038,0.0,0.0,0.14999999999999997,10
distributional,null,exposed,mdi,3,10,0.45499999999999996,0.04602191203318153,0.0,0.0,0.14999999999999997,10
distributional,null,exposed,mdi,4,10,0.425,0.053981935791256486,0.0,0.0,0.14999999999999997,10
distributional,null,exposed,mdi,5,10,0.42000000000000004,0.038449278387355804,0.0,0.0,0.14999999999999997,10
distributional,null,exposed,mdi,6,10,0.44000000000000006,0.0439684319839399,0.0,0.0,0.14999999999999997,10
distributional,null,exposed,mdi,7,10,0.4,0.0734959354732514,0.0,0.0,0.14999999999999997,10
distributional,null,exposed,mdi,8,5,0.4,0.10663911133092362,0.0,0.0,0.14999999999999997,10
distributional,null,exposed,mdi,8,10,0.385,0.06320110677819656,0.0,0.0,0.14999999999999997,10
distributional,null,exposed,mdi,8,25,0.35200000000000004,0.039442057869150775,0.0,0.0,0.14999999999999997,10
distributional,null,exposed,mdi_decay0,0,10,0.37,0.0384492783873558,0.0,0.0,0.14999999999999997,10
distributional,null,exposed,mdi_decay0,1,10,0.445,0.042821943972146705,0.0,0.0,0.14999999999999997,10
distributional,null,exposed,mdi_decay0,2,10,0.425,0.06364934719473758,0.0,0.0,0.14999999999999997,10
distributional,null,exposed,mdi_decay0,3,10,0.45499999999999996,0.04602191203318153,0.0,0.0,0.14999999999999997,10
distributional,null,exposed,mdi_decay0,4,10,0.43,0.03844927838735581,0.0,0.0,0.14999999999999997,10
distributional,null,exposed,mdi_decay0,5,10,0.41,0.043968431983939925,0.0,0.0,0.14999999999999997,10
distributional,null,exposed,mdi_decay0,6,10,0.41,0.05001817684001294,0.0,0.0,0.14999999999999997,10
distributional,null,exposed,mdi_decay0,7,10,0.37,0.06125950556116341,0.0,0.0,0.14999999999999997,10
distributional,null,exposed,mdi_decay0,8,5,0.39,0.10366506432665452,0.0,0.0,0.14999999999999997,10
distributional,null,exposed,mdi_decay0,8,10,0.36500000000000005,0.0696223556258885,0.0,0.0,0.14999999999999997,10
distributional,null,exposed,mdi_decay0,8,25,0.32999999999999996,0.03455502144221818,0.0,0.0,0.14999999999999997,10
distributional,null,exposed,mdi_decay020,0,10,0.37,0.0384492783873558,0.0,0.0,0.14999999999999997,10
distributional,null,exposed,mdi_decay020,1,10,0.445,0.042821943972146705,0.0,0.0,0.14999999999999997,10
distributional,null,exposed,mdi_decay020,2,10,0.45499999999999996,0.03936269025254045,0.0,0.0,0.14999999999999997,10
distributional,null,exposed,mdi_decay020,3,10,0.45,0.04769046039922266,0.0,0.0,0.14999999999999997,10
distributional,null,exposed,mdi_decay020,4,10,0.43499999999999994,0.0585302049775716,0.0,0.0,0.14999999999999997,10
distributional,null,exposed,mdi_decay020,5,10,0.445,0.026391833566631148,0.0,0.0,0.14999999999999997,10
distributional,null,exposed,mdi_decay020,6,10,0.425,0.051281106561141106,0.0,0.0,0.14999999999999997,10
distributional,null,exposed,mdi_decay020,7,10,0.39999999999999997,0.05840864678825162,0.0,0.0,0.14999999999999997,10
distributional,null,exposed,mdi_decay020,8,5,0.43000000000000005,0.07578132707370468,0.0,0.0,0.14999999999999997,10
distributional,null,exposed,mdi_decay020,8,10,0.41500000000000004,0.06091044570804565,0.0,0.0,0.14999999999999997,10
distributional,null,exposed,mdi_decay020,8,25,0.374,0.0344231315661402,0.0,0.0,0.14999999999999997,10
distributional,null,exposed,mdi_no_novelty,0,10,0.345,0.031318147784391515,0.0,0.0,0.14999999999999997,10
distributional,null,exposed,mdi_no_novelty,1,10,0.43500000000000005,0.041472881318991815,0.0,0.0,0.14999999999999997,10
distributional,null,exposed,mdi_no_novelty,2,10,0.41,0.07310809141785256,0.0,0.0,0.14999999999999997,10
distributional,null,exposed,mdi_no_novelty,3,10,0.445,0.046021912033181525,0.0,0.0,0.14999999999999997,10
distributional,null,exposed,mdi_no_novelty,4,10,0.43,0.04198386011486575,0.0,0.0,0.14999999999999997,10
distributional,null,exposed,mdi_no_novelty,5,10,0.4,0.04461034085785041,0.0,0.0,0.14999999999999997,10
distributional,null,exposed,mdi_no_novelty,6,10,0.425,0.04215280993274855,0.0,0.0,0.14999999999999997,10
distributional,null,exposed,mdi_no_novelty,7,10,0.39999999999999997,0.05058337191929827,0.0,0.0,0.14999999999999997,10
distributional,null,exposed,mdi_no_novelty,8,5,0.36,0.10770022315092066,0.0,0.0,0.14999999999999997,10
distributional,null,exposed,mdi_no_novelty,8,10,0.375,0.06584479402316085,0.0,0.0,0.14999999999999997,10
distributional,null,exposed,mdi_no_novelty,8,25,0.33799999999999997,0.034686409830429504,0.0,0.0,0.14999999999999997,10
distributional,null,exposed,mdi_original,0,10,0.045,0.042821943972146705,0.0,0.0,0.14999999999999997,10
distributional,null,exposed,mdi_original,1,10,0.01,0.022621571628540983,0.0,0.0,0.14999999999999997,10
distributional,null,exposed,mdi_original,2,10,0.005,0.011310785814270492,0.0,0.0,0.14999999999999997,10
distributional,null,exposed,mdi_original,3,10,0.01,0.022621571628540983,0.0,0.0,0.14999999999999997,10
distributional,null,exposed,mdi_original,4,10,0.005,0.011310785814270492,0.0,0.0,0.14999999999999997,10
distributional,null,exposed,mdi_original,5,10,0.005,0.011310785814270492,0.0,0.0,0.14999999999999997,10
distributional,null,exposed,mdi_original,6,10,0.01,0.022621571628540983,0.0,0.0,0.14999999999999997,10
distributional,null,exposed,mdi_original,7,10,0.005,0.011310785814270492,0.0,0.0,0.14999999999999997,10
distributional,null,exposed,mdi_original,8,5,0.01,0.022621571628540983,0.0,0.0,0.14999999999999997,10
distributional,null,exposed,mdi_original,8,10,0.005,0.011310785814270492,0.0,0.0,0.14999999999999997,10
distributional,null,exposed,mdi_original,8,25,0.022000000000000002,0.014227431994741507,0.0,0.0,0.14999999999999997,10
distributional,null,exposed,mdi_reset,0,10,0.37,0.0384492783873558,0.0,0.0,0.14999999999999997,10
distributional,null,exposed,mdi_reset,1,10,0.37,0.0384492783873558,0.0,0.0,0.14999999999999997,10
distributional,null,exposed,mdi_reset,2,10,0.37,0.0384492783873558,0.0,0.0,0.14999999999999997,10
distributional,null,exposed,mdi_reset,3,10,0.37,0.0384492783873558,0.0,0.0,0.14999999999999997,10
distributional,null,exposed,mdi_reset,4,10,0.37,0.0384492783873558,0.0,0.0,0.14999999999999997,10
distributional,null,exposed,mdi_reset,5,10,0.37,0.0384492783873558,0.0,0.0,0.14999999999999997,10
distributional,null,exposed,mdi_reset,6,10,0.37,0.0384492783873558,0.0,0.0,0.14999999999999997,10
distributional,null,exposed,mdi_reset,7,10,0.37,0.0384492783873558,0.0,0.0,0.14999999999999997,10
distributional,null,exposed,mdi_reset,8,5,0.39,0.06263629556878302,0.0,0.0,0.14999999999999997,10
distributional,null,exposed,mdi_reset,8,10,0.37,0.0384492783873558,0.0,0.0,0.14999999999999997,10
distributional,null,exposed,mdi_reset,8,25,0.354,0.02616463995433603,0.0,0.0,0.14999999999999997,10
distributional,null,exposed,mdi_with_delta,0,10,0.36499999999999994,0.03789066353685235,0.0,0.0,0.14999999999999997,10
distributional,null,exposed,mdi_with_delta,1,10,0.45499999999999996,0.03131814778439151,0.0,0.0,0.14999999999999997,10
distributional,null,exposed,mdi_with_delta,2,10,0.4050000000000001,0.06627515673523317,0.0,0.0,0.14999999999999997,10
distributional,null,exposed,mdi_with_delta,3,10,0.43,0.0588933741601038,0.0,0.0,0.14999999999999997,10
distributional,null,exposed,mdi_with_delta,4,10,0.45500000000000007,0.03131814778439151,0.0,0.0,0.14999999999999997,10
distributional,null,exposed,mdi_with_delta,5,10,0.41000000000000003,0.06702164221990091,0.0,0.0,0.14999999999999997,10
distributional,null,exposed,mdi_with_delta,6,10,0.42499999999999993,0.045399965714333454,0.0,0.0,0.14999999999999997,10
distributional,null,exposed,mdi_with_delta,7,10,0.41,0.07113715997370754,0.0,0.0,0.14999999999999997,10
distributional,null,exposed,mdi_with_delta,8,5,0.4,0.0892206817157008,0.0,0.0,0.14999999999999997,10
distributional,null,exposed,mdi_with_delta,8,10,0.37,0.07388174355966147,0.0,0.0,0.14999999999999997,10
distributional,null,exposed,mdi_with_delta,8,25,0.32599999999999996,0.033755953349861145,0.0,0.0,0.14999999999999997,10
distributional,null,exposed,predicate_match,0,10,0.17,0.03016209550472132,0.0,0.0,0.14999999999999997,10
distributional,null,exposed,predicate_match,1,10,0.27999999999999997,0.045243143257081966,0.0,0.0,0.14999999999999997,10
distributional,null,exposed,predicate_match,2,10,0.265,0.04783926094926254,0.0,0.0,0.14999999999999997,10
distributional,null,exposed,predicate_match,3,10,0.22000000000000003,0.0564281137229108,0.0,0.0,0.14999999999999997,10
distributional,null,exposed,predicate_match,4,10,0.265,0.06091044570804565,0.0,0.0,0.14999999999999997,10
distributional,null,exposed,predicate_match,5,10,0.265,0.04783926094926254,0.0,0.0,0.14999999999999997,10
distributional,null,exposed,predicate_match,6,10,0.22000000000000003,0.0564281137229108,0.0,0.0,0.14999999999999997,10
distributional,null,exposed,predicate_match,7,10,0.265,0.06091044570804565,0.0,0.0,0.14999999999999997,10
distributional,null,exposed,predicate_match,8,5,0.26999999999999996,0.07578132707370469,0.0,0.0,0.14999999999999997,10
distributional,null,exposed,predicate_match,8,10,0.265,0.04783926094926254,0.0,0.0,0.14999999999999997,10
distributional,null,exposed,predicate_match,8,25,0.26600000000000007,0.02616463995433603,0.0,0.0,0.14999999999999997,10
distributional,null,exposed,random,0,10,0.15,0.06744449589239769,0.0,0.0,0.14999999999999997,10
distributional,null,exposed,random,1,10,0.15,0.06744449589239769,0.0,0.0,0.14999999999999997,10
distributional,null,exposed,random,2,10,0.15,0.06744449589239769,0.0,0.0,0.14999999999999997,10
distributional,null,exposed,random,3,10,0.15,0.06744449589239769,0.0,0.0,0.14999999999999997,10
distributional,null,exposed,random,4,10,0.15,0.06744449589239769,0.0,0.0,0.14999999999999997,10
distributional,null,exposed,random,5,10,0.15,0.06744449589239769,0.0,0.0,0.14999999999999997,10
distributional,null,exposed,random,6,10,0.15,0.06744449589239769,0.0,0.0,0.14999999999999997,10
distributional,null,exposed,random,7,10,0.15,0.06744449589239769,0.0,0.0,0.14999999999999997,10
distributional,null,exposed,random,8,5,0.15,0.10256221312228223,0.0,0.0,0.14999999999999997,10
distributional,null,exposed,random,8,10,0.15,0.06744449589239769,0.0,0.0,0.14999999999999997,10
distributional,null,exposed,random,8,25,0.15200000000000002,0.02797117667354914,0.0,0.0,0.14999999999999997,10
distributional,null,exposed,recurrence,0,10,0.17,0.03016209550472132,0.0,0.0,0.14999999999999997,10
distributional,null,exposed,recurrence,1,10,0.21500000000000002,0.041472881318991815,0.0,0.0,0.14999999999999997,10
distributional,null,exposed,recurrence,2,10,0.25999999999999995,0.0527836671332623,0.0,0.0,0.14999999999999997,10
distributional,null,exposed,recurrence,3,10,0.22999999999999998,0.06786471488562296,0.0,0.0,0.14999999999999997,10
distributional,null,exposed,recurrence,4,10,0.26000000000000006,0.047090556513621484,0.0,0.0,0.14999999999999997,10
distributional,null,exposed,recurrence,5,10,0.25000000000000006,0.04769046039922266,0.0,0.0,0.14999999999999997,10
distributional,null,exposed,recurrence,6,10,0.24500000000000005,0.04901340519517214,0.0,0.0,0.14999999999999997,10
distributional,null,exposed,recurrence,7,10,0.24500000000000002,0.04282194397214669,0.0,0.0,0.14999999999999997,10
distributional,null,exposed,recurrence,8,5,0.21000000000000002,0.07113715997370756,0.0,0.0,0.14999999999999997,10
distributional,null,exposed,recurrence,8,10,0.255,0.026391833566631162,0.0,0.0,0.14999999999999997,10
distributional,null,exposed,recurrence,8,25,0.25999999999999995,0.028614276239533595,0.0,0.0,0.14999999999999997,10
distributional,null,exposed,similarity,0,10,0.005,0.011310785814270492,0.0,0.0,0.14999999999999997,10
distributional,null,exposed,similarity,1,10,0.005,0.011310785814270492,0.0,0.0,0.14999999999999997,10
distributional,null,exposed,similarity,2,10,0.005,0.011310785814270492,0.0,0.0,0.14999999999999997,10
distributional,null,exposed,similarity,3,10,0.005,0.011310785814270492,0.0,0.0,0.14999999999999997,10
distributional,null,exposed,similarity,4,10,0.005,0.011310785814270492,0.0,0.0,0.14999999999999997,10
distributional,null,exposed,similarity,5,10,0.005,0.011310785814270492,0.0,0.0,0.14999999999999997,10
distributional,null,exposed,similarity,6,10,0.005,0.011310785814270492,0.0,0.0,0.14999999999999997,10
distributional,null,exposed,similarity,7,10,0.005,0.011310785814270492,0.0,0.0,0.14999999999999997,10
distributional,null,exposed,similarity,8,5,0.0,0.0,0.0,0.0,0.14999999999999997,10
distributional,null,exposed,similarity,8,10,0.005,0.011310785814270492,0.0,0.0,0.14999999999999997,10
distributional,null,exposed,similarity,8,25,0.044,0.02111346685330492,0.0,0.0,0.14999999999999997,10
distributional,null,exposed,value_profile,0,10,0.17,0.03016209550472132,0.0,0.0,0.14999999999999997,10
distributional,null,exposed,value_profile,1,10,0.27,0.0511423211738898,0.0,0.0,0.14999999999999997,10
distributional,null,exposed,value_profile,2,10,0.3,0.0533195556654618,0.0,0.0,0.14999999999999997,10
distributional,null,exposed,value_profile,3,10,0.295,0.06183689349415336,0.0,0.0,0.14999999999999997,10
distributional,null,exposed,value_profile,4,10,0.325,0.07397788119767551,0.0,0.0,0.14999999999999997,10
distributional,null,exposed,value_profile,5,10,0.275,0.07953376271374363,0.0,0.0,0.14999999999999997,10
distributional,null,exposed,value_profile,6,10,0.285,0.09693313380406796,0.0,0.0,0.14999999999999997,10
distributional,null,exposed,value_profile,7,10,0.28500000000000003,0.09087817352110696,0.0,0.0,0.14999999999999997,10
distributional,null,exposed,value_profile,8,5,0.27,0.13082319977168014,0.0,0.0,0.14999999999999997,10
distributional,null,exposed,value_profile,8,10,0.28,0.09567852189852509,0.0,0.0,0.14999999999999997,10
distributional,null,exposed,value_profile,8,25,0.278,0.031956167258877136,0.0,0.0,0.14999999999999997,10
distributional,null,holdout,association_only,0,10,0.42000000000000004,0.04828291119451135,0.0,0.0,0.14999999999999997,10
distributional,null,holdout,association_only,1,10,0.43000000000000005,0.05114232117388981,0.0,0.0,0.14999999999999997,10
distributional,null,holdout,association_only,2,10,0.375,0.06584479402316085,0.0,0.0,0.14999999999999997,10
distributional,null,holdout,association_only,3,10,0.395,0.061836893494153375,0.0,0.0,0.14999999999999997,10
distributional,null,holdout,association_only,4,10,0.425,0.04215280993274856,0.0,0.0,0.14999999999999997,10
distributional,null,holdout,association_only,5,10,0.395,0.061836893494153375,0.0,0.0,0.14999999999999997,10
distributional,null,holdout,association_only,6,10,0.42000000000000004,0.04198386011486573,0.0,0.0,0.14999999999999997,10
distributional,null,holdout,association_only,7,10,0.41000000000000003,0.03694087177983074,0.0,0.0,0.14999999999999997,10
distributional,null,holdout,association_only,8,5,0.41,0.07872538050508089,0.0,0.0,0.14999999999999997,10
distributional,null,holdout,association_only,8,10,0.39,0.055411307669746106,0.0,0.0,0.14999999999999997,10
distributional,null,holdout,association_only,8,25,0.33399999999999996,0.035720123002915195,0.0,0.0,0.14999999999999997,10
distributional,null,holdout,clustering,0,10,0.15,0.04130115022390259,0.0,0.0,0.14999999999999997,10
distributional,null,holdout,clustering,1,10,0.15,0.04130115022390259,0.0,0.0,0.14999999999999997,10
distributional,null,holdout,clustering,2,10,0.15,0.04130115022390259,0.0,0.0,0.14999999999999997,10
distributional,null,holdout,clustering,3,10,0.15,0.04130115022390259,0.0,0.0,0.14999999999999997,10
distributional,null,holdout,clustering,4,10,0.15,0.04130115022390259,0.0,0.0,0.14999999999999997,10
distributional,null,holdout,clustering,5,10,0.15,0.04130115022390259,0.0,0.0,0.14999999999999997,10
distributional,null,holdout,clustering,6,10,0.15,0.04130115022390259,0.0,0.0,0.14999999999999997,10
distributional,null,holdout,clustering,7,10,0.15,0.04130115022390259,0.0,0.0,0.14999999999999997,10
distributional,null,holdout,clustering,8,5,0.12000000000000002,0.03016209550472132,0.0,0.0,0.14999999999999997,10
distributional,null,holdout,clustering,8,10,0.15,0.04130115022390259,0.0,0.0,0.14999999999999997,10
distributional,null,holdout,clustering,8,25,0.15799999999999997,0.015745076101016175,0.0,0.0,0.14999999999999997,10
distributional,null,holdout,competing_models,0,10,0.17,0.03016209550472132,0.0,0.0,0.14999999999999997,10
distributional,null,holdout,competing_models,1,10,0.33499999999999996,0.05345268834627584,0.0,0.0,0.14999999999999997,10
distributional,null,holdout,competing_models,2,10,0.25999999999999995,0.07502726526001942,0.0,0.0,0.14999999999999997,10
distributional,null,holdout,competing_models,3,10,0.225,0.10010737701426924,0.0,0.0,0.14999999999999997,10
distributional,null,holdout,competing_models,4,10,0.225,0.12868694366683156,0.0,0.0,0.14999999999999997,10
distributional,null,holdout,competing_models,5,10,0.23499999999999996,0.1239608001080911,0.0,0.0,0.14999999999999997,10
distributional,null,holdout,competing_models,6,10,0.22000000000000003,0.139244711251777,0.0,0.0,0.14999999999999997,10
distributional,null,holdout,competing_models,7,10,0.22999999999999998,0.13614770327362144,0.0,0.0,0.14999999999999997,10
distributional,null,holdout,competing_models,8,5,0.2,0.143071381197668,0.0,0.0,0.14999999999999997,10
distributional,null,holdout,competing_models,8,10,0.205,0.13324555893981024,0.0,0.0,0.14999999999999997,10
distributional,null,holdout,competing_models,8,25,0.258,0.08161898711905273,0.0,0.0,0.14999999999999997,10
distributional,null,holdout,context_oracle,0,10,0.595,0.04282194397214668,0.595,0.04282194397214668,0.14999999999999997,10
distributional,null,holdout,context_oracle,1,10,0.615,0.03393235744281145,0.615,0.03393235744281145,0.14999999999999997,10
distributional,null,holdout,context_oracle,2,10,0.615,0.03789066353685231,0.615,0.03789066353685231,0.14999999999999997,10
distributional,null,holdout,context_oracle,3,10,0.585,0.08095095683631576,0.585,0.08095095683631576,0.14999999999999997,10
distributional,null,holdout,context_oracle,4,10,0.595,0.04901340519517211,0.595,0.04901340519517211,0.14999999999999997,10
distributional,null,holdout,context_oracle,5,10,0.6100000000000001,0.055411307669746085,0.6100000000000001,0.055411307669746085,0.14999999999999997,10
distributional,null,holdout,context_oracle,6,10,0.6099999999999999,0.06032419100944261,0.6099999999999999,0.06032419100944261,0.14999999999999997,10
distributional,null,holdout,context_oracle,7,10,0.6199999999999999,0.04828291119451134,0.6199999999999999,0.04828291119451134,0.14999999999999997,10
distributional,null,holdout,context_oracle,8,5,0.65,0.08430561986549712,0.65,0.08430561986549712,0.14999999999999997,10
distributional,null,holdout,context_oracle,8,10,0.6399999999999999,0.047090556513621484,0.6399999999999999,0.047090556513621484,0.14999999999999997,10
distributional,null,holdout,context_oracle,8,25,0.5999999999999999,8.371663225071135e-17,0.5999999999999999,8.371663225071135e-17,0.14999999999999997,10
distributional,null,holdout,delta_only,0,10,0.12000000000000002,0.04198386011486573,0.0,0.0,0.14999999999999997,10
distributional,null,holdout,delta_only,1,10,0.215,0.08268829974277671,0.0,0.0,0.14999999999999997,10
distributional,null,holdout,delta_only,2,10,0.355,0.08671602457607377,0.0,0.0,0.14999999999999997,10
distributional,null,holdout,delta_only,3,10,0.255,0.059493729882829166,0.0,0.0,0.14999999999999997,10
distributional,null,holdout,delta_only,4,10,0.22000000000000003,0.07388174355966147,0.0,0.0,0.14999999999999997,10
distributional,null,holdout,delta_only,5,10,0.24,0.08728787455225905,0.0,0.0,0.14999999999999997,10
distributional,null,holdout,delta_only,6,10,0.355,0.07989041814719286,0.0,0.0,0.14999999999999997,10
distributional,null,holdout,delta_only,7,10,0.25,0.08430561986549712,0.0,0.0,0.14999999999999997,10
distributional,null,holdout,delta_only,8,5,0.3,0.1261770981265173,0.0,0.0,0.14999999999999997,10
distributional,null,holdout,delta_only,8,10,0.22999999999999998,0.09715285407193539,0.0,0.0,0.14999999999999997,10
distributional,null,holdout,delta_only,8,25,0.22400000000000003,0.04711469932808304,0.0,0.0,0.14999999999999997,10
distributional,null,holdout,frequency,0,10,0.32499999999999996,0.05655392907135247,0.0,0.0,0.14999999999999997,10
distributional,null,holdout,frequency,1,10,0.32499999999999996,0.05655392907135247,0.0,0.0,0.14999999999999997,10
distributional,null,holdout,frequency,2,10,0.32499999999999996,0.05655392907135247,0.0,0.0,0.14999999999999997,10
distributional,null,holdout,frequency,3,10,0.31999999999999995,0.05114232117388981,0.0,0.0,0.14999999999999997,10
distributional,null,holdout,frequency,4,10,0.31999999999999995,0.05114232117388981,0.0,0.0,0.14999999999999997,10
distributional,null,holdout,frequency,5,10,0.31999999999999995,0.05114232117388981,0.0,0.0,0.14999999999999997,10
distributional,null,holdout,frequency,6,10,0.32499999999999996,0.05655392907135247,0.0,0.0,0.14999999999999997,10
distributional,null,holdout,frequency,7,10,0.31999999999999995,0.05114232117388981,0.0,0.0,0.14999999999999997,10
distributional,null,holdout,frequency,8,5,0.2700000000000001,0.08953876002124236,0.0,0.0,0.14999999999999997,10
distributional,null,holdout,frequency,8,10,0.32499999999999996,0.05655392907135247,0.0,0.0,0.14999999999999997,10
distributional,null,holdout,frequency,8,25,0.28200000000000003,0.03195616725887714,0.0,0.0,0.14999999999999997,10
distributional,null,holdout,mdi,0,10,0.37,0.0384492783873558,0.0,0.0,0.14999999999999997,10
distributional,null,holdout,mdi,1,10,0.445,0.042821943972146705,0.0,0.0,0.14999999999999997,10
distributional,null,holdout,mdi,2,10,0.42000000000000004,0.06125950556116339,0.0,0.0,0.14999999999999997,10
distributional,null,holdout,mdi,3,10,0.425,0.06137541769047296,0.0,0.0,0.14999999999999997,10
distributional,null,holdout,mdi,4,10,0.43000000000000005,0.041983860114865726,0.0,0.0,0.14999999999999997,10
distributional,null,holdout,mdi,5,10,0.40499999999999997,0.0640944529475328,0.0,0.0,0.14999999999999997,10
distributional,null,holdout,mdi,6,10,0.43,0.05385011157546033,0.0,0.0,0.14999999999999997,10
distributional,null,holdout,mdi,7,10,0.3949999999999999,0.05450604454644074,0.0,0.0,0.14999999999999997,10
distributional,null,holdout,mdi,8,5,0.42000000000000004,0.08121392761072753,0.0,0.0,0.14999999999999997,10
distributional,null,holdout,mdi,8,10,0.4,0.05058337191929828,0.0,0.0,0.14999999999999997,10
distributional,null,holdout,mdi,8,25,0.33799999999999997,0.048844903866536844,0.0,0.0,0.14999999999999997,10
distributional,null,holdout,mdi_decay0,0,10,0.37,0.0384492783873558,0.0,0.0,0.14999999999999997,10
distributional,null,holdout,mdi_decay0,1,10,0.445,0.042821943972146705,0.0,0.0,0.14999999999999997,10
distributional,null,holdout,mdi_decay0,2,10,0.41000000000000003,0.06486603906680426,0.0,0.0,0.14999999999999997,10
distributional,null,holdout,mdi_decay0,3,10,0.45,0.050583371919298264,0.0,0.0,0.14999999999999997,10
distributional,null,holdout,mdi_decay0,4,10,0.43500000000000005,0.033932357442811485,0.0,0.0,0.14999999999999997,10
distributional,null,holdout,mdi_decay0,5,10,0.395,0.059493729882829166,0.0,0.0,0.14999999999999997,10
distributional,null,holdout,mdi_decay0,6,10,0.4050000000000001,0.0640944529475328,0.0,0.0,0.14999999999999997,10
distributional,null,holdout,mdi_decay0,7,10,0.38999999999999996,0.06911004288443635,0.0,0.0,0.14999999999999997,10
distributional,null,holdout,mdi_decay0,8,5,0.37,0.10690537669255168,0.0,0.0,0.14999999999999997,10
distributional,null,holdout,mdi_decay0,8,10,0.38,0.07388174355966147,0.0,0.0,0.14999999999999997,10
distributional,null,holdout,mdi_decay0,8,25,0.31800000000000006,0.04445712801537069,0.0,0.0,0.14999999999999997,10
distributional,null,holdout,mdi_decay020,0,10,0.37,0.0384492783873558,0.0,0.0,0.14999999999999997,10
distributional,null,holdout,mdi_decay020,1,10,0.44000000000000006,0.04060696380536377,0.0,0.0,0.14999999999999997,10
distributional,null,holdout,mdi_decay020,2,10,0.42000000000000004,0.061259505561163406,0.0,0.0,0.14999999999999997,10
distributional,null,holdout,mdi_decay020,3,10,0.43,0.06353758354890779,0.0,0.0,0.14999999999999997,10
distributional,null,holdout,mdi_decay020,4,10,0.43499999999999994,0.029446687080051895,0.0,0.0,0.14999999999999997,10
distributional,null,holdout,mdi_decay020,5,10,0.44499999999999995,0.03556857998685378,0.0,0.0,0.14999999999999997,10
distributional,null,holdout,mdi_decay020,6,10,0.4250000000000001,0.04539996571433345,0.0,0.0,0.14999999999999997,10
distributional,null,holdout,mdi_decay020,7,10,0.41000000000000003,0.040606963805363765,0.0,0.0,0.14999999999999997,10
distributional,null,holdout,mdi_decay020,8,5,0.45,0.050583371919298264,0.0,0.0,0.14999999999999997,10
distributional,null,holdout,mdi_decay020,8,10,0.45,0.03372224794619885,0.0,0.0,0.14999999999999997,10
distributional,null,holdout,mdi_decay020,8,25,0.392,0.03706380347328447,0.0,0.0,0.14999999999999997,10
distributional,null,holdout,mdi_no_novelty,0,10,0.345,0.031318147784391515,0.0,0.0,0.14999999999999997,10
distributional,null,holdout,mdi_no_novelty,1,10,0.45,0.04130115022390259,0.0,0.0,0.14999999999999997,10
distributional,null,holdout,mdi_no_novelty,2,10,0.4,0.060793647046965056,0.0,0.0,0.14999999999999997,10
distributional,null,holdout,mdi_no_novelty,3,10,0.43,0.061259505561163406,0.0,0.0,0.14999999999999997,10
distributional,null,holdout,mdi_no_novelty,4,10,0.41,0.040606963805363765,0.0,0.0,0.14999999999999997,10
distributional,null,holdout,mdi_no_novelty,5,10,0.38,0.0588933741601038,0.0,0.0,0.14999999999999997,10
distributional,null,holdout,mdi_no_novelty,6,10,0.4149999999999999,0.04476938001062118,0.0,0.0,0.14999999999999997,10
distributional,null,holdout,mdi_no_novelty,7,10,0.38,0.05889337416010381,0.0,0.0,0.14999999999999997,10
distributional,null,holdout,mdi_no_novelty,8,5,0.4,0.08260230044780516,0.0,0.0,0.14999999999999997,10
distributional,null,holdout,mdi_no_novelty,8,10,0.39,0.07113715997370754,0.0,0.0,0.14999999999999997,10
distributional,null,holdout,mdi_no_novelty,8,25,0.324,0.043604835637152596,0.0,0.0,0.14999999999999997,10
distributional,null,holdout,mdi_original,0,10,0.045,0.042821943972146705,0.0,0.0,0.14999999999999997,10
distributional,null,holdout,mdi_original,1,10,0.005,0.011310785814270492,0.0,0.0,0.14999999999999997,10
distributional,null,holdout,mdi_original,2,10,0.005,0.011310785814270492,0.0,0.0,0.14999999999999997,10
distributional,null,holdout,mdi_original,3,10,0.01,0.022621571628540983,0.0,0.0,0.14999999999999997,10
distributional,null,holdout,mdi_original,4,10,0.01,0.022621571628540983,0.0,0.0,0.14999999999999997,10
distributional,null,holdout,mdi_original,5,10,0.005,0.011310785814270492,0.0,0.0,0.14999999999999997,10
distributional,null,holdout,mdi_original,6,10,0.005,0.011310785814270492,0.0,0.0,0.14999999999999997,10
distributional,null,holdout,mdi_original,7,10,0.005,0.011310785814270492,0.0,0.0,0.14999999999999997,10
distributional,null,holdout,mdi_original,8,5,0.01,0.022621571628540983,0.0,0.0,0.14999999999999997,10
distributional,null,holdout,mdi_original,8,10,0.005,0.011310785814270492,0.0,0.0,0.14999999999999997,10
distributional,null,holdout,mdi_original,8,25,0.026000000000000002,0.02028947466962263,0.0,0.0,0.14999999999999997,10
distributional,null,holdout,mdi_reset,0,10,0.37,0.0384492783873558,0.0,0.0,0.14999999999999997,10
distributional,null,holdout,mdi_reset,1,10,0.37,0.0384492783873558,0.0,0.0,0.14999999999999997,10
distributional,null,holdout,mdi_reset,2,10,0.37,0.0384492783873558,0.0,0.0,0.14999999999999997,10
distributional,null,holdout,mdi_reset,3,10,0.37,0.0384492783873558,0.0,0.0,0.14999999999999997,10
distributional,null,holdout,mdi_reset,4,10,0.37,0.0384492783873558,0.0,0.0,0.14999999999999997,10
distributional,null,holdout,mdi_reset,5,10,0.37,0.0384492783873558,0.0,0.0,0.14999999999999997,10
distributional,null,holdout,mdi_reset,6,10,0.37,0.0384492783873558,0.0,0.0,0.14999999999999997,10
distributional,null,holdout,mdi_reset,7,10,0.37,0.0384492783873558,0.0,0.0,0.14999999999999997,10
distributional,null,holdout,mdi_reset,8,5,0.39,0.06263629556878302,0.0,0.0,0.14999999999999997,10
distributional,null,holdout,mdi_reset,8,10,0.37,0.0384492783873558,0.0,0.0,0.14999999999999997,10
distributional,null,holdout,mdi_reset,8,25,0.354,0.02616463995433603,0.0,0.0,0.14999999999999997,10
distributional,null,holdout,mdi_with_delta,0,10,0.36499999999999994,0.03789066353685235,0.0,0.0,0.14999999999999997,10
distributional,null,holdout,mdi_with_delta,1,10,0.44000000000000006,0.03286838155762566,0.0,0.0,0.14999999999999997,10
distributional,null,holdout,mdi_with_delta,2,10,0.425,0.059013933905847984,0.0,0.0,0.14999999999999997,10
distributional,null,holdout,mdi_with_delta,3,10,0.44000000000000006,0.040606963805363765,0.0,0.0,0.14999999999999997,10
distributional,null,holdout,mdi_with_delta,4,10,0.45,0.03770261938090164,0.0,0.0,0.14999999999999997,10
distributional,null,holdout,mdi_with_delta,5,10,0.38,0.06786471488562296,0.0,0.0,0.14999999999999997,10
distributional,null,holdout,mdi_with_delta,6,10,0.44000000000000006,0.04396843198393991,0.0,0.0,0.14999999999999997,10
distributional,null,holdout,mdi_with_delta,7,10,0.42000000000000004,0.06353758354890779,0.0,0.0,0.14999999999999997,10
distributional,null,holdout,mdi_with_delta,8,5,0.43,0.0588933741601038,0.0,0.0,0.14999999999999997,10
distributional,null,holdout,mdi_with_delta,8,10,0.36,0.07872538050508089,0.0,0.0,0.14999999999999997,10
distributional,null,holdout,mdi_with_delta,8,25,0.32399999999999995,0.0414660257306618,0.0,0.0,0.14999999999999997,10
distributional,null,holdout,predicate_match,0,10,0.17,0.03016209550472132,0.0,0.0,0.14999999999999997,10
distributional,null,holdout,predicate_match,1,10,0.27999999999999997,0.045243143257081966,0.0,0.0,0.14999999999999997,10
distributional,null,holdout,predicate_match,2,10,0.265,0.04783926094926254,0.0,0.0,0.14999999999999997,10
distributional,null,holdout,predicate_match,3,10,0.22000000000000003,0.0564281137229108,0.0,0.0,0.14999999999999997,10
distributional,null,holdout,predicate_match,4,10,0.265,0.06091044570804565,0.0,0.0,0.14999999999999997,10
distributional,null,holdout,predicate_match,5,10,0.265,0.04783926094926254,0.0,0.0,0.14999999999999997,10
distributional,null,holdout,predicate_match,6,10,0.22000000000000003,0.0564281137229108,0.0,0.0,0.14999999999999997,10
distributional,null,holdout,predicate_match,7,10,0.265,0.06091044570804565,0.0,0.0,0.14999999999999997,10
distributional,null,holdout,predicate_match,8,5,0.26999999999999996,0.07578132707370469,0.0,0.0,0.14999999999999997,10
distributional,null,holdout,predicate_match,8,10,0.265,0.04783926094926254,0.0,0.0,0.14999999999999997,10
distributional,null,holdout,predicate_match,8,25,0.26600000000000007,0.02616463995433603,0.0,0.0,0.14999999999999997,10
distributional,null,holdout,random,0,10,0.15,0.06744449589239769,0.0,0.0,0.14999999999999997,10
distributional,null,holdout,random,1,10,0.15,0.06744449589239769,0.0,0.0,0.14999999999999997,10
distributional,null,holdout,random,2,10,0.15,0.06744449589239769,0.0,0.0,0.14999999999999997,10
distributional,null,holdout,random,3,10,0.15,0.06744449589239769,0.0,0.0,0.14999999999999997,10
distributional,null,holdout,random,4,10,0.15,0.06744449589239769,0.0,0.0,0.14999999999999997,10
distributional,null,holdout,random,5,10,0.15,0.06744449589239769,0.0,0.0,0.14999999999999997,10
distributional,null,holdout,random,6,10,0.15,0.06744449589239769,0.0,0.0,0.14999999999999997,10
distributional,null,holdout,random,7,10,0.15,0.06744449589239769,0.0,0.0,0.14999999999999997,10
distributional,null,holdout,random,8,5,0.15,0.10256221312228223,0.0,0.0,0.14999999999999997,10
distributional,null,holdout,random,8,10,0.15,0.06744449589239769,0.0,0.0,0.14999999999999997,10
distributional,null,holdout,random,8,25,0.15200000000000002,0.02797117667354914,0.0,0.0,0.14999999999999997,10
distributional,null,holdout,recurrence,0,10,0.17,0.03016209550472132,0.0,0.0,0.14999999999999997,10
distributional,null,holdout,recurrence,1,10,0.17,0.03016209550472132,0.0,0.0,0.14999999999999997,10
distributional,null,holdout,recurrence,2,10,0.17,0.03016209550472132,0.0,0.0,0.14999999999999997,10
distributional,null,holdout,recurrence,3,10,0.17,0.03016209550472132,0.0,0.0,0.14999999999999997,10
distributional,null,holdout,recurrence,4,10,0.17,0.03016209550472132,0.0,0.0,0.14999999999999997,10
distributional,null,holdout,recurrence,5,10,0.17,0.03016209550472132,0.0,0.0,0.14999999999999997,10
distributional,null,holdout,recurrence,6,10,0.17,0.03016209550472132,0.0,0.0,0.14999999999999997,10
distributional,null,holdout,recurrence,7,10,0.17,0.03016209550472132,0.0,0.0,0.14999999999999997,10
distributional,null,holdout,recurrence,8,5,0.15,0.06079364704696508,0.0,0.0,0.14999999999999997,10
distributional,null,holdout,recurrence,8,10,0.17,0.03016209550472132,0.0,0.0,0.14999999999999997,10
distributional,null,holdout,recurrence,8,25,0.15200000000000002,0.018097257302832792,0.0,0.0,0.14999999999999997,10
distributional,null,holdout,similarity,0,10,0.005,0.011310785814270492,0.0,0.0,0.14999999999999997,10
distributional,null,holdout,similarity,1,10,0.005,0.011310785814270492,0.0,0.0,0.14999999999999997,10
distributional,null,holdout,similarity,2,10,0.005,0.011310785814270492,0.0,0.0,0.14999999999999997,10
distributional,null,holdout,similarity,3,10,0.005,0.011310785814270492,0.0,0.0,0.14999999999999997,10
distributional,null,holdout,similarity,4,10,0.005,0.011310785814270492,0.0,0.0,0.14999999999999997,10
distributional,null,holdout,similarity,5,10,0.005,0.011310785814270492,0.0,0.0,0.14999999999999997,10
distributional,null,holdout,similarity,6,10,0.005,0.011310785814270492,0.0,0.0,0.14999999999999997,10
distributional,null,holdout,similarity,7,10,0.005,0.011310785814270492,0.0,0.0,0.14999999999999997,10
distributional,null,holdout,similarity,8,5,0.0,0.0,0.0,0.0,0.14999999999999997,10
distributional,null,holdout,similarity,8,10,0.005,0.011310785814270492,0.0,0.0,0.14999999999999997,10
distributional,null,holdout,similarity,8,25,0.044,0.02111346685330492,0.0,0.0,0.14999999999999997,10
distributional,null,holdout,value_profile,0,10,0.17,0.03016209550472132,0.0,0.0,0.14999999999999997,10
distributional,null,holdout,value_profile,1,10,0.275,0.06796936369857164,0.0,0.0,0.14999999999999997,10
distributional,null,holdout,value_profile,2,10,0.255,0.06838635757163815,0.0,0.0,0.14999999999999997,10
distributional,null,holdout,value_profile,3,10,0.22000000000000003,0.07388174355966147,0.0,0.0,0.14999999999999997,10
distributional,null,holdout,value_profile,4,10,0.28500000000000003,0.09242910755908365,0.0,0.0,0.14999999999999997,10
distributional,null,holdout,value_profile,5,10,0.275,0.08130139551718839,0.0,0.0,0.14999999999999997,10
distributional,null,holdout,value_profile,6,10,0.22999999999999998,0.10283903471380741,0.0,0.0,0.14999999999999997,10
distributional,null,holdout,value_profile,7,10,0.26,0.08396772022973147,0.0,0.0,0.14999999999999997,10
distributional,null,holdout,value_profile,8,5,0.23000000000000004,0.14326995364742628,0.0,0.0,0.14999999999999997,10
distributional,null,holdout,value_profile,8,10,0.26000000000000006,0.09508238823269034,0.0,0.0,0.14999999999999997,10
distributional,null,holdout,value_profile,8,25,0.26000000000000006,0.03815236831937813,0.0,0.0,0.14999999999999997,10
distributional,switch,exposed,association_only,0,10,0.42000000000000004,0.04828291119451135,0.0,0.0,0.14999999999999997,10
distributional,switch,exposed,association_only,1,10,0.44000000000000006,0.043968431983939925,0.0,0.0,0.14999999999999997,10
distributional,switch,exposed,association_only,2,10,0.8850000000000001,0.06320110677819658,0.8850000000000001,0.06320110677819658,0.14999999999999997,10
distributional,switch,exposed,association_only,3,10,0.905,0.04901340519517211,0.905,0.04901340519517211,0.14999999999999997,10
distributional,switch,exposed,association_only,4,10,0.8950000000000001,0.039362690252540425,0.8950000000000001,0.039362690252540425,0.14999999999999997,10
distributional,switch,exposed,association_only,5,10,0.0,0.0,-0.8950000000000001,0.039362690252540425,0.14999999999999997,10
distributional,switch,exposed,association_only,6,10,0.3,0.0892206817157008,-0.32500000000000007,0.17298066957672756,0.14999999999999997,10
distributional,switch,exposed,association_only,7,10,0.575,0.048429891477256896,0.22000000000000003,0.10003635368002588,0.14999999999999997,10
distributional,switch,exposed,association_only,8,5,0.8200000000000001,0.07388174355966147,0.74,0.13147352623050262,0.14999999999999997,10
distributional,switch,exposed,association_only,8,10,0.805,0.026391833566631166,0.685,0.041472881318991794,0.14999999999999997,10
distributional,switch,exposed,association_only,8,25,0.548,0.019313164477804543,0.18400000000000002,0.0436048356371526,0.14999999999999997,10
distributional,switch,exposed,clustering,0,10,0.15,0.04130115022390259,0.0,0.0,0.14999999999999997,10
distributional,switch,exposed,clustering,1,10,0.15,0.04130115022390259,0.0,0.0,0.14999999999999997,10
distributional,switch,exposed,clustering,2,10,0.15,0.04130115022390259,0.0,0.0,0.14999999999999997,10
distributional,switch,exposed,clustering,3,10,0.15,0.04130115022390259,0.0,0.0,0.14999999999999997,10
distributional,switch,exposed,clustering,4,10,0.15,0.04130115022390259,0.0,0.0,0.14999999999999997,10
distributional,switch,exposed,clustering,5,10,0.15,0.04130115022390259,0.0,0.0,0.14999999999999997,10
distributional,switch,exposed,clustering,6,10,0.15,0.04130115022390259,0.0,0.0,0.14999999999999997,10
distributional,switch,exposed,clustering,7,10,0.15,0.04130115022390259,0.0,0.0,0.14999999999999997,10
distributional,switch,exposed,clustering,8,5,0.12000000000000002,0.03016209550472132,0.0,0.0,0.14999999999999997,10
distributional,switch,exposed,clustering,8,10,0.15,0.04130115022390259,0.0,0.0,0.14999999999999997,10
distributional,switch,exposed,clustering,8,25,0.15799999999999997,0.015745076101016175,0.0,0.0,0.14999999999999997,10
distributional,switch,exposed,competing_models,0,10,0.17,0.03016209550472132,0.0,0.0,0.14999999999999997,10
distributional,switch,exposed,competing_models,1,10,0.30500000000000005,0.06838635757163815,0.0,0.0,0.14999999999999997,10
distributional,switch,exposed,competing_models,2,10,0.8800000000000001,0.06992794168387287,0.8800000000000001,0.06992794168387287,0.14999999999999997,10
distributional,switch,exposed,competing_models,3,10,0.9200000000000002,0.0588933741601038,0.9200000000000002,0.0588933741601038,0.14999999999999997,10
distributional,switch,exposed,competing_models,4,10,0.9099999999999999,0.0527836671332623,0.9099999999999999,0.0527836671332623,0.14999999999999997,10
distributional,switch,exposed,competing_models,5,10,0.0,0.0,-0.9099999999999999,0.0527836671332623,0.14999999999999997,10
distributional,switch,exposed,competing_models,6,10,0.0,0.0,-0.9099999999999999,0.04709055651362147,0.14999999999999997,10
distributional,switch,exposed,competing_models,7,10,0.9199999999999999,0.041983860114865726,0.9199999999999999,0.041983860114865726,0.14999999999999997,10
distributional,switch,exposed,competing_models,8,5,0.9400000000000001,0.06032419100944261,0.9400000000000001,0.06032419100944261,0.14999999999999997,10
distributional,switch,exposed,competing_models,8,10,0.9299999999999999,0.04828291119451134,0.9299999999999999,0.04828291119451134,0.14999999999999997,10
distributional,switch,exposed,competing_models,8,25,0.5999999999999999,8.371663225071135e-17,0.5959999999999999,0.009048628651416403,0.14999999999999997,10
distributional,switch,exposed,context_oracle,0,10,0.595,0.04282194397214668,0.595,0.04282194397214668,0.14999999999999997,10
distributional,switch,exposed,context_oracle,1,10,0.615,0.03393235744281145,0.615,0.03393235744281145,0.14999999999999997,10
distributional,switch,exposed,context_oracle,2,10,0.615,0.03789066353685231,0.615,0.03789066353685231,0.14999999999999997,10
distributional,switch,exposed,context_oracle,3,10,0.585,0.08095095683631576,0.585,0.08095095683631576,0.14999999999999997,10
distributional,switch,exposed,context_oracle,4,10,0.595,0.04901340519517211,0.595,0.04901340519517211,0.14999999999999997,10
distributional,switch,exposed,context_oracle,5,10,0.6100000000000001,0.055411307669746085,0.6100000000000001,0.055411307669746085,0.14999999999999997,10
distributional,switch,exposed,context_oracle,6,10,0.6099999999999999,0.06032419100944261,0.6099999999999999,0.06032419100944261,0.14999999999999997,10
distributional,switch,exposed,context_oracle,7,10,0.6199999999999999,0.04828291119451134,0.6199999999999999,0.04828291119451134,0.14999999999999997,10
distributional,switch,exposed,context_oracle,8,5,0.65,0.08430561986549712,0.65,0.08430561986549712,0.14999999999999997,10
distributional,switch,exposed,context_oracle,8,10,0.6399999999999999,0.047090556513621484,0.6399999999999999,0.047090556513621484,0.14999999999999997,10
distributional,switch,exposed,context_oracle,8,25,0.5999999999999999,8.371663225071135e-17,0.5999999999999999,8.371663225071135e-17,0.14999999999999997,10
distributional,switch,exposed,delta_only,0,10,0.12000000000000002,0.04198386011486573,0.0,0.0,0.14999999999999997,10
distributional,switch,exposed,delta_only,1,10,0.23499999999999996,0.07735930719339852,0.0,0.0,0.14999999999999997,10
distributional,switch,exposed,delta_only,2,10,0.5650000000000001,0.07549943647343582,0.5650000000000001,0.07549943647343582,0.14999999999999997,10
distributional,switch,exposed,delta_only,3,10,0.8200000000000001,0.06786471488562297,0.8099999999999999,0.08051076348728785,0.14999999999999997,10
distributional,switch,exposed,delta_only,4,10,0.7049999999999998,0.10039096788558366,0.6849999999999999,0.1156555119827176,0.14999999999999997,10
distributional,switch,exposed,delta_only,5,10,0.02,0.03016209550472132,-0.67,0.12752182987078034,0.14999999999999997,10
distributional,switch,exposed,delta_only,6,10,0.08,0.0588933741601038,-0.6649999999999999,0.13174354813383357,0.14999999999999997,10
distributional,switch,exposed,delta_only,7,10,0.29000000000000004,0.06702164221990092,-0.215,0.14800379218476592,0.14999999999999997,10
distributional,switch,exposed,delta_only,8,5,0.10999999999999999,0.09204382406636306,-0.6799999999999999,0.19313164477804542,0.14999999999999997,10
distributional,switch,exposed,delta_only,8,10,0.29,0.06702164221990092,-0.24,0.12707516709781558,0.14999999999999997,10
distributional,switch,exposed,delta_only,8,25,0.23400000000000004,0.046751248032318046,-0.318,0.09209323030935529,0.14999999999999997,10
distributional,switch,exposed,frequency,0,10,0.32499999999999996,0.05655392907135247,0.0,0.0,0.14999999999999997,10
distributional,switch,exposed,frequency,1,10,0.32499999999999996,0.05655392907135247,0.0,0.0,0.14999999999999997,10
distributional,switch,exposed,frequency,2,10,0.32499999999999996,0.05655392907135247,0.0,0.0,0.14999999999999997,10
distributional,switch,exposed,frequency,3,10,0.31999999999999995,0.05114232117388981,0.0,0.0,0.14999999999999997,10
distributional,switch,exposed,frequency,4,10,0.31999999999999995,0.05114232117388981,0.0,0.0,0.14999999999999997,10
distributional,switch,exposed,frequency,5,10,0.31999999999999995,0.05114232117388981,0.0,0.0,0.14999999999999997,10
distributional,switch,exposed,frequency,6,10,0.32499999999999996,0.05655392907135247,0.0,0.0,0.14999999999999997,10
distributional,switch,exposed,frequency,7,10,0.31999999999999995,0.05114232117388981,0.0,0.0,0.14999999999999997,10
distributional,switch,exposed,frequency,8,5,0.2700000000000001,0.08953876002124236,0.0,0.0,0.14999999999999997,10
distributional,switch,exposed,frequency,8,10,0.32499999999999996,0.05655392907135247,0.0,0.0,0.14999999999999997,10
distributional,switch,exposed,frequency,8,25,0.28200000000000003,0.03195616725887714,0.0,0.0,0.14999999999999997,10
distributional,switch,exposed,mdi,0,10,0.37,0.0384492783873558,0.0,0.0,0.14999999999999997,10
distributional,switch,exposed,mdi,1,10,0.445,0.042821943972146705,0.0,0.0,0.14999999999999997,10
distributional,switch,exposed,mdi,2,10,0.89,0.057919862908224234,0.89,0.057919862908224234,0.14999999999999997,10
distributional,switch,exposed,mdi,3,10,0.875,0.06137541769047296,0.875,0.06137541769047296,0.14999999999999997,10
distributional,switch,exposed,mdi,4,10,0.8850000000000001,0.05345268834627581,0.8850000000000001,0.05345268834627581,0.14999999999999997,10
distributional,switch,exposed,mdi,5,10,0.0,0.0,-0.8800000000000001,0.06353758354890779,0.14999999999999997,10
distributional,switch,exposed,mdi,6,10,0.17500000000000002,0.07772594103495852,-0.5399999999999998,0.12595158034459722,0.14999999999999997,10
distributional,switch,exposed,mdi,7,10,0.665,0.07549943647343584,0.44000000000000006,0.1367727151432763,0.14999999999999997,10
distributional,switch,exposed,mdi,8,5,0.8400000000000001,0.09048628651416393,0.8400000000000001,0.09048628651416393,0.14999999999999997,10
distributional,switch,exposed,mdi,8,10,0.89,0.06263629556878302,0.8850000000000001,0.06541159988584007,0.14999999999999997,10
distributional,switch,exposed,mdi,8,25,0.5660000000000001,0.023412081991028635,0.23400000000000004,0.06292611224912424,0.14999999999999997,10
distributional,switch,exposed,mdi_decay0,0,10,0.37,0.0384492783873558,0.0,0.0,0.14999999999999997,10
distributional,switch,exposed,mdi_decay0,1,10,0.445,0.042821943972146705,0.0,0.0,0.14999999999999997,10
distributional,switch,exposed,mdi_decay0,2,10,0.89,0.057919862908224234,0.89,0.057919862908224234,0.14999999999999997,10
distributional,switch,exposed,mdi_decay0,3,10,0.8850000000000001,0.060910445708045644,0.8850000000000001,0.060910445708045644,0.14999999999999997,10
distributional,switch,exposed,mdi_decay0,4,10,0.89,0.055411307669746106,0.89,0.055411307669746106,0.14999999999999997,10
distributional,switch,exposed,mdi_decay0,5,10,0.0,0.0,-0.8850000000000001,0.060910445708045664,0.14999999999999997,10
distributional,switch,exposed,mdi_decay0,6,10,0.07500000000000001,0.04215280993274856,-0.745,0.0867160245760738,0.14999999999999997,10
distributional,switch,exposed,mdi_decay0,7,10,0.45,0.06952019510772305,0.010000000000000014,0.10637217946964272,0.14999999999999997,10
distributional,switch,exposed,mdi_decay0,8,5,0.85,0.10256221312228224,0.8300000000000001,0.1120979463340934,0.14999999999999997,10
distributional,switch,exposed,mdi_decay0,8,10,0.8450000000000001,0.05450604454644075,0.7949999999999999,0.0662751567352332,0.14999999999999997,10
distributional,switch,exposed,mdi_decay0,8,25,0.5560000000000002,0.024129676403777053,0.20200000000000004,0.06161120224315475,0.14999999999999997,10
distributional,switch,exposed,mdi_decay020,0,10,0.37,0.0384492783873558,0.0,0.0,0.14999999999999997,10
distributional,switch,exposed,mdi_decay020,1,10,0.445,0.042821943972146705,0.0,0.0,0.14999999999999997,10
distributional,switch,exposed,mdi_decay020,2,10,0.8950000000000001,0.05949372988282914,0.8950000000000001,0.05949372988282914,0.14999999999999997,10
distributional,switch,exposed,mdi_decay020,3,10,0.875,0.06137541769047296,0.875,0.06137541769047296,0.14999999999999997,10
distributional,switch,exposed,mdi_decay020,4,10,0.89,0.05001817684001293,0.89,0.05001817684001293,0.14999999999999997,10
distributional,switch,exposed,mdi_decay020,5,10,0.02,0.02500908842000647,-0.8450000000000001,0.07043430558720785,0.14999999999999997,10
distributional,switch,exposed,mdi_decay020,6,10,0.755,0.0518325321633273,0.615,0.09982298048220059,0.14999999999999997,10
distributional,switch,exposed,mdi_decay020,7,10,0.8949999999999999,0.05450604454644074,0.8949999999999999,0.05450604454644074,0.14999999999999997,10
distributional,switch,exposed,mdi_decay020,8,5,0.8400000000000001,0.10770022315092066,0.8400000000000001,0.10770022315092066,0.14999999999999997,10
distributional,switch,exposed,mdi_decay020,8,10,0.8850000000000001,0.06541159988584007,0.8850000000000001,0.06541159988584007,0.14999999999999997,10
distributional,switch,exposed,mdi_decay020,8,25,0.5680000000000001,0.024503802224465358,0.30199999999999994,0.04182102617184418,0.14999999999999997,10
distributional,switch,exposed,mdi_no_novelty,0,10,0.345,0.031318147784391515,0.0,0.0,0.14999999999999997,10
distributional,switch,exposed,mdi_no_novelty,1,10,0.445,0.046021912033181525,0.0,0.0,0.14999999999999997,10
distributional,switch,exposed,mdi_no_novelty,2,10,0.905,0.05705441607566245,0.905,0.05705441607566245,0.14999999999999997,10
distributional,switch,exposed,mdi_no_novelty,3,10,0.8950000000000001,0.06183689349415336,0.8950000000000001,0.06183689349415336,0.14999999999999997,10
distributional,switch,exposed,mdi_no_novelty,4,10,0.9199999999999999,0.04828291119451135,0.9199999999999999,0.04828291119451135,0.14999999999999997,10
distributional,switch,exposed,mdi_no_novelty,5,10,0.0,0.0,-0.93,0.04524314325708196,0.14999999999999997,10
distributional,switch,exposed,mdi_no_novelty,6,10,0.155,0.07436118884757449,-0.605,0.13847695290323073,0.14999999999999997,10
distributional,switch,exposed,mdi_no_novelty,7,10,0.61,0.07502726526001942,0.27499999999999997,0.1519841176174127,0.14999999999999997,10
distributional,switch,exposed,mdi_no_novelty,8,5,0.9200000000000002,0.06573676311525131,0.9200000000000002,0.06573676311525131,0.14999999999999997,10
distributional,switch,exposed,mdi_no_novelty,8,10,0.905,0.04282194397214668,0.8800000000000001,0.06573676311525131,0.14999999999999997,10
distributional,switch,exposed,mdi_no_novelty,8,25,0.5720000000000001,0.02355734966404151,0.23400000000000004,0.05522629443981784,0.14999999999999997,10
distributional,switch,exposed,mdi_original,0,10,0.045,0.042821943972146705,0.0,0.0,0.14999999999999997,10
distributional,switch,exposed,mdi_original,1,10,0.025,0.04539996571433347,0.0,0.0,0.14999999999999997,10
distributional,switch,exposed,mdi_original,2,10,0.05,0.08260230044780519,0.05,0.08260230044780519,0.14999999999999997,10
distributional,switch,exposed,mdi_original,3,10,0.1,0.08260230044780519,0.1,0.08260230044780519,0.14999999999999997,10
distributional,switch,exposed,mdi_original,4,10,0.15,0.08430561986549712,0.15,0.08430561986549712,0.14999999999999997,10
distributional,switch,exposed,mdi_original,5,10,0.0,0.0,-0.06,0.10366506432665452,0.14999999999999997,10
distributional,switch,exposed,mdi_original,6,10,0.0,0.0,-0.05,0.08260230044780519,0.14999999999999997,10
distributional,switch,exposed,mdi_original,7,10,0.04,0.05001817684001294,0.02,0.03016209550472132,0.14999999999999997,10
distributional,switch,exposed,mdi_original,8,5,0.06,0.07689855677471161,0.06,0.07689855677471161,0.14999999999999997,10
distributional,switch,exposed,mdi_original,8,10,0.10500000000000001,0.0640944529475328,0.095,0.059493729882829166,0.14999999999999997,10
distributional,switch,exposed,mdi_original,8,25,0.23200000000000004,0.018097257302832792,0.19,0.03035002315157897,0.14999999999999997,10
distributional,switch,exposed,mdi_reset,0,10,0.37,0.0384492783873558,0.0,0.0,0.14999999999999997,10
distributional,switch,exposed,mdi_reset,1,10,0.37,0.0384492783873558,0.0,0.0,0.14999999999999997,10
distributional,switch,exposed,mdi_reset,2,10,0.37,0.0384492783873558,0.0,0.0,0.14999999999999997,10
distributional,switch,exposed,mdi_reset,3,10,0.37,0.0384492783873558,0.0,0.0,0.14999999999999997,10
distributional,switch,exposed,mdi_reset,4,10,0.37,0.0384492783873558,0.0,0.0,0.14999999999999997,10
distributional,switch,exposed,mdi_reset,5,10,0.37,0.0384492783873558,0.0,0.0,0.14999999999999997,10
distributional,switch,exposed,mdi_reset,6,10,0.37,0.0384492783873558,0.0,0.0,0.14999999999999997,10
distributional,switch,exposed,mdi_reset,7,10,0.37,0.0384492783873558,0.0,0.0,0.14999999999999997,10
distributional,switch,exposed,mdi_reset,8,5,0.39,0.06263629556878302,0.0,0.0,0.14999999999999997,10
distributional,switch,exposed,mdi_reset,8,10,0.37,0.0384492783873558,0.0,0.0,0.14999999999999997,10
distributional,switch,exposed,mdi_reset,8,25,0.354,0.02616463995433603,0.0,0.0,0.14999999999999997,10
distributional,switch,exposed,mdi_with_delta,0,10,0.36499999999999994,0.03789066353685235,0.0,0.0,0.14999999999999997,10
distributional,switch,exposed,mdi_with_delta,1,10,0.45,0.03372224794619885,0.0,0.0,0.14999999999999997,10
distributional,switch,exposed,mdi_with_delta,2,10,0.885,0.058530204977571595,0.885,0.058530204977571595,0.14999999999999997,10
distributional,switch,exposed,mdi_with_delta,3,10,0.89,0.062636295568783,0.89,0.062636295568783,0.14999999999999997,10
distributional,switch,exposed,mdi_with_delta,4,10,0.865,0.0414728813189918,0.865,0.0414728813189918,0.14999999999999997,10
distributional,switch,exposed,mdi_with_delta,5,10,0.0,0.0,-0.86,0.05791986290822424,0.14999999999999997,10
distributional,switch,exposed,mdi_with_delta,6,10,0.08,0.06125950556116341,-0.75,0.0938787651746819,0.14999999999999997,10
distributional,switch,exposed,mdi_with_delta,7,10,0.43999999999999995,0.05791986290822425,-0.03499999999999999,0.07549943647343585,0.14999999999999997,10
distributional,switch,exposed,mdi_with_delta,8,5,0.8,0.0892206817157008,0.7000000000000001,0.12158729409393015,0.14999999999999997,10
distributional,switch,exposed,mdi_with_delta,8,10,0.595,0.05183253216332725,0.27,0.10822687774953409,0.14999999999999997,10
distributional,switch,exposed,mdi_with_delta,8,25,0.524,0.022164523067898463,0.13200000000000003,0.05232927990867207,0.14999999999999997,10
distributional,switch,exposed,predicate_match,0,10,0.17,0.03016209550472132,0.0,0.0,0.14999999999999997,10
distributional,switch,exposed,predicate_match,1,10,0.27999999999999997,0.045243143257081966,0.0,0.0,0.14999999999999997,10
distributional,switch,exposed,predicate_match,2,10,0.5900000000000001,0.07872538050508089,0.5900000000000001,0.07872538050508089,0.14999999999999997,10
distributional,switch,exposed,predicate_match,3,10,1.0,0.0,1.0,0.0,0.14999999999999997,10
distributional,switch,exposed,predicate_match,4,10,0.7150000000000001,0.07917550069989347,0.7150000000000001,0.07917550069989347,0.14999999999999997,10
distributional,switch,exposed,predicate_match,5,10,0.0,0.0,-0.7150000000000001,0.07917550069989347,0.14999999999999997,10
distributional,switch,exposed,predicate_match,6,10,0.36500000000000005,0.08095095683631574,-0.27,0.16190191367263151,0.14999999999999997,10
distributional,switch,exposed,predicate_match,7,10,0.5349999999999999,0.11687812008079512,0.17,0.17128777588858682,0.14999999999999997,10
distributional,switch,exposed,predicate_match,8,5,1.0,0.0,1.0,0.0,0.14999999999999997,10
distributional,switch,exposed,predicate_match,8,10,1.0,0.0,1.0,0.0,0.14999999999999997,10
distributional,switch,exposed,predicate_match,8,25,0.5999999999999999,8.371663225071135e-17,0.242,0.020733012865330913,0.14999999999999997,10
distributional,switch,exposed,random,0,10,0.15,0.06744449589239769,0.0,0.0,0.14999999999999997,10
distributional,switch,exposed,random,1,10,0.15,0.06744449589239769,0.0,0.0,0.14999999999999997,10
distributional,switch,exposed,random,2,10,0.15,0.06744449589239769,0.0,0.0,0.14999999999999997,10
distributional,switch,exposed,random,3,10,0.15,0.06744449589239769,0.0,0.0,0.14999999999999997,10
distributional,switch,exposed,random,4,10,0.15,0.06744449589239769,0.0,0.0,0.14999999999999997,10
distributional,switch,exposed,random,5,10,0.15,0.06744449589239769,0.0,0.0,0.14999999999999997,10
distributional,switch,exposed,random,6,10,0.15,0.06744449589239769,0.0,0.0,0.14999999999999997,10
distributional,switch,exposed,random,7,10,0.15,0.06744449589239769,0.0,0.0,0.14999999999999997,10
distributional,switch,exposed,random,8,5,0.15,0.10256221312228223,0.0,0.0,0.14999999999999997,10
distributional,switch,exposed,random,8,10,0.15,0.06744449589239769,0.0,0.0,0.14999999999999997,10
distributional,switch,exposed,random,8,25,0.15200000000000002,0.02797117667354914,0.0,0.0,0.14999999999999997,10
distributional,switch,exposed,recurrence,0,10,0.17,0.03016209550472132,0.0,0.0,0.14999999999999997,10
distributional,switch,exposed,recurrence,1,10,0.23500000000000001,0.04783926094926254,0.0,0.0,0.14999999999999997,10
distributional,switch,exposed,recurrence,2,10,0.5,0.05592202176243727,0.395,0.06838635757163815,0.14999999999999997,10
distributional,switch,exposed,recurrence,3,10,0.8550000000000001,0.0640944529475328,0.82,0.08294576263798363,0.14999999999999997,10
distributional,switch,exposed,recurrence,4,10,0.85,0.04130115022390257,0.8450000000000001,0.04282194397214669,0.14999999999999997,10
distributional,switch,exposed,recurrence,5,10,0.045,0.02639183356663115,-0.765,0.0654115998858401,0.14999999999999997,10
distributional,switch,exposed,recurrence,6,10,0.32,0.07193201324708874,-0.25999999999999995,0.1259515803445972,0.14999999999999997,10
distributional,switch,exposed,recurrence,7,10,0.41500000000000004,0.06091044570804565,-0.06999999999999997,0.09567852189852508,0.14999999999999997,10
distributional,switch,exposed,recurrence,8,5,0.6200000000000001,0.10003635368002589,0.25999999999999995,0.20567806942761482,0.14999999999999997,10
distributional,switch,exposed,recurrence,8,10,0.5299999999999999,0.05642811372291081,0.12500000000000003,0.08961810320032133,0.14999999999999997,10
distributional,switch,exposed,recurrence,8,25,0.44800000000000006,0.02797117667354914,0.043999999999999984,0.034257555177717364,0.14999999999999997,10
distributional,switch,exposed,similarity,0,10,0.005,0.011310785814270492,0.0,0.0,0.14999999999999997,10
distributional,switch,exposed,similarity,1,10,0.005,0.011310785814270492,0.0,0.0,0.14999999999999997,10
distributional,switch,exposed,similarity,2,10,0.005,0.011310785814270492,0.0,0.0,0.14999999999999997,10
distributional,switch,exposed,similarity,3,10,0.005,0.011310785814270492,0.0,0.0,0.14999999999999997,10
distributional,switch,exposed,similarity,4,10,0.005,0.011310785814270492,0.0,0.0,0.14999999999999997,10
distributional,switch,exposed,similarity,5,10,0.005,0.011310785814270492,0.0,0.0,0.14999999999999997,10
distributional,switch,exposed,similarity,6,10,0.005,0.011310785814270492,0.0,0.0,0.14999999999999997,10
distributional,switch,exposed,similarity,7,10,0.005,0.011310785814270492,0.0,0.0,0.14999999999999997,10
distributional,switch,exposed,similarity,8,5,0.0,0.0,0.0,0.0,0.14999999999999997,10
distributional,switch,exposed,similarity,8,10,0.005,0.011310785814270492,0.0,0.0,0.14999999999999997,10
distributional,switch,exposed,similarity,8,25,0.044,0.02111346685330492,0.0,0.0,0.14999999999999997,10
distributional,switch,exposed,value_profile,0,10,0.17,0.03016209550472132,0.0,0.0,0.14999999999999997,10
distributional,switch,exposed,value_profile,1,10,0.265,0.06320110677819656,0.0,0.0,0.14999999999999997,10
distributional,switch,exposed,value_profile,2,10,0.85,0.05840864678825162,0.85,0.05840864678825162,0.14999999999999997,10
distributional,switch,exposed,value_profile,3,10,0.9200000000000002,0.0588933741601038,0.9200000000000002,0.0588933741601038,0.14999999999999997,10
distributional,switch,exposed,value_profile,4,10,0.9,0.047690460399222645,0.9,0.047690460399222645,0.14999999999999997,10
distributional,switch,exposed,value_profile,5,10,0.0,0.0,-0.9099999999999999,0.0527836671332623,0.14999999999999997,10
distributional,switch,exposed,value_profile,6,10,0.35500000000000004,0.0883400612401557,-0.24000000000000005,0.1543506742360263,0.14999999999999997,10
distributional,switch,exposed,value_profile,7,10,0.585,0.07735930719339855,0.22999999999999998,0.16102152697457567,0.14999999999999997,10
distributional,switch,exposed,value_profile,8,5,0.96,0.03694087177983073,0.96,0.03694087177983073,0.14999999999999997,10
distributional,switch,exposed,value_profile,8,10,0.8949999999999999,0.04901340519517211,0.86,0.06911004288443634,0.14999999999999997,10
distributional,switch,exposed,value_profile,8,25,0.5999999999999999,8.371663225071135e-17,0.2859999999999999,0.031670200279957386,0.14999999999999997,10
distributional,switch,holdout,association_only,0,10,0.42000000000000004,0.04828291119451135,0.0,0.0,0.14999999999999997,10
distributional,switch,holdout,association_only,1,10,0.43500000000000005,0.03789066353685234,0.0,0.0,0.14999999999999997,10
distributional,switch,holdout,association_only,2,10,0.8800000000000001,0.0588933741601038,0.8800000000000001,0.0588933741601038,0.14999999999999997,10
distributional,switch,holdout,association_only,3,10,0.9,0.041301150223902565,0.9,0.041301150223902565,0.14999999999999997,10
distributional,switch,holdout,association_only,4,10,0.885,0.0560489731670467,0.885,0.0560489731670467,0.14999999999999997,10
distributional,switch,holdout,association_only,5,10,0.0,0.0,-0.885,0.05072368667405657,0.14999999999999997,10
distributional,switch,holdout,association_only,6,10,0.26999999999999996,0.04828291119451134,-0.38,0.09715285407193539,0.14999999999999997,10
distributional,switch,holdout,association_only,7,10,0.525,0.07002950737528384,0.13999999999999999,0.1281889058950656,0.14999999999999997,10
distributional,switch,holdout,association_only,8,5,0.8700000000000001,0.07578132707370469,0.8099999999999999,0.13677271514327632,0.14999999999999997,10
distributional,switch,holdout,association_only,8,10,0.78,0.04198386011486577,0.6300000000000001,0.08121392761072754,0.14999999999999997,10
distributional,switch,holdout,association_only,8,25,0.538,0.032660132059425716,0.188,0.06077493843072054,0.14999999999999997,10
distributional,switch,holdout,clustering,0,10,0.15,0.04130115022390259,0.0,0.0,0.14999999999999997,10
distributional,switch,holdout,clustering,1,10,0.15,0.04130115022390259,0.0,0.0,0.14999999999999997,10
distributional,switch,holdout,clustering,2,10,0.15,0.04130115022390259,0.0,0.0,0.14999999999999997,10
distributional,switch,holdout,clustering,3,10,0.15,0.04130115022390259,0.0,0.0,0.14999999999999997,10
distributional,switch,holdout,clustering,4,10,0.15,0.04130115022390259,0.0,0.0,0.14999999999999997,10
distributional,switch,holdout,clustering,5,10,0.15,0.04130115022390259,0.0,0.0,0.14999999999999997,10
distributional,switch,holdout,clustering,6,10,0.15,0.04130115022390259,0.0,0.0,0.14999999999999997,10
distributional,switch,holdout,clustering,7,10,0.15,0.04130115022390259,0.0,0.0,0.14999999999999997,10
distributional,switch,holdout,clustering,8,5,0.12000000000000002,0.03016209550472132,0.0,0.0,0.14999999999999997,10
distributional,switch,holdout,clustering,8,10,0.15,0.04130115022390259,0.0,0.0,0.14999999999999997,10
distributional,switch,holdout,clustering,8,25,0.15799999999999997,0.015745076101016175,0.0,0.0,0.14999999999999997,10
distributional,switch,holdout,competing_models,0,10,0.17,0.03016209550472132,0.0,0.0,0.14999999999999997,10
distributional,switch,holdout,competing_models,1,10,0.3,0.06308854906325866,0.0,0.0,0.14999999999999997,10
distributional,switch,holdout,competing_models,2,10,0.89,0.05001817684001293,0.89,0.05001817684001293,0.14999999999999997,10
distributional,switch,holdout,competing_models,3,10,0.9,0.0533195556654618,0.9,0.0533195556654618,0.14999999999999997,10
distributional,switch,holdout,competing_models,4,10,0.8899999999999999,0.04709055651362147,0.8899999999999999,0.04709055651362147,0.14999999999999997,10
distributional,switch,holdout,competing_models,5,10,0.0,0.0,-0.9,0.04461034085785037,0.14999999999999997,10
distributional,switch,holdout,competing_models,6,10,0.015000000000000003,0.024141455597255678,-0.875,0.06584479402316082,0.14999999999999997,10
distributional,switch,holdout,competing_models,7,10,0.9099999999999999,0.047090556513621463,0.9099999999999999,0.047090556513621463,0.14999999999999997,10
distributional,switch,holdout,competing_models,8,5,0.9400000000000001,0.05001817684001293,0.9400000000000001,0.05001817684001293,0.14999999999999997,10
distributional,switch,holdout,competing_models,8,10,0.915,0.050723686674056565,0.915,0.050723686674056565,0.14999999999999997,10
distributional,switch,holdout,competing_models,8,25,0.5999999999999999,8.371663225071135e-17,0.59,0.02262157162854098,0.14999999999999997,10
distributional,switch,holdout,context_oracle,0,10,0.595,0.04282194397214668,0.595,0.04282194397214668,0.14999999999999997,10
distributional,switch,holdout,context_oracle,1,10,0.615,0.03393235744281145,0.615,0.03393235744281145,0.14999999999999997,10
distributional,switch,holdout,context_oracle,2,10,0.615,0.03789066353685231,0.615,0.03789066353685231,0.14999999999999997,10
distributional,switch,holdout,context_oracle,3,10,0.585,0.08095095683631576,0.585,0.08095095683631576,0.14999999999999997,10
distributional,switch,holdout,context_oracle,4,10,0.595,0.04901340519517211,0.595,0.04901340519517211,0.14999999999999997,10
distributional,switch,holdout,context_oracle,5,10,0.6100000000000001,0.055411307669746085,0.6100000000000001,0.055411307669746085,0.14999999999999997,10
distributional,switch,holdout,context_oracle,6,10,0.6099999999999999,0.06032419100944261,0.6099999999999999,0.06032419100944261,0.14999999999999997,10
distributional,switch,holdout,context_oracle,7,10,0.6199999999999999,0.04828291119451134,0.6199999999999999,0.04828291119451134,0.14999999999999997,10
distributional,switch,holdout,context_oracle,8,5,0.65,0.08430561986549712,0.65,0.08430561986549712,0.14999999999999997,10
distributional,switch,holdout,context_oracle,8,10,0.6399999999999999,0.047090556513621484,0.6399999999999999,0.047090556513621484,0.14999999999999997,10
distributional,switch,holdout,context_oracle,8,25,0.5999999999999999,8.371663225071135e-17,0.5999999999999999,8.371663225071135e-17,0.14999999999999997,10
distributional,switch,holdout,delta_only,0,10,0.12000000000000002,0.04198386011486573,0.0,0.0,0.14999999999999997,10
distributional,switch,holdout,delta_only,1,10,0.225,0.10010737701426922,0.0,0.0,0.14999999999999997,10
distributional,switch,holdout,delta_only,2,10,0.5599999999999999,0.1633006602971286,0.5599999999999999,0.1633006602971286,0.14999999999999997,10
distributional,switch,holdout,delta_only,3,10,0.805,0.07043430558720787,0.805,0.07043430558720787,0.14999999999999997,10
distributional,switch,holdout,delta_only,4,10,0.72,0.14127166954086448,0.705,0.15586282916338867,0.14999999999999997,10
distributional,switch,holdout,delta_only,5,10,0.025,0.02529168595964914,-0.7,0.14504487278453132,0.14999999999999997,10
distributional,switch,holdout,delta_only,6,10,0.045,0.03556857998685377,-0.7699999999999999,0.08464217058436622,0.14999999999999997,10
distributional,switch,holdout,delta_only,7,10,0.25999999999999995,0.08728787455225905,-0.255,0.17477919370111739,0.14999999999999997,10
distributional,switch,holdout,delta_only,8,5,0.11000000000000001,0.0787253805050809,-0.6300000000000001,0.1879088867063491,0.14999999999999997,10
distributional,switch,holdout,delta_only,8,10,0.275,0.0758750578789474,-0.275,0.13619989714300038,0.14999999999999997,10
distributional,switch,holdout,delta_only,8,25,0.238,0.04976745758279018,-0.312,0.08798857632987228,0.14999999999999997,10
distributional,switch,holdout,frequency,0,10,0.32499999999999996,0.05655392907135247,0.0,0.0,0.14999999999999997,10
distributional,switch,holdout,frequency,1,10,0.32499999999999996,0.05655392907135247,0.0,0.0,0.14999999999999997,10
distributional,switch,holdout,frequency,2,10,0.32499999999999996,0.05655392907135247,0.0,0.0,0.14999999999999997,10
distributional,switch,holdout,frequency,3,10,0.31999999999999995,0.05114232117388981,0.0,0.0,0.14999999999999997,10
distributional,switch,holdout,frequency,4,10,0.31999999999999995,0.05114232117388981,0.0,0.0,0.14999999999999997,10
distributional,switch,holdout,frequency,5,10,0.31999999999999995,0.05114232117388981,0.0,0.0,0.14999999999999997,10
distributional,switch,holdout,frequency,6,10,0.32499999999999996,0.05655392907135247,0.0,0.0,0.14999999999999997,10
distributional,switch,holdout,frequency,7,10,0.31999999999999995,0.05114232117388981,0.0,0.0,0.14999999999999997,10
distributional,switch,holdout,frequency,8,5,0.2700000000000001,0.08953876002124236,0.0,0.0,0.14999999999999997,10
distributional,switch,holdout,frequency,8,10,0.32499999999999996,0.05655392907135247,0.0,0.0,0.14999999999999997,10
distributional,switch,holdout,frequency,8,25,0.28200000000000003,0.03195616725887714,0.0,0.0,0.14999999999999997,10
distributional,switch,holdout,mdi,0,10,0.37,0.0384492783873558,0.0,0.0,0.14999999999999997,10
distributional,switch,holdout,mdi,1,10,0.44000000000000006,0.036940871779830735,0.0,0.0,0.14999999999999997,10
distributional,switch,holdout,mdi,2,10,0.8949999999999999,0.06627515673523317,0.8949999999999999,0.06627515673523317,0.14999999999999997,10
distributional,switch,holdout,mdi,3,10,0.8950000000000001,0.05705441607566245,0.8950000000000001,0.05705441607566245,0.14999999999999997,10
distributional,switch,holdout,mdi,4,10,0.9,0.05592202176243727,0.9,0.05592202176243727,0.14999999999999997,10
distributional,switch,holdout,mdi,5,10,0.0,0.0,-0.9099999999999999,0.04709055651362147,0.14999999999999997,10
distributional,switch,holdout,mdi,6,10,0.17,0.06353758354890779,-0.5750000000000001,0.1351521900678182,0.14999999999999997,10
distributional,switch,holdout,mdi,7,10,0.655,0.07624882889894678,0.37499999999999994,0.16541957118940595,0.14999999999999997,10
distributional,switch,holdout,mdi,8,5,0.9400000000000001,0.06911004288443634,0.9400000000000001,0.06911004288443634,0.14999999999999997,10
distributional,switch,holdout,mdi,8,10,0.9200000000000002,0.05385011157546032,0.9200000000000002,0.05385011157546032,0.14999999999999997,10
distributional,switch,holdout,mdi,8,25,0.548,0.027145885954249178,0.19000000000000003,0.0658232020258519,0.14999999999999997,10
distributional,switch,holdout,mdi_decay0,0,10,0.37,0.0384492783873558,0.0,0.0,0.14999999999999997,10
distributional,switch,holdout,mdi_decay0,1,10,0.43500000000000005,0.03789066353685234,0.0,0.0,0.14999999999999997,10
distributional,switch,holdout,mdi_decay0,2,10,0.905,0.07043430558720785,0.905,0.07043430558720785,0.14999999999999997,10
distributional,switch,holdout,mdi_decay0,3,10,0.905,0.04602191203318152,0.905,0.04602191203318152,0.14999999999999997,10
distributional,switch,holdout,mdi_decay0,4,10,0.9,0.05592202176243727,0.9,0.05592202176243727,0.14999999999999997,10
distributional,switch,holdout,mdi_decay0,5,10,0.0,0.0,-0.905,0.04282194397214668,0.14999999999999997,10
distributional,switch,holdout,mdi_decay0,6,10,0.06500000000000002,0.041472881318991815,-0.775,0.0830314061947558,0.14999999999999997,10
distributional,switch,holdout,mdi_decay0,7,10,0.4600000000000001,0.04709055651362149,-0.009999999999999998,0.07113715997370756,0.14999999999999997,10
distributional,switch,holdout,mdi_decay0,8,5,0.93,0.06786471488562294,0.93,0.06786471488562294,0.14999999999999997,10
distributional,switch,holdout,mdi_decay0,8,10,0.89,0.04396843198393991,0.86,0.0439684319839399,0.14999999999999997,10
distributional,switch,holdout,mdi_decay0,8,25,0.5440000000000002,0.02764401715377453,0.18200000000000002,0.06859804842036576,0.14999999999999997,10
distributional,switch,holdout,mdi_decay020,0,10,0.37,0.0384492783873558,0.0,0.0,0.14999999999999997,10
distributional,switch,holdout,mdi_decay020,1,10,0.43500000000000005,0.041472881318991815,0.0,0.0,0.14999999999999997,10
distributional,switch,holdout,mdi_decay020,2,10,0.8950000000000001,0.0640944529475328,0.8950000000000001,0.0640944529475328,0.14999999999999997,10
distributional,switch,holdout,mdi_decay020,3,10,0.89,0.05791986290822424,0.89,0.05791986290822424,0.14999999999999997,10
distributional,switch,holdout,mdi_decay020,4,10,0.8950000000000001,0.05450604454644074,0.8950000000000001,0.05450604454644074,0.14999999999999997,10
distributional,switch,holdout,mdi_decay020,5,10,0.025,0.034760097553861516,-0.8450000000000001,0.059493729882829145,0.14999999999999997,10
distributional,switch,holdout,mdi_decay020,6,10,0.8100000000000002,0.06911004288443637,0.7050000000000001,0.13324555893981024,0.14999999999999997,10
distributional,switch,holdout,mdi_decay020,7,10,0.9000000000000001,0.041301150223902565,0.9000000000000001,0.041301150223902565,0.14999999999999997,10
distributional,switch,holdout,mdi_decay020,8,5,0.93,0.06786471488562294,0.93,0.06786471488562294,0.14999999999999997,10
distributional,switch,holdout,mdi_decay020,8,10,0.905,0.06838635757163816,0.905,0.06838635757163816,0.14999999999999997,10
distributional,switch,holdout,mdi_decay020,8,25,0.562,0.0207330128653309,0.25200000000000006,0.0518928312534434,0.14999999999999997,10
distributional,switch,holdout,mdi_no_novelty,0,10,0.345,0.031318147784391515,0.0,0.0,0.14999999999999997,10
distributional,switch,holdout,mdi_no_novelty,1,10,0.44000000000000006,0.04060696380536377,0.0,0.0,0.14999999999999997,10
distributional,switch,holdout,mdi_no_novelty,2,10,0.8800000000000001,0.06353758354890779,0.8800000000000001,0.06353758354890779,0.14999999999999997,10
distributional,switch,holdout,mdi_no_novelty,3,10,0.9099999999999999,0.052783667133262296,0.9099999999999999,0.052783667133262296,0.14999999999999997,10
distributional,switch,holdout,mdi_no_novelty,4,10,0.8950000000000001,0.05450604454644074,0.8950000000000001,0.05450604454644074,0.14999999999999997,10
distributional,switch,holdout,mdi_no_novelty,5,10,0.0,0.0,-0.8950000000000001,0.04901340519517211,0.14999999999999997,10
distributional,switch,holdout,mdi_no_novelty,6,10,0.14500000000000002,0.059493729882829166,-0.62,0.11826849572266668,0.14999999999999997,10
distributional,switch,holdout,mdi_no_novelty,7,10,0.61,0.062636295568783,0.2899999999999999,0.1367727151432763,0.14999999999999997,10
distributional,switch,holdout,mdi_no_novelty,8,5,0.9400000000000001,0.06032419100944261,0.9400000000000001,0.06032419100944261,0.14999999999999997,10
distributional,switch,holdout,mdi_no_novelty,8,10,0.8700000000000001,0.04524314325708196,0.8149999999999998,0.07359257711325336,0.14999999999999997,10
distributional,switch,holdout,mdi_no_novelty,8,25,0.552,0.025415033419563113,0.22400000000000003,0.057149013104313424,0.14999999999999997,10
distributional,switch,holdout,mdi_original,0,10,0.045,0.042821943972146705,0.0,0.0,0.14999999999999997,10
distributional,switch,holdout,mdi_original,1,10,0.0,0.0,0.0,0.0,0.14999999999999997,10
distributional,switch,holdout,mdi_original,2,10,0.0,0.0,0.0,0.0,0.14999999999999997,10
distributional,switch,holdout,mdi_original,3,10,0.09999999999999999,0.08260230044780516,0.09999999999999999,0.08260230044780516,0.14999999999999997,10
distributional,switch,holdout,mdi_original,4,10,0.13000000000000003,0.07193201324708874,0.13000000000000003,0.07193201324708874,0.14999999999999997,10
distributional,switch,holdout,mdi_original,5,10,0.0,0.0,-0.005,0.011310785814270492,0.14999999999999997,10
distributional,switch,holdout,mdi_original,6,10,0.0,0.0,0.0,0.0,0.14999999999999997,10
distributional,switch,holdout,mdi_original,7,10,0.01,0.01508104775236066,0.01,0.01508104775236066,0.14999999999999997,10
distributional,switch,holdout,mdi_original,8,5,0.01,0.022621571628540983,0.01,0.022621571628540983,0.14999999999999997,10
distributional,switch,holdout,mdi_original,8,10,0.06000000000000001,0.050018176840012946,0.06000000000000001,0.050018176840012946,0.14999999999999997,10
distributional,switch,holdout,mdi_original,8,25,0.22400000000000006,0.03425755517771736,0.19,0.032520558206875355,0.14999999999999997,10
distributional,switch,holdout,mdi_reset,0,10,0.37,0.0384492783873558,0.0,0.0,0.14999999999999997,10
distributional,switch,holdout,mdi_reset,1,10,0.37,0.0384492783873558,0.0,0.0,0.14999999999999997,10
distributional,switch,holdout,mdi_reset,2,10,0.37,0.0384492783873558,0.0,0.0,0.14999999999999997,10
distributional,switch,holdout,mdi_reset,3,10,0.37,0.0384492783873558,0.0,0.0,0.14999999999999997,10
distributional,switch,holdout,mdi_reset,4,10,0.37,0.0384492783873558,0.0,0.0,0.14999999999999997,10
distributional,switch,holdout,mdi_reset,5,10,0.37,0.0384492783873558,0.0,0.0,0.14999999999999997,10
distributional,switch,holdout,mdi_reset,6,10,0.37,0.0384492783873558,0.0,0.0,0.14999999999999997,10
distributional,switch,holdout,mdi_reset,7,10,0.37,0.0384492783873558,0.0,0.0,0.14999999999999997,10
distributional,switch,holdout,mdi_reset,8,5,0.39,0.06263629556878302,0.0,0.0,0.14999999999999997,10
distributional,switch,holdout,mdi_reset,8,10,0.37,0.0384492783873558,0.0,0.0,0.14999999999999997,10
distributional,switch,holdout,mdi_reset,8,25,0.354,0.02616463995433603,0.0,0.0,0.14999999999999997,10
distributional,switch,holdout,mdi_with_delta,0,10,0.36499999999999994,0.03789066353685235,0.0,0.0,0.14999999999999997,10
distributional,switch,holdout,mdi_with_delta,1,10,0.45,0.02920432339412582,0.0,0.0,0.14999999999999997,10
distributional,switch,holdout,mdi_with_delta,2,10,0.8899999999999999,0.06702164221990091,0.8899999999999999,0.06702164221990091,0.14999999999999997,10
distributional,switch,holdout,mdi_with_delta,3,10,0.8950000000000001,0.05450604454644074,0.8950000000000001,0.05450604454644074,0.14999999999999997,10
distributional,switch,holdout,mdi_with_delta,4,10,0.8950000000000001,0.05183253216332724,0.8950000000000001,0.05183253216332724,0.14999999999999997,10
distributional,switch,holdout,mdi_with_delta,5,10,0.0,0.0,-0.89,0.047090556513621463,0.14999999999999997,10
distributional,switch,holdout,mdi_with_delta,6,10,0.09999999999999999,0.04769046039922266,-0.7250000000000001,0.10563463891745906,0.14999999999999997,10
distributional,switch,holdout,mdi_with_delta,7,10,0.43499999999999994,0.08605782891535053,-0.06000000000000002,0.13467806281793393,0.14999999999999997,10
distributional,switch,holdout,mdi_with_delta,8,5,0.79,0.1281889058950656,0.6199999999999999,0.2257124548916432,0.14999999999999997,10
distributional,switch,holdout,mdi_with_delta,8,10,0.5900000000000001,0.07310809141785256,0.24500000000000002,0.15029117241208254,0.14999999999999997,10
distributional,switch,holdout,mdi_with_delta,8,25,0.524,0.027644017153774562,0.13999999999999999,0.05180510028410325,0.14999999999999997,10
distributional,switch,holdout,predicate_match,0,10,0.17,0.03016209550472132,0.0,0.0,0.14999999999999997,10
distributional,switch,holdout,predicate_match,1,10,0.27999999999999997,0.045243143257081966,0.0,0.0,0.14999999999999997,10
distributional,switch,holdout,predicate_match,2,10,0.5900000000000001,0.07872538050508089,0.5900000000000001,0.07872538050508089,0.14999999999999997,10
distributional,switch,holdout,predicate_match,3,10,1.0,0.0,1.0,0.0,0.14999999999999997,10
distributional,switch,holdout,predicate_match,4,10,0.7150000000000001,0.07917550069989347,0.7150000000000001,0.07917550069989347,0.14999999999999997,10
distributional,switch,holdout,predicate_match,5,10,0.0,0.0,-0.7150000000000001,0.07917550069989347,0.14999999999999997,10
distributional,switch,holdout,predicate_match,6,10,0.36500000000000005,0.08095095683631574,-0.27,0.16190191367263151,0.14999999999999997,10
distributional,switch,holdout,predicate_match,7,10,0.5349999999999999,0.11687812008079512,0.17,0.17128777588858682,0.14999999999999997,10
distributional,switch,holdout,predicate_match,8,5,1.0,0.0,1.0,0.0,0.14999999999999997,10
distributional,switch,holdout,predicate_match,8,10,1.0,0.0,1.0,0.0,0.14999999999999997,10
distributional,switch,holdout,predicate_match,8,25,0.5999999999999999,8.371663225071135e-17,0.242,0.020733012865330913,0.14999999999999997,10
distributional,switch,holdout,random,0,10,0.15,0.06744449589239769,0.0,0.0,0.14999999999999997,10
distributional,switch,holdout,random,1,10,0.15,0.06744449589239769,0.0,0.0,0.14999999999999997,10
distributional,switch,holdout,random,2,10,0.15,0.06744449589239769,0.0,0.0,0.14999999999999997,10
distributional,switch,holdout,random,3,10,0.15,0.06744449589239769,0.0,0.0,0.14999999999999997,10
distributional,switch,holdout,random,4,10,0.15,0.06744449589239769,0.0,0.0,0.14999999999999997,10
distributional,switch,holdout,random,5,10,0.15,0.06744449589239769,0.0,0.0,0.14999999999999997,10
distributional,switch,holdout,random,6,10,0.15,0.06744449589239769,0.0,0.0,0.14999999999999997,10
distributional,switch,holdout,random,7,10,0.15,0.06744449589239769,0.0,0.0,0.14999999999999997,10
distributional,switch,holdout,random,8,5,0.15,0.10256221312228223,0.0,0.0,0.14999999999999997,10
distributional,switch,holdout,random,8,10,0.15,0.06744449589239769,0.0,0.0,0.14999999999999997,10
distributional,switch,holdout,random,8,25,0.15200000000000002,0.02797117667354914,0.0,0.0,0.14999999999999997,10
distributional,switch,holdout,recurrence,0,10,0.17,0.03016209550472132,0.0,0.0,0.14999999999999997,10
distributional,switch,holdout,recurrence,1,10,0.17,0.03016209550472132,0.0,0.0,0.14999999999999997,10
distributional,switch,holdout,recurrence,2,10,0.17,0.03016209550472132,0.0,0.0,0.14999999999999997,10
distributional,switch,holdout,recurrence,3,10,0.17,0.03016209550472132,0.0,0.0,0.14999999999999997,10
distributional,switch,holdout,recurrence,4,10,0.17,0.03016209550472132,0.0,0.0,0.14999999999999997,10
distributional,switch,holdout,recurrence,5,10,0.17,0.03016209550472132,0.0,0.0,0.14999999999999997,10
distributional,switch,holdout,recurrence,6,10,0.17,0.03016209550472132,0.0,0.0,0.14999999999999997,10
distributional,switch,holdout,recurrence,7,10,0.17,0.03016209550472132,0.0,0.0,0.14999999999999997,10
distributional,switch,holdout,recurrence,8,5,0.15,0.06079364704696508,0.0,0.0,0.14999999999999997,10
distributional,switch,holdout,recurrence,8,10,0.17,0.03016209550472132,0.0,0.0,0.14999999999999997,10
distributional,switch,holdout,recurrence,8,25,0.15200000000000002,0.018097257302832792,0.0,0.0,0.14999999999999997,10
distributional,switch,holdout,similarity,0,10,0.005,0.011310785814270492,0.0,0.0,0.14999999999999997,10
distributional,switch,holdout,similarity,1,10,0.005,0.011310785814270492,0.0,0.0,0.14999999999999997,10
distributional,switch,holdout,similarity,2,10,0.005,0.011310785814270492,0.0,0.0,0.14999999999999997,10
distributional,switch,holdout,similarity,3,10,0.005,0.011310785814270492,0.0,0.0,0.14999999999999997,10
distributional,switch,holdout,similarity,4,10,0.005,0.011310785814270492,0.0,0.0,0.14999999999999997,10
distributional,switch,holdout,similarity,5,10,0.005,0.011310785814270492,0.0,0.0,0.14999999999999997,10
distributional,switch,holdout,similarity,6,10,0.005,0.011310785814270492,0.0,0.0,0.14999999999999997,10
distributional,switch,holdout,similarity,7,10,0.005,0.011310785814270492,0.0,0.0,0.14999999999999997,10
distributional,switch,holdout,similarity,8,5,0.0,0.0,0.0,0.0,0.14999999999999997,10
distributional,switch,holdout,similarity,8,10,0.005,0.011310785814270492,0.0,0.0,0.14999999999999997,10
distributional,switch,holdout,similarity,8,25,0.044,0.02111346685330492,0.0,0.0,0.14999999999999997,10
distributional,switch,holdout,value_profile,0,10,0.17,0.03016209550472132,0.0,0.0,0.14999999999999997,10
distributional,switch,holdout,value_profile,1,10,0.24000000000000005,0.03694087177983073,0.0,0.0,0.14999999999999997,10
distributional,switch,holdout,value_profile,2,10,0.875,0.0636493471947376,0.875,0.0636493471947376,0.14999999999999997,10
distributional,switch,holdout,value_profile,3,10,0.915,0.05072368667405657,0.915,0.05072368667405657,0.14999999999999997,10
distributional,switch,holdout,value_profile,4,10,0.8800000000000001,0.06573676311525131,0.8800000000000001,0.06573676311525131,0.14999999999999997,10
distributional,switch,holdout,value_profile,5,10,0.0,0.0,-0.8949999999999999,0.04282194397214668,0.14999999999999997,10
distributional,switch,holdout,value_profile,6,10,0.35500000000000004,0.07809085356235448,-0.23500000000000001,0.13388411958915886,0.14999999999999997,10
distributional,switch,holdout,value_profile,7,10,0.6,0.06952019510772305,0.25500000000000006,0.15402800560788688,0.14999999999999997,10
distributional,switch,holdout,value_profile,8,5,0.95,0.050583371919298264,0.95,0.050583371919298264,0.14999999999999997,10
distributional,switch,holdout,value_profile,8,10,0.8950000000000001,0.0460219120331815,0.865,0.05853020497757158,0.14999999999999997,10
distributional,switch,holdout,value_profile,8,25,0.5999999999999999,8.371663225071135e-17,0.2919999999999999,0.03452209621183319,0.14999999999999997,10
shared,ambiguous,exposed,association_only,0,10,0.38999999999999996,0.05278366713326231,0.0,0.0,0.14999999999999997,10
shared,ambiguous,exposed,association_only,1,10,0.39,0.0527836671332623,0.0,0.0,0.14999999999999997,10
shared,ambiguous,exposed,association_only,2,10,0.42000000000000004,0.04198386011486573,0.0,0.0,0.14999999999999997,10
shared,ambiguous,exposed,association_only,3,10,0.42000000000000004,0.048282911194511356,0.0,0.0,0.14999999999999997,10
shared,ambiguous,exposed,association_only,4,10,0.47000000000000003,0.04828291119451134,0.0,0.0,0.14999999999999997,10
shared,ambiguous,exposed,association_only,5,10,0.4600000000000001,0.036940871779830735,0.0,0.0,0.14999999999999997,10
shared,ambiguous,exposed,association_only,6,10,0.495,0.01131078581427049,0.0,0.0,0.14999999999999997,10
shared,ambiguous,exposed,association_only,7,10,0.6849999999999999,0.0585302049775716,0.4,0.11922615099805667,0.14999999999999997,10
shared,ambiguous,exposed,association_only,8,5,0.55,0.060793647046965056,0.10999999999999999,0.11898745976565833,0.14999999999999997,10
shared,ambiguous,exposed,association_only,8,10,0.6000000000000001,0.050583371919298264,0.225,0.09722598381813671,0.14999999999999997,10
shared,ambiguous,exposed,association_only,8,25,0.488,0.01931316447780455,0.10599999999999998,0.03307531989711069,0.14999999999999997,10
shared,ambiguous,exposed,clustering,0,10,0.15,0.03372224794619885,0.0,0.0,0.14999999999999997,10
shared,ambiguous,exposed,clustering,1,10,0.15,0.03372224794619885,0.0,0.0,0.14999999999999997,10
shared,ambiguous,exposed,clustering,2,10,0.15,0.03372224794619885,0.0,0.0,0.14999999999999997,10
shared,ambiguous,exposed,clustering,3,10,0.15,0.03372224794619885,0.0,0.0,0.14999999999999997,10
shared,ambiguous,exposed,clustering,4,10,0.15,0.03372224794619885,0.0,0.0,0.14999999999999997,10
shared,ambiguous,exposed,clustering,5,10,0.15,0.03372224794619885,0.0,0.0,0.14999999999999997,10
shared,ambiguous,exposed,clustering,6,10,0.15,0.03372224794619885,0.0,0.0,0.14999999999999997,10
shared,ambiguous,exposed,clustering,7,10,0.15,0.03372224794619885,0.0,0.0,0.14999999999999997,10
shared,ambiguous,exposed,clustering,8,5,0.18,0.04524314325708199,0.0,0.0,0.14999999999999997,10
shared,ambiguous,exposed,clustering,8,10,0.15,0.03372224794619885,0.0,0.0,0.14999999999999997,10
shared,ambiguous,exposed,clustering,8,25,0.15,0.013904039021544606,0.0,0.0,0.14999999999999997,10
shared,ambiguous,exposed,competing_models,0,10,0.14000000000000004,0.03286838155762566,0.0,0.0,0.14999999999999997,10
shared,ambiguous,exposed,competing_models,1,10,0.33499999999999996,0.06541159988584007,0.0,0.0,0.14999999999999997,10
shared,ambiguous,exposed,competing_models,2,10,0.32,0.0588933741601038,0.0,0.0,0.14999999999999997,10
shared,ambiguous,exposed,competing_models,3,10,0.34500000000000003,0.061836893494153375,0.0,0.0,0.14999999999999997,10
shared,ambiguous,exposed,competing_models,4,10,0.36,0.0787253805050809,0.0,0.0,0.14999999999999997,10
shared,ambiguous,exposed,competing_models,5,10,0.375,0.07397788119767551,0.0,0.0,0.14999999999999997,10
shared,ambiguous,exposed,competing_models,6,10,0.5,0.0,0.0,0.0,0.14999999999999997,10
shared,ambiguous,exposed,competing_models,7,10,0.78,0.053850111575460345,0.5900000000000001,0.10502734436081707,0.14999999999999997,10
shared,ambiguous,exposed,competing_models,8,5,0.6399999999999999,0.09048628651416393,0.27999999999999997,0.18097257302832787,0.14999999999999997,10
shared,ambiguous,exposed,competing_models,8,10,0.78,0.06992794168387287,0.5700000000000001,0.13404328443980182,0.14999999999999997,10
shared,ambiguous,exposed,competing_models,8,25,0.5740000000000001,0.023412081991028635,0.23400000000000004,0.06256363162834769,0.14999999999999997,10
shared,ambiguous,exposed,context_oracle,0,10,0.26999999999999996,0.03016209550472131,0.0,0.0,0.14999999999999997,10
shared,ambiguous,exposed,context_oracle,1,10,0.305,0.04602191203318153,0.0,0.0,0.14999999999999997,10
shared,ambiguous,exposed,context_oracle,2,10,0.325,0.05655392907135247,0.0,0.0,0.14999999999999997,10
shared,ambiguous,exposed,context_oracle,3,10,0.305,0.04901340519517213,0.0,0.0,0.14999999999999997,10
shared,ambiguous,exposed,context_oracle,4,10,0.355,0.05183253216332726,0.0,0.0,0.14999999999999997,10
shared,ambiguous,exposed,context_oracle,5,10,0.30999999999999994,0.047090556513621484,0.0,0.0,0.14999999999999997,10
shared,ambiguous,exposed,context_oracle,6,10,0.27,0.05385011157546032,0.0,0.0,0.14999999999999997,10
shared,ambiguous,exposed,context_oracle,7,10,0.31500000000000006,0.0294466870800519,0.0,0.0,0.14999999999999997,10
shared,ambiguous,exposed,context_oracle,8,5,0.3,0.07540523876180329,0.0,0.0,0.14999999999999997,10
shared,ambiguous,exposed,context_oracle,8,10,0.30000000000000004,0.05058337191929827,0.0,0.0,0.14999999999999997,10
shared,ambiguous,exposed,context_oracle,8,25,0.308,0.022571245489164313,0.0,0.0,0.14999999999999997,10
shared,ambiguous,exposed,delta_only,0,10,0.205,0.039362690252540446,0.0,0.0,0.14999999999999997,10
shared,ambiguous,exposed,delta_only,1,10,0.275,0.034760097553861516,0.0,0.0,0.14999999999999997,10
shared,ambiguous,exposed,delta_only,2,10,0.30499999999999994,0.03936269025254045,0.0,0.0,0.14999999999999997,10
shared,ambiguous,exposed,delta_only,3,10,0.29,0.06486603906680426,0.0,0.0,0.14999999999999997,10
shared,ambiguous,exposed,delta_only,4,10,0.30499999999999994,0.0640944529475328,0.0,0.0,0.14999999999999997,10
shared,ambiguous,exposed,delta_only,5,10,0.30499999999999994,0.0640944529475328,0.0,0.0,0.14999999999999997,10
shared,ambiguous,exposed,delta_only,6,10,0.41000000000000003,0.022621571628540983,0.0,0.0,0.14999999999999997,10
shared,ambiguous,exposed,delta_only,7,10,0.6449999999999999,0.046021912033181525,0.465,0.09242910755908365,0.14999999999999997,10
shared,ambiguous,exposed,delta_only,8,5,0.6799999999999999,0.07388174355966146,0.51,0.1367727151432763,0.14999999999999997,10
shared,ambiguous,exposed,delta_only,8,10,0.5399999999999999,0.055411307669746085,0.25999999999999995,0.1153478351620674,0.14999999999999997,10
shared,ambiguous,exposed,delta_only,8,25,0.276,0.03149015220203235,0.026000000000000002,0.03758177734126981,0.14999999999999997,10
shared,ambiguous,exposed,frequency,0,10,0.27999999999999997,0.05385011157546032,0.0,0.0,0.14999999999999997,10
shared,ambiguous,exposed,frequency,1,10,0.275,0.056553929071352455,0.0,0.0,0.14999999999999997,10
shared,ambiguous,exposed,frequency,2,10,0.27,0.06353758354890779,0.0,0.0,0.14999999999999997,10
shared,ambiguous,exposed,frequency,3,10,0.275,0.06137541769047296,0.0,0.0,0.14999999999999997,10
shared,ambiguous,exposed,frequency,4,10,0.275,0.056553929071352455,0.0,0.0,0.14999999999999997,10
shared,ambiguous,exposed,frequency,5,10,0.27999999999999997,0.05385011157546032,0.0,0.0,0.14999999999999997,10
shared,ambiguous,exposed,frequency,6,10,0.275,0.06137541769047296,0.0,0.0,0.14999999999999997,10
shared,ambiguous,exposed,frequency,7,10,0.27999999999999997,0.05385011157546032,0.0,0.0,0.14999999999999997,10
shared,ambiguous,exposed,frequency,8,5,0.27,0.08953876002124236,0.0,0.0,0.14999999999999997,10
shared,ambiguous,exposed,frequency,8,10,0.27999999999999997,0.05385011157546032,0.0,0.0,0.14999999999999997,10
shared,ambiguous,exposed,frequency,8,25,0.28800000000000003,0.04329075109981364,0.0,0.0,0.14999999999999997,10
shared,ambiguous,exposed,mdi,0,10,0.315,0.06541159988584007,0.0,0.0,0.14999999999999997,10
shared,ambiguous,exposed,mdi,1,10,0.37999999999999995,0.061259505561163406,0.0,0.0,0.14999999999999997,10
shared,ambiguous,exposed,mdi,2,10,0.41,0.06032419100944262,0.0,0.0,0.14999999999999997,10
shared,ambiguous,exposed,mdi,3,10,0.41500000000000004,0.06320110677819657,0.0,0.0,0.14999999999999997,10
shared,ambiguous,exposed,mdi,4,10,0.45999999999999996,0.040606963805363765,0.0,0.0,0.14999999999999997,10
shared,ambiguous,exposed,mdi,5,10,0.425,0.05655392907135247,0.0,0.0,0.14999999999999997,10
shared,ambiguous,exposed,mdi,6,10,0.48,0.018470435889915378,0.0,0.0,0.14999999999999997,10
shared,ambiguous,exposed,mdi,7,10,0.6799999999999999,0.06786471488562297,0.40499999999999997,0.1394996917093361,0.14999999999999997,10
shared,ambiguous,exposed,mdi,8,5,0.52,0.030162095504721327,0.06000000000000001,0.06911004288443637,0.14999999999999997,10
shared,ambiguous,exposed,mdi,8,10,0.58,0.04524314325708196,0.20500000000000002,0.0883400612401557,0.14999999999999997,10
shared,ambiguous,exposed,mdi,8,25,0.476,0.036817529626545234,0.118,0.06343010518007912,0.14999999999999997,10
shared,ambiguous,exposed,mdi_decay0,0,10,0.315,0.06541159988584007,0.0,0.0,0.14999999999999997,10
shared,ambiguous,exposed,mdi_decay0,1,10,0.38499999999999995,0.056048973167046684,0.0,0.0,0.14999999999999997,10
shared,ambiguous,exposed,mdi_decay0,2,10,0.41,0.06032419100944262,0.0,0.0,0.14999999999999997,10
shared,ambiguous,exposed,mdi_decay0,3,10,0.41,0.0527836671332623,0.0,0.0,0.14999999999999997,10
shared,ambiguous,exposed,mdi_decay0,4,10,0.46499999999999997,0.041472881318991815,0.0,0.0,0.14999999999999997,10
shared,ambiguous,exposed,mdi_decay0,5,10,0.425,0.053981935791256486,0.0,0.0,0.14999999999999997,10
shared,ambiguous,exposed,mdi_decay0,6,10,0.475,0.02529168595964914,0.0,0.0,0.14999999999999997,10
shared,ambiguous,exposed,mdi_decay0,7,10,0.625,0.07002950737528382,0.3,0.14406150637642468,0.14999999999999997,10
shared,ambiguous,exposed,mdi_decay0,8,5,0.52,0.030162095504721306,0.04999999999999999,0.060793647046965056,0.14999999999999997,10
shared,ambiguous,exposed,mdi_decay0,8,10,0.5650000000000001,0.0585302049775716,0.17,0.1158397258164485,0.14999999999999997,10
shared,ambiguous,exposed,mdi_decay0,8,25,0.45999999999999996,0.034390080063976425,0.08399999999999999,0.05871933327145477,0.14999999999999997,10
shared,ambiguous,exposed,mdi_decay020,0,10,0.315,0.06541159988584007,0.0,0.0,0.14999999999999997,10
shared,ambiguous,exposed,mdi_decay020,1,10,0.38499999999999995,0.06320110677819656,0.0,0.0,0.14999999999999997,10
shared,ambiguous,exposed,mdi_decay020,2,10,0.40499999999999997,0.05183253216332725,0.0,0.0,0.14999999999999997,10
shared,ambiguous,exposed,mdi_decay020,3,10,0.4,0.06308854906325863,0.0,0.0,0.14999999999999997,10
shared,ambiguous,exposed,mdi_decay020,4,10,0.45,0.047690460399222645,0.0,0.0,0.14999999999999997,10
shared,ambiguous,exposed,mdi_decay020,5,10,0.43499999999999994,0.05345268834627583,0.0,0.0,0.14999999999999997,10
shared,ambiguous,exposed,mdi_decay020,6,10,0.485,0.01727751072110909,0.0,0.0,0.14999999999999997,10
shared,ambiguous,exposed,mdi_decay020,7,10,0.705,0.06838635757163816,0.49000000000000005,0.11898745976565833,0.14999999999999997,10
shared,ambiguous,exposed,mdi_decay020,8,5,0.53,0.048282911194511356,0.09,0.09802681039034426,0.14999999999999997,10
shared,ambiguous,exposed,mdi_decay020,8,10,0.5599999999999999,0.04396843198393993,0.18500000000000003,0.07735930719339855,0.14999999999999997,10
shared,ambiguous,exposed,mdi_decay020,8,25,0.49400000000000005,0.038182163223036185,0.15599999999999997,0.06283568812962849,0.14999999999999997,10
shared,ambiguous,exposed,mdi_no_novelty,0,10,0.30000000000000004,0.05840864678825162,0.0,0.0,0.14999999999999997,10
shared,ambiguous,exposed,mdi_no_novelty,1,10,0.37999999999999995,0.061259505561163406,0.0,0.0,0.14999999999999997,10
shared,ambiguous,exposed,mdi_no_novelty,2,10,0.43,0.05114232117388981,0.0,0.0,0.14999999999999997,10
shared,ambiguous,exposed,mdi_no_novelty,3,10,0.41500000000000004,0.0560489731670467,0.0,0.0,0.14999999999999997,10
shared,ambiguous,exposed,mdi_no_novelty,4,10,0.475,0.030396823523482528,0.0,0.0,0.14999999999999997,10
shared,ambiguous,exposed,mdi_no_novelty,5,10,0.41500000000000004,0.05072368667405658,0.0,0.0,0.14999999999999997,10
shared,ambiguous,exposed,mdi_no_novelty,6,10,0.495,0.011310785814270504,0.0,0.0,0.14999999999999997,10
shared,ambiguous,exposed,mdi_no_novelty,7,10,0.7300000000000001,0.06125950556116342,0.49000000000000005,0.12481787968742819,0.14999999999999997,10
shared,ambiguous,exposed,mdi_no_novelty,8,5,0.6399999999999999,0.0768985567747116,0.3,0.15081047752360657,0.14999999999999997,10
shared,ambiguous,exposed,mdi_no_novelty,8,10,0.6150000000000001,0.050723686674056544,0.255,0.09896488736601511,0.14999999999999997,10
shared,ambiguous,exposed,mdi_no_novelty,8,25,0.47000000000000003,0.04060696380536377,0.13599999999999998,0.06601296921878386,0.14999999999999997,10
shared,ambiguous,exposed,mdi_original,0,10,0.24000000000000005,0.07113715997370754,0.0,0.0,0.14999999999999997,10
shared,ambiguous,exposed,mdi_original,1,10,0.325,0.06584479402316085,0.0,0.0,0.14999999999999997,10
shared,ambiguous,exposed,mdi_original,2,10,0.225,0.05655392907135247,0.0,0.0,0.14999999999999997,10
shared,ambiguous,exposed,mdi_original,3,10,0.36,0.0787253805050809,0.0,0.0,0.14999999999999997,10
shared,ambiguous,exposed,mdi_original,4,10,0.45999999999999996,0.05001817684001294,0.0,0.0,0.14999999999999997,10
shared,ambiguous,exposed,mdi_original,5,10,0.315,0.089300307507288,0.0,0.0,0.14999999999999997,10
shared,ambiguous,exposed,mdi_original,6,10,0.475,0.034760097553861516,0.0,0.0,0.14999999999999997,10
shared,ambiguous,exposed,mdi_original,7,10,0.5,0.0,0.004999999999999999,0.01131078581427049,0.14999999999999997,10
shared,ambiguous,exposed,mdi_original,8,5,0.5,0.0,0.0,0.0,0.14999999999999997,10
shared,ambiguous,exposed,mdi_original,8,10,0.5,0.0,0.049999999999999996,0.04130115022390258,0.14999999999999997,10
shared,ambiguous,exposed,mdi_original,8,25,0.266,0.02341208199102864,0.001999999999999999,0.004524314325708195,0.14999999999999997,10
shared,ambiguous,exposed,mdi_reset,0,10,0.315,0.06541159988584007,0.0,0.0,0.14999999999999997,10
shared,ambiguous,exposed,mdi_reset,1,10,0.315,0.06541159988584007,0.0,0.0,0.14999999999999997,10
shared,ambiguous,exposed,mdi_reset,2,10,0.315,0.06541159988584007,0.0,0.0,0.14999999999999997,10
shared,ambiguous,exposed,mdi_reset,3,10,0.315,0.06541159988584007,0.0,0.0,0.14999999999999997,10
shared,ambiguous,exposed,mdi_reset,4,10,0.315,0.06541159988584007,0.0,0.0,0.14999999999999997,10
shared,ambiguous,exposed,mdi_reset,5,10,0.315,0.06541159988584007,0.0,0.0,0.14999999999999997,10
shared,ambiguous,exposed,mdi_reset,6,10,0.315,0.06541159988584007,0.0,0.0,0.14999999999999997,10
shared,ambiguous,exposed,mdi_reset,7,10,0.315,0.06541159988584007,0.0,0.0,0.14999999999999997,10
shared,ambiguous,exposed,mdi_reset,8,5,0.32999999999999996,0.06786471488562297,0.0,0.0,0.14999999999999997,10
shared,ambiguous,exposed,mdi_reset,8,10,0.315,0.06541159988584007,0.0,0.0,0.14999999999999997,10
shared,ambiguous,exposed,mdi_reset,8,25,0.31199999999999994,0.030312530829481866,0.0,0.0,0.14999999999999997,10
shared,ambiguous,exposed,mdi_with_delta,0,10,0.31500000000000006,0.05072368667405657,0.0,0.0,0.14999999999999997,10
shared,ambiguous,exposed,mdi_with_delta,1,10,0.37999999999999995,0.061259505561163406,0.0,0.0,0.14999999999999997,10
shared,ambiguous,exposed,mdi_with_delta,2,10,0.42000000000000004,0.04828291119451135,0.0,0.0,0.14999999999999997,10
shared,ambiguous,exposed,mdi_with_delta,3,10,0.40499999999999997,0.05450604454644074,0.0,0.0,0.14999999999999997,10
shared,ambiguous,exposed,mdi_with_delta,4,10,0.445,0.03936269025254045,0.0,0.0,0.14999999999999997,10
shared,ambiguous,exposed,mdi_with_delta,5,10,0.42000000000000004,0.0384492783873558,0.0,0.0,0.14999999999999997,10
shared,ambiguous,exposed,mdi_with_delta,6,10,0.485,0.017277510721109102,0.0,0.0,0.14999999999999997,10
shared,ambiguous,exposed,mdi_with_delta,7,10,0.7300000000000001,0.061259505561163406,0.495,0.13324555893981024,0.14999999999999997,10
shared,ambiguous,exposed,mdi_with_delta,8,5,0.6599999999999999,0.06032419100944264,0.35,0.12275083538094596,0.14999999999999997,10
shared,ambiguous,exposed,mdi_with_delta,8,10,0.545,0.026391833566631166,0.13000000000000006,0.05385011157546034,0.14999999999999997,10
shared,ambiguous,exposed,mdi_with_delta,8,25,0.4680000000000001,0.04919288905855778,0.188,0.0763643264460724,0.14999999999999997,10
shared,ambiguous,exposed,predicate_match,0,10,0.14000000000000004,0.03286838155762566,0.0,0.0,0.14999999999999997,10
shared,ambiguous,exposed,predicate_match,1,10,0.23999999999999994,0.0527836671332623,0.0,0.0,0.14999999999999997,10
shared,ambiguous,exposed,predicate_match,2,10,0.29,0.05791986290822424,0.0,0.0,0.14999999999999997,10
shared,ambiguous,exposed,predicate_match,3,10,0.24500000000000005,0.059493729882829166,0.0,0.0,0.14999999999999997,10
shared,ambiguous,exposed,predicate_match,4,10,0.265,0.050723686674056565,0.0,0.0,0.14999999999999997,10
shared,ambiguous,exposed,predicate_match,5,10,0.29,0.05791986290822424,0.0,0.0,0.14999999999999997,10
shared,ambiguous,exposed,predicate_match,6,10,0.335,0.04476938001062118,0.0,0.0,0.14999999999999997,10
shared,ambiguous,exposed,predicate_match,7,10,1.0,0.0,1.0,0.0,0.14999999999999997,10
shared,ambiguous,exposed,predicate_match,8,5,0.93,0.06786471488562297,0.8699999999999999,0.1170604099551432,0.14999999999999997,10
shared,ambiguous,exposed,predicate_match,8,10,0.5349999999999999,0.05604897316704667,0.325,0.08472609938097443,0.14999999999999997,10
shared,ambiguous,exposed,predicate_match,8,25,0.48200000000000004,0.07309253484965478,0.258,0.0864895130235593,0.14999999999999997,10
shared,ambiguous,exposed,random,0,10,0.16,0.04709055651362149,0.0,0.0,0.14999999999999997,10
shared,ambiguous,exposed,random,1,10,0.16,0.04709055651362149,0.0,0.0,0.14999999999999997,10
shared,ambiguous,exposed,random,2,10,0.16,0.04709055651362149,0.0,0.0,0.14999999999999997,10
shared,ambiguous,exposed,random,3,10,0.16,0.04709055651362149,0.0,0.0,0.14999999999999997,10
shared,ambiguous,exposed,random,4,10,0.16,0.04709055651362149,0.0,0.0,0.14999999999999997,10
shared,ambiguous,exposed,random,5,10,0.16,0.04709055651362149,0.0,0.0,0.14999999999999997,10
shared,ambiguous,exposed,random,6,10,0.16,0.04709055651362149,0.0,0.0,0.14999999999999997,10
shared,ambiguous,exposed,random,7,10,0.16,0.04709055651362149,0.0,0.0,0.14999999999999997,10
shared,ambiguous,exposed,random,8,5,0.15,0.06079364704696508,0.0,0.0,0.14999999999999997,10
shared,ambiguous,exposed,random,8,10,0.16,0.04709055651362149,0.0,0.0,0.14999999999999997,10
shared,ambiguous,exposed,random,8,25,0.174,0.031670200279957386,0.0,0.0,0.14999999999999997,10
shared,ambiguous,exposed,recurrence,0,10,0.14000000000000004,0.03286838155762566,0.0,0.0,0.14999999999999997,10
shared,ambiguous,exposed,recurrence,1,10,0.23500000000000001,0.06754979571591212,0.0,0.0,0.14999999999999997,10
shared,ambiguous,exposed,recurrence,2,10,0.28500000000000003,0.0696223556258885,0.0,0.0,0.14999999999999997,10
shared,ambiguous,exposed,recurrence,3,10,0.30000000000000004,0.06744449589239769,0.0,0.0,0.14999999999999997,10
shared,ambiguous,exposed,recurrence,4,10,0.29,0.08051076348728783,0.0,0.0,0.14999999999999997,10
shared,ambiguous,exposed,recurrence,5,10,0.28500000000000003,0.08095095683631574,0.0,0.0,0.14999999999999997,10
shared,ambiguous,exposed,recurrence,6,10,0.325,0.04215280993274855,0.0,0.0,0.14999999999999997,10
shared,ambiguous,exposed,recurrence,7,10,0.6249999999999999,0.05128110656114108,0.45,0.053319555665461794,0.14999999999999997,10
shared,ambiguous,exposed,recurrence,8,5,0.5900000000000001,0.10901208909288149,0.4000000000000001,0.11681729357650324,0.14999999999999997,10
shared,ambiguous,exposed,recurrence,8,10,0.55,0.047690460399222645,0.31999999999999995,0.034555021442218184,0.14999999999999997,10
shared,ambiguous,exposed,recurrence,8,25,0.43200000000000005,0.021540044630184125,0.196,0.02845486398948302,0.14999999999999997,10
shared,ambiguous,exposed,similarity,0,10,0.25,0.07153569059883398,0.0,0.0,0.14999999999999997,10
shared,ambiguous,exposed,similarity,1,10,0.25,0.07153569059883398,0.0,0.0,0.14999999999999997,10
shared,ambiguous,exposed,similarity,2,10,0.25,0.07153569059883398,0.0,0.0,0.14999999999999997,10
shared,ambiguous,exposed,similarity,3,10,0.25,0.07153569059883398,0.0,0.0,0.14999999999999997,10
shared,ambiguous,exposed,similarity,4,10,0.25,0.07153569059883398,0.0,0.0,0.14999999999999997,10
shared,ambiguous,exposed,similarity,5,10,0.25,0.07153569059883398,0.0,0.0,0.14999999999999997,10
shared,ambiguous,exposed,similarity,6,10,0.25,0.07153569059883398,0.0,0.0,0.14999999999999997,10
shared,ambiguous,exposed,similarity,7,10,0.25,0.07153569059883398,0.0,0.0,0.14999999999999997,10
shared,ambiguous,exposed,similarity,8,5,0.19,0.09204382406636306,0.0,0.0,0.14999999999999997,10
shared,ambiguous,exposed,similarity,8,10,0.25,0.07153569059883398,0.0,0.0,0.14999999999999997,10
shared,ambiguous,exposed,similarity,8,25,0.23599999999999993,0.039210724156137716,0.0,0.0,0.14999999999999997,10
shared,ambiguous,exposed,value_profile,0,10,0.14000000000000004,0.03286838155762566,0.0,0.0,0.14999999999999997,10
shared,ambiguous,exposed,value_profile,1,10,0.31000000000000005,0.06263629556878302,0.0,0.0,0.14999999999999997,10
shared,ambiguous,exposed,value_profile,2,10,0.31,0.06032419100944262,0.0,0.0,0.14999999999999997,10
shared,ambiguous,exposed,value_profile,3,10,0.35500000000000004,0.0762488288989468,0.0,0.0,0.14999999999999997,10
shared,ambiguous,exposed,value_profile,4,10,0.365,0.0585302049775716,0.0,0.0,0.14999999999999997,10
shared,ambiguous,exposed,value_profile,5,10,0.32500000000000007,0.08130139551718839,0.0,0.0,0.14999999999999997,10
shared,ambiguous,exposed,value_profile,6,10,0.465,0.03789066353685235,0.0,0.0,0.14999999999999997,10
shared,ambiguous,exposed,value_profile,7,10,0.73,0.05385011157546034,0.465,0.10670573996056135,0.14999999999999997,10
shared,ambiguous,exposed,value_profile,8,5,0.6499999999999999,0.06079364704696508,0.29999999999999993,0.12158729409393015,0.14999999999999997,10
shared,ambiguous,exposed,value_profile,8,10,0.58,0.03844927838735579,0.17500000000000002,0.07002950737528382,0.14999999999999997,10
shared,ambiguous,exposed,value_profile,8,25,0.45199999999999996,0.018097257302832775,0.12999999999999998,0.023605573562339187,0.14999999999999997,10
shared,ambiguous,holdout,association_only,0,10,0.38999999999999996,0.05278366713326231,0.0,0.0,0.14999999999999997,10
shared,ambiguous,holdout,association_only,1,10,0.38499999999999995,0.06320110677819657,0.0,0.0,0.14999999999999997,10
shared,ambiguous,holdout,association_only,2,10,0.40499999999999997,0.03936269025254045,0.0,0.0,0.14999999999999997,10
shared,ambiguous,holdout,association_only,3,10,0.42000000000000004,0.06353758354890779,0.0,0.0,0.14999999999999997,10
shared,ambiguous,holdout,association_only,4,10,0.45,0.07726737690876266,0.0,0.0,0.14999999999999997,10
shared,ambiguous,holdout,association_only,5,10,0.44499999999999995,0.042821943972146705,0.0,0.0,0.14999999999999997,10
shared,ambiguous,holdout,association_only,6,10,0.485,0.01727751072110909,0.0,0.0,0.14999999999999997,10
shared,ambiguous,holdout,association_only,7,10,0.595,0.08337310066805585,0.215,0.17116324822698736,0.14999999999999997,10
shared,ambiguous,holdout,association_only,8,5,0.54,0.03694087177983073,0.09,0.08564388794429338,0.14999999999999997,10
shared,ambiguous,holdout,association_only,8,10,0.555,0.04602191203318153,0.14,0.07689855677471162,0.14999999999999997,10
shared,ambiguous,holdout,association_only,8,25,0.45600000000000007,0.036194514605665584,0.05399999999999999,0.04576793628792682,0.14999999999999997,10
shared,ambiguous,holdout,clustering,0,10,0.15,0.03372224794619885,0.0,0.0,0.14999999999999997,10
shared,ambiguous,holdout,clustering,1,10,0.15,0.03372224794619885,0.0,0.0,0.14999999999999997,10
shared,ambiguous,holdout,clustering,2,10,0.15,0.03372224794619885,0.0,0.0,0.14999999999999997,10
shared,ambiguous,holdout,clustering,3,10,0.15,0.03372224794619885,0.0,0.0,0.14999999999999997,10
shared,ambiguous,holdout,clustering,4,10,0.15,0.03372224794619885,0.0,0.0,0.14999999999999997,10
shared,ambiguous,holdout,clustering,5,10,0.15,0.03372224794619885,0.0,0.0,0.14999999999999997,10
shared,ambiguous,holdout,clustering,6,10,0.15,0.03372224794619885,0.0,0.0,0.14999999999999997,10
shared,ambiguous,holdout,clustering,7,10,0.15,0.03372224794619885,0.0,0.0,0.14999999999999997,10
shared,ambiguous,holdout,clustering,8,5,0.18,0.04524314325708199,0.0,0.0,0.14999999999999997,10
shared,ambiguous,holdout,clustering,8,10,0.15,0.03372224794619885,0.0,0.0,0.14999999999999997,10
shared,ambiguous,holdout,clustering,8,25,0.15,0.013904039021544606,0.0,0.0,0.14999999999999997,10
shared,ambiguous,holdout,competing_models,0,10,0.14000000000000004,0.03286838155762566,0.0,0.0,0.14999999999999997,10
shared,ambiguous,holdout,competing_models,1,10,0.38,0.05385011157546034,0.0,0.0,0.14999999999999997,10
shared,ambiguous,holdout,competing_models,2,10,0.28500000000000003,0.05345268834627583,0.0,0.0,0.14999999999999997,10
shared,ambiguous,holdout,competing_models,3,10,0.32,0.10283903471380741,0.0,0.0,0.14999999999999997,10
shared,ambiguous,holdout,competing_models,4,10,0.32999999999999996,0.09111249666087447,0.0,0.0,0.14999999999999997,10
shared,ambiguous,holdout,competing_models,5,10,0.345,0.08671602457607377,0.0,0.0,0.14999999999999997,10
shared,ambiguous,holdout,competing_models,6,10,0.5,0.0,0.0,0.0,0.14999999999999997,10
shared,ambiguous,holdout,competing_models,7,10,0.6050000000000001,0.07436118884757448,0.24000000000000005,0.172610481059166,0.14999999999999997,10
shared,ambiguous,holdout,competing_models,8,5,0.5199999999999999,0.030162095504721306,0.039999999999999994,0.06032419100944261,0.14999999999999997,10
shared,ambiguous,holdout,competing_models,8,10,0.58,0.07578132707370468,0.185,0.17199172958386555,0.14999999999999997,10
shared,ambiguous,holdout,competing_models,8,25,0.518,0.04071882893137379,0.11000000000000001,0.10032014532446848,0.14999999999999997,10
shared,ambiguous,holdout,context_oracle,0,10,0.26999999999999996,0.03016209550472131,0.0,0.0,0.14999999999999997,10
shared,ambiguous,holdout,context_oracle,1,10,0.305,0.04602191203318153,0.0,0.0,0.14999999999999997,10
shared,ambiguous,holdout,context_oracle,2,10,0.325,0.05655392907135247,0.0,0.0,0.14999999999999997,10
shared,ambiguous,holdout,context_oracle,3,10,0.305,0.04901340519517213,0.0,0.0,0.14999999999999997,10
shared,ambiguous,holdout,context_oracle,4,10,0.355,0.05183253216332726,0.0,0.0,0.14999999999999997,10
shared,ambiguous,holdout,context_oracle,5,10,0.30999999999999994,0.047090556513621484,0.0,0.0,0.14999999999999997,10
shared,ambiguous,holdout,context_oracle,6,10,0.27,0.05385011157546032,0.0,0.0,0.14999999999999997,10
shared,ambiguous,holdout,context_oracle,7,10,0.31500000000000006,0.0294466870800519,0.0,0.0,0.14999999999999997,10
shared,ambiguous,holdout,context_oracle,8,5,0.3,0.07540523876180329,0.0,0.0,0.14999999999999997,10
shared,ambiguous,holdout,context_oracle,8,10,0.30000000000000004,0.05058337191929827,0.0,0.0,0.14999999999999997,10
shared,ambiguous,holdout,context_oracle,8,25,0.308,0.022571245489164313,0.0,0.0,0.14999999999999997,10
shared,ambiguous,holdout,delta_only,0,10,0.205,0.039362690252540446,0.0,0.0,0.14999999999999997,10
shared,ambiguous,holdout,delta_only,1,10,0.275,0.034760097553861516,0.0,0.0,0.14999999999999997,10
shared,ambiguous,holdout,delta_only,2,10,0.29,0.04396843198393992,0.0,0.0,0.14999999999999997,10
shared,ambiguous,holdout,delta_only,3,10,0.30500000000000005,0.04901340519517214,0.0,0.0,0.14999999999999997,10
shared,ambiguous,holdout,delta_only,4,10,0.28,0.06786471488562297,0.0,0.0,0.14999999999999997,10
shared,ambiguous,holdout,delta_only,5,10,0.29,0.06702164221990091,0.0,0.0,0.14999999999999997,10
shared,ambiguous,holdout,delta_only,6,10,0.34500000000000003,0.05450604454644075,0.0,0.0,0.14999999999999997,10
shared,ambiguous,holdout,delta_only,7,10,0.6249999999999999,0.10151740951340939,0.43499999999999994,0.15365841178044481,0.14999999999999997,10
shared,ambiguous,holdout,delta_only,8,5,0.68,0.12527259113756603,0.56,0.19430570814387077,0.14999999999999997,10
shared,ambiguous,holdout,delta_only,8,10,0.51,0.0670216422199009,0.27499999999999997,0.1121613322290846,0.14999999999999997,10
shared,ambiguous,holdout,delta_only,8,25,0.252,0.03886114162877415,0.017999999999999995,0.038419690635080564,0.14999999999999997,10
shared,ambiguous,holdout,frequency,0,10,0.27999999999999997,0.05385011157546032,0.0,0.0,0.14999999999999997,10
shared,ambiguous,holdout,frequency,1,10,0.275,0.056553929071352455,0.0,0.0,0.14999999999999997,10
shared,ambiguous,holdout,frequency,2,10,0.27,0.06353758354890779,0.0,0.0,0.14999999999999997,10
shared,ambiguous,holdout,frequency,3,10,0.275,0.06137541769047296,0.0,0.0,0.14999999999999997,10
shared,ambiguous,holdout,frequency,4,10,0.275,0.056553929071352455,0.0,0.0,0.14999999999999997,10
shared,ambiguous,holdout,frequency,5,10,0.27999999999999997,0.05385011157546032,0.0,0.0,0.14999999999999997,10
shared,ambiguous,holdout,frequency,6,10,0.275,0.06137541769047296,0.0,0.0,0.14999999999999997,10
shared,ambiguous,holdout,frequency,7,10,0.27999999999999997,0.05385011157546032,0.0,0.0,0.14999999999999997,10
shared,ambiguous,holdout,frequency,8,5,0.27,0.08953876002124236,0.0,0.0,0.14999999999999997,10
shared,ambiguous,holdout,frequency,8,10,0.27999999999999997,0.05385011157546032,0.0,0.0,0.14999999999999997,10
shared,ambiguous,holdout,frequency,8,25,0.28800000000000003,0.04329075109981364,0.0,0.0,0.14999999999999997,10
shared,ambiguous,holdout,mdi,0,10,0.315,0.06541159988584007,0.0,0.0,0.14999999999999997,10
shared,ambiguous,holdout,mdi,1,10,0.40499999999999997,0.05450604454644075,0.0,0.0,0.14999999999999997,10
shared,ambiguous,holdout,mdi,2,10,0.4,0.0446103408578504,0.0,0.0,0.14999999999999997,10
shared,ambiguous,holdout,mdi,3,10,0.39,0.06486603906680426,0.0,0.0,0.14999999999999997,10
shared,ambiguous,holdout,mdi,4,10,0.43,0.05385011157546034,0.0,0.0,0.14999999999999997,10
shared,ambiguous,holdout,mdi,5,10,0.43,0.03455502144221818,0.0,0.0,0.14999999999999997,10
shared,ambiguous,holdout,mdi,6,10,0.485,0.017277510721109102,0.0,0.0,0.14999999999999997,10
shared,ambiguous,holdout,mdi,7,10,0.6499999999999999,0.07726737690876266,0.3449999999999999,0.17066422894863342,0.14999999999999997,10
shared,ambiguous,holdout,mdi,8,5,0.57,0.04828291119451134,0.14999999999999997,0.11310785814270491,0.14999999999999997,10
shared,ambiguous,holdout,mdi,8,10,0.6050000000000001,0.04282194397214668,0.23500000000000004,0.07917550069989343,0.14999999999999997,10
shared,ambiguous,holdout,mdi,8,25,0.4720000000000001,0.03767244521089719,0.092,0.06649356920369534,0.14999999999999997,10
shared,ambiguous,holdout,mdi_decay0,0,10,0.315,0.06541159988584007,0.0,0.0,0.14999999999999997,10
shared,ambiguous,holdout,mdi_decay0,1,10,0.40499999999999997,0.05183253216332727,0.0,0.0,0.14999999999999997,10
shared,ambiguous,holdout,mdi_decay0,2,10,0.40499999999999997,0.05183253216332727,0.0,0.0,0.14999999999999997,10
shared,ambiguous,holdout,mdi_decay0,3,10,0.41,0.06486603906680426,0.0,0.0,0.14999999999999997,10
shared,ambiguous,holdout,mdi_decay0,4,10,0.43499999999999994,0.05072368667405657,0.0,0.0,0.14999999999999997,10
shared,ambiguous,holdout,mdi_decay0,5,10,0.43,0.048282911194511356,0.0,0.0,0.14999999999999997,10
shared,ambiguous,holdout,mdi_decay0,6,10,0.48,0.018470435889915378,0.0,0.0,0.14999999999999997,10
shared,ambiguous,holdout,mdi_decay0,7,10,0.6299999999999999,0.08121392761072753,0.29000000000000004,0.1742497436863227,0.14999999999999997,10
shared,ambiguous,holdout,mdi_decay0,8,5,0.5599999999999999,0.05001817684001293,0.12999999999999998,0.10690537669255162,0.14999999999999997,10
shared,ambiguous,holdout,mdi_decay0,8,10,0.6,0.06079364704696506,0.225,0.1108867302510398,0.14999999999999997,10
shared,ambiguous,holdout,mdi_decay0,8,25,0.458,0.03782307534076916,0.076,0.0663566101103869,0.14999999999999997,10
shared,ambiguous,holdout,mdi_decay020,0,10,0.315,0.06541159988584007,0.0,0.0,0.14999999999999997,10
shared,ambiguous,holdout,mdi_decay020,1,10,0.39999999999999997,0.06308854906325863,0.0,0.0,0.14999999999999997,10
shared,ambiguous,holdout,mdi_decay020,2,10,0.40499999999999997,0.03936269025254046,0.0,0.0,0.14999999999999997,10
shared,ambiguous,holdout,mdi_decay020,3,10,0.36,0.0787253805050809,0.0,0.0,0.14999999999999997,10
shared,ambiguous,holdout,mdi_decay020,4,10,0.43,0.038449278387355804,0.0,0.0,0.14999999999999997,10
shared,ambiguous,holdout,mdi_decay020,5,10,0.43499999999999994,0.03393235744281148,0.0,0.0,0.14999999999999997,10
shared,ambiguous,holdout,mdi_decay020,6,10,0.485,0.017277510721109102,0.0,0.0,0.14999999999999997,10
shared,ambiguous,holdout,mdi_decay020,7,10,0.68,0.06992794168387287,0.41000000000000003,0.14287253276078357,0.14999999999999997,10
shared,ambiguous,holdout,mdi_decay020,8,5,0.6199999999999999,0.07388174355966146,0.25,0.15545188206991703,0.14999999999999997,10
shared,ambiguous,holdout,mdi_decay020,8,10,0.59,0.032868381557625656,0.22500000000000003,0.05655392907135247,0.14999999999999997,10
shared,ambiguous,holdout,mdi_decay020,8,25,0.484,0.03921072415613772,0.11400000000000002,0.07327899570071274,0.14999999999999997,10
shared,ambiguous,holdout,mdi_no_novelty,0,10,0.30000000000000004,0.05840864678825162,0.0,0.0,0.14999999999999997,10
shared,ambiguous,holdout,mdi_no_novelty,1,10,0.41500000000000004,0.05345268834627583,0.0,0.0,0.14999999999999997,10
shared,ambiguous,holdout,mdi_no_novelty,2,10,0.40499999999999997,0.04602191203318153,0.0,0.0,0.14999999999999997,10
shared,ambiguous,holdout,mdi_no_novelty,3,10,0.41,0.05278366713326231,0.0,0.0,0.14999999999999997,10
shared,ambiguous,holdout,mdi_no_novelty,4,10,0.445,0.05183253216332725,0.0,0.0,0.14999999999999997,10
shared,ambiguous,holdout,mdi_no_novelty,5,10,0.43499999999999994,0.047839260949262545,0.0,0.0,0.14999999999999997,10
shared,ambiguous,holdout,mdi_no_novelty,6,10,0.48500000000000004,0.017277510721109095,0.0,0.0,0.14999999999999997,10
shared,ambiguous,holdout,mdi_no_novelty,7,10,0.64,0.09048628651416393,0.3,0.19001521704274363,0.14999999999999997,10
shared,ambiguous,holdout,mdi_no_novelty,8,5,0.5700000000000001,0.06786471488562297,0.15,0.15545188206991703,0.14999999999999997,10
shared,ambiguous,holdout,mdi_no_novelty,8,10,0.63,0.06353758354890778,0.27,0.1297320781336085,0.14999999999999997,10
shared,ambiguous,holdout,mdi_no_novelty,8,25,0.45200000000000007,0.03706380347328447,0.06799999999999999,0.06225386367371154,0.14999999999999997,10
shared,ambiguous,holdout,mdi_original,0,10,0.24000000000000005,0.07113715997370754,0.0,0.0,0.14999999999999997,10
shared,ambiguous,holdout,mdi_original,1,10,0.34500000000000003,0.09604922658770139,0.0,0.0,0.14999999999999997,10
shared,ambiguous,holdout,mdi_original,2,10,0.265,0.07917550069989346,0.0,0.0,0.14999999999999997,10
shared,ambiguous,holdout,mdi_original,3,10,0.37,0.0757813270737047,0.0,0.0,0.14999999999999997,10
shared,ambiguous,holdout,mdi_original,4,10,0.41,0.10502734436081705,0.0,0.0,0.14999999999999997,10
shared,ambiguous,holdout,mdi_original,5,10,0.365,0.07917550069989346,0.0,0.0,0.14999999999999997,10
shared,ambiguous,holdout,mdi_original,6,10,0.47000000000000003,0.04828291119451135,0.0,0.0,0.14999999999999997,10
shared,ambiguous,holdout,mdi_original,7,10,0.49000000000000005,0.022621571628540983,0.0,0.0,0.14999999999999997,10
shared,ambiguous,holdout,mdi_original,8,5,0.5,0.0,0.0,0.0,0.14999999999999997,10
shared,ambiguous,holdout,mdi_original,8,10,0.49499999999999994,0.02639183356663115,0.03500000000000001,0.0447693800106212,0.14999999999999997,10
shared,ambiguous,holdout,mdi_original,8,25,0.278,0.026510062694093273,0.0,0.0,0.14999999999999997,10
shared,ambiguous,holdout,mdi_reset,0,10,0.315,0.06541159988584007,0.0,0.0,0.14999999999999997,10
shared,ambiguous,holdout,mdi_reset,1,10,0.315,0.06541159988584007,0.0,0.0,0.14999999999999997,10
shared,ambiguous,holdout,mdi_reset,2,10,0.315,0.06541159988584007,0.0,0.0,0.14999999999999997,10
shared,ambiguous,holdout,mdi_reset,3,10,0.315,0.06541159988584007,0.0,0.0,0.14999999999999997,10
shared,ambiguous,holdout,mdi_reset,4,10,0.315,0.06541159988584007,0.0,0.0,0.14999999999999997,10
shared,ambiguous,holdout,mdi_reset,5,10,0.315,0.06541159988584007,0.0,0.0,0.14999999999999997,10
shared,ambiguous,holdout,mdi_reset,6,10,0.315,0.06541159988584007,0.0,0.0,0.14999999999999997,10
shared,ambiguous,holdout,mdi_reset,7,10,0.315,0.06541159988584007,0.0,0.0,0.14999999999999997,10
shared,ambiguous,holdout,mdi_reset,8,5,0.32999999999999996,0.06786471488562297,0.0,0.0,0.14999999999999997,10
shared,ambiguous,holdout,mdi_reset,8,10,0.315,0.06541159988584007,0.0,0.0,0.14999999999999997,10
shared,ambiguous,holdout,mdi_reset,8,25,0.31199999999999994,0.030312530829481866,0.0,0.0,0.14999999999999997,10
shared,ambiguous,holdout,mdi_with_delta,0,10,0.31500000000000006,0.05072368667405657,0.0,0.0,0.14999999999999997,10
shared,ambiguous,holdout,mdi_with_delta,1,10,0.4,0.06079364704696508,0.0,0.0,0.14999999999999997,10
shared,ambiguous,holdout,mdi_with_delta,2,10,0.395,0.04602191203318153,0.0,0.0,0.14999999999999997,10
shared,ambiguous,holdout,mdi_with_delta,3,10,0.38,0.045243143257081966,0.0,0.0,0.14999999999999997,10
shared,ambiguous,holdout,mdi_with_delta,4,10,0.40499999999999997,0.04602191203318153,0.0,0.0,0.14999999999999997,10
shared,ambiguous,holdout,mdi_with_delta,5,10,0.385,0.04476938001062118,0.0,0.0,0.14999999999999997,10
shared,ambiguous,holdout,mdi_with_delta,6,10,0.45,0.03770261938090164,0.0,0.0,0.14999999999999997,10
shared,ambiguous,holdout,mdi_with_delta,7,10,0.675,0.05398193579125648,0.37,0.10822687774953409,0.14999999999999997,10
shared,ambiguous,holdout,mdi_with_delta,8,5,0.72,0.07388174355966148,0.45,0.15545188206991703,0.14999999999999997,10
shared,ambiguous,holdout,mdi_with_delta,8,10,0.53,0.04524314325708196,0.12000000000000002,0.07944434867455495,0.14999999999999997,10
shared,ambiguous,holdout,mdi_with_delta,8,25,0.434,0.05094180596460525,0.122,0.07183709522037213,0.14999999999999997,10
shared,ambiguous,holdout,predicate_match,0,10,0.14000000000000004,0.03286838155762566,0.0,0.0,0.14999999999999997,10
shared,ambiguous,holdout,predicate_match,1,10,0.23999999999999994,0.0527836671332623,0.0,0.0,0.14999999999999997,10
shared,ambiguous,holdout,predicate_match,2,10,0.29,0.05791986290822424,0.0,0.0,0.14999999999999997,10
shared,ambiguous,holdout,predicate_match,3,10,0.24500000000000005,0.059493729882829166,0.0,0.0,0.14999999999999997,10
shared,ambiguous,holdout,predicate_match,4,10,0.265,0.050723686674056565,0.0,0.0,0.14999999999999997,10
shared,ambiguous,holdout,predicate_match,5,10,0.29,0.05791986290822424,0.0,0.0,0.14999999999999997,10
shared,ambiguous,holdout,predicate_match,6,10,0.335,0.04476938001062118,0.0,0.0,0.14999999999999997,10
shared,ambiguous,holdout,predicate_match,7,10,1.0,0.0,1.0,0.0,0.14999999999999997,10
shared,ambiguous,holdout,predicate_match,8,5,0.93,0.06786471488562297,0.8699999999999999,0.1170604099551432,0.14999999999999997,10
shared,ambiguous,holdout,predicate_match,8,10,0.5349999999999999,0.05604897316704667,0.325,0.08472609938097443,0.14999999999999997,10
shared,ambiguous,holdout,predicate_match,8,25,0.48200000000000004,0.07309253484965478,0.258,0.0864895130235593,0.14999999999999997,10
shared,ambiguous,holdout,random,0,10,0.16,0.04709055651362149,0.0,0.0,0.14999999999999997,10
shared,ambiguous,holdout,random,1,10,0.16,0.04709055651362149,0.0,0.0,0.14999999999999997,10
shared,ambiguous,holdout,random,2,10,0.16,0.04709055651362149,0.0,0.0,0.14999999999999997,10
shared,ambiguous,holdout,random,3,10,0.16,0.04709055651362149,0.0,0.0,0.14999999999999997,10
shared,ambiguous,holdout,random,4,10,0.16,0.04709055651362149,0.0,0.0,0.14999999999999997,10
shared,ambiguous,holdout,random,5,10,0.16,0.04709055651362149,0.0,0.0,0.14999999999999997,10
shared,ambiguous,holdout,random,6,10,0.16,0.04709055651362149,0.0,0.0,0.14999999999999997,10
shared,ambiguous,holdout,random,7,10,0.16,0.04709055651362149,0.0,0.0,0.14999999999999997,10
shared,ambiguous,holdout,random,8,5,0.15,0.06079364704696508,0.0,0.0,0.14999999999999997,10
shared,ambiguous,holdout,random,8,10,0.16,0.04709055651362149,0.0,0.0,0.14999999999999997,10
shared,ambiguous,holdout,random,8,25,0.174,0.031670200279957386,0.0,0.0,0.14999999999999997,10
shared,ambiguous,holdout,recurrence,0,10,0.14000000000000004,0.03286838155762566,0.0,0.0,0.14999999999999997,10
shared,ambiguous,holdout,recurrence,1,10,0.14000000000000004,0.03286838155762566,0.0,0.0,0.14999999999999997,10
shared,ambiguous,holdout,recurrence,2,10,0.14000000000000004,0.03286838155762566,0.0,0.0,0.14999999999999997,10
shared,ambiguous,holdout,recurrence,3,10,0.14000000000000004,0.03286838155762566,0.0,0.0,0.14999999999999997,10
shared,ambiguous,holdout,recurrence,4,10,0.14000000000000004,0.03286838155762566,0.0,0.0,0.14999999999999997,10
shared,ambiguous,holdout,recurrence,5,10,0.14000000000000004,0.03286838155762566,0.0,0.0,0.14999999999999997,10
shared,ambiguous,holdout,recurrence,6,10,0.14000000000000004,0.03286838155762566,0.0,0.0,0.14999999999999997,10
shared,ambiguous,holdout,recurrence,7,10,0.14000000000000004,0.03286838155762566,0.0,0.0,0.14999999999999997,10
shared,ambiguous,holdout,recurrence,8,5,0.19,0.05278366713326231,0.0,0.0,0.14999999999999997,10
shared,ambiguous,holdout,recurrence,8,10,0.14000000000000004,0.03286838155762566,0.0,0.0,0.14999999999999997,10
shared,ambiguous,holdout,recurrence,8,25,0.14200000000000002,0.029744475539029792,0.0,0.0,0.14999999999999997,10
shared,ambiguous,holdout,similarity,0,10,0.25,0.07153569059883398,0.0,0.0,0.14999999999999997,10
shared,ambiguous,holdout,similarity,1,10,0.25,0.07153569059883398,0.0,0.0,0.14999999999999997,10
shared,ambiguous,holdout,similarity,2,10,0.25,0.07153569059883398,0.0,0.0,0.14999999999999997,10
shared,ambiguous,holdout,similarity,3,10,0.25,0.07153569059883398,0.0,0.0,0.14999999999999997,10
shared,ambiguous,holdout,similarity,4,10,0.25,0.07153569059883398,0.0,0.0,0.14999999999999997,10
shared,ambiguous,holdout,similarity,5,10,0.25,0.07153569059883398,0.0,0.0,0.14999999999999997,10
shared,ambiguous,holdout,similarity,6,10,0.25,0.07153569059883398,0.0,0.0,0.14999999999999997,10
shared,ambiguous,holdout,similarity,7,10,0.25,0.07153569059883398,0.0,0.0,0.14999999999999997,10
shared,ambiguous,holdout,similarity,8,5,0.19,0.09204382406636306,0.0,0.0,0.14999999999999997,10
shared,ambiguous,holdout,similarity,8,10,0.25,0.07153569059883398,0.0,0.0,0.14999999999999997,10
shared,ambiguous,holdout,similarity,8,25,0.23599999999999993,0.039210724156137716,0.0,0.0,0.14999999999999997,10
shared,ambiguous,holdout,value_profile,0,10,0.14000000000000004,0.03286838155762566,0.0,0.0,0.14999999999999997,10
shared,ambiguous,holdout,value_profile,1,10,0.37500000000000006,0.07002950737528384,0.0,0.0,0.14999999999999997,10
shared,ambiguous,holdout,value_profile,2,10,0.3,0.05592202176243728,0.0,0.0,0.14999999999999997,10
shared,ambiguous,holdout,value_profile,3,10,0.325,0.09425654845225412,0.0,0.0,0.14999999999999997,10
shared,ambiguous,holdout,value_profile,4,10,0.34500000000000003,0.0899347759298409,0.0,0.0,0.14999999999999997,10
shared,ambiguous,holdout,value_profile,5,10,0.29,0.05791986290822424,0.0,0.0,0.14999999999999997,10
shared,ambiguous,holdout,value_profile,6,10,0.465,0.03789066353685235,0.0,0.0,0.14999999999999997,10
shared,ambiguous,holdout,value_profile,7,10,0.7150000000000001,0.05072368667405658,0.44499999999999995,0.10179707232843445,0.14999999999999997,10
shared,ambiguous,holdout,value_profile,8,5,0.58,0.07388174355966147,0.15999999999999998,0.14776348711932297,0.14999999999999997,10
shared,ambiguous,holdout,value_profile,8,10,0.62,0.06573676311525131,0.25000000000000006,0.13488899178479538,0.14999999999999997,10
shared,ambiguous,holdout,value_profile,8,25,0.44000000000000006,0.02697779835695907,0.05799999999999998,0.03958595494640604,0.14999999999999997,10
shared,clear,exposed,association_only,0,10,0.38999999999999996,0.05278366713326231,0.0,0.0,0.14999999999999997,10
shared,clear,exposed,association_only,1,10,0.40499999999999997,0.03556857998685378,0.0,0.0,0.14999999999999997,10
shared,clear,exposed,association_only,2,10,0.465,0.029446687080051895,0.0,0.0,0.14999999999999997,10
shared,clear,exposed,association_only,3,10,0.765,0.06541159988584007,0.5700000000000001,0.12640221355639314,0.14999999999999997,10
shared,clear,exposed,association_only,4,10,0.6299999999999999,0.07763444489843431,0.29500000000000004,0.13640847291166017,0.14999999999999997,10
shared,clear,exposed,association_only,5,10,0.745,0.0762488288989468,0.545,0.14934235502148108,0.14999999999999997,10
shared,clear,exposed,association_only,6,10,0.75,0.06530285234615271,0.545,0.13324555893981024,0.14999999999999997,10
shared,clear,exposed,association_only,7,10,0.7550000000000001,0.0662751567352332,0.535,0.13066011240334785,0.14999999999999997,10
shared,clear,exposed,association_only,8,5,0.65,0.11310785814270494,0.32,0.22317912601017856,0.14999999999999997,10
shared,clear,exposed,association_only,8,10,0.75,0.071535690598834,0.55,0.1440615063764247,0.14999999999999997,10
shared,clear,exposed,association_only,8,25,0.542,0.022821766430265008,0.17800000000000007,0.0502223798173346,0.14999999999999997,10
shared,clear,exposed,clustering,0,10,0.15,0.03372224794619885,0.0,0.0,0.14999999999999997,10
shared,clear,exposed,clustering,1,10,0.15,0.03372224794619885,0.0,0.0,0.14999999999999997,10
shared,clear,exposed,clustering,2,10,0.15,0.03372224794619885,0.0,0.0,0.14999999999999997,10
shared,clear,exposed,clustering,3,10,0.15,0.03372224794619885,0.0,0.0,0.14999999999999997,10
shared,clear,exposed,clustering,4,10,0.15,0.03372224794619885,0.0,0.0,0.14999999999999997,10
shared,clear,exposed,clustering,5,10,0.15,0.03372224794619885,0.0,0.0,0.14999999999999997,10
shared,clear,exposed,clustering,6,10,0.15,0.03372224794619885,0.0,0.0,0.14999999999999997,10
shared,clear,exposed,clustering,7,10,0.15,0.03372224794619885,0.0,0.0,0.14999999999999997,10
shared,clear,exposed,clustering,8,5,0.18,0.04524314325708199,0.0,0.0,0.14999999999999997,10
shared,clear,exposed,clustering,8,10,0.15,0.03372224794619885,0.0,0.0,0.14999999999999997,10
shared,clear,exposed,clustering,8,25,0.15,0.013904039021544606,0.0,0.0,0.14999999999999997,10
shared,clear,exposed,competing_models,0,10,0.14000000000000004,0.03286838155762566,0.0,0.0,0.14999999999999997,10
shared,clear,exposed,competing_models,1,10,0.41,0.07113715997370754,0.0,0.0,0.14999999999999997,10
shared,clear,exposed,competing_models,2,10,0.485,0.017277510721109085,0.0,0.0,0.14999999999999997,10
shared,clear,exposed,competing_models,3,10,0.7949999999999999,0.07043430558720785,0.6449999999999999,0.12780020136526116,0.14999999999999997,10
shared,clear,exposed,competing_models,4,10,0.8099999999999999,0.06486603906680426,0.655,0.1232708459549799,0.14999999999999997,10
shared,clear,exposed,competing_models,5,10,0.825,0.06584479402316085,0.675,0.1218792207904732,0.14999999999999997,10
shared,clear,exposed,competing_models,6,10,0.8150000000000001,0.08095095683631574,0.6649999999999998,0.14010975158061462,0.14999999999999997,10
shared,clear,exposed,competing_models,7,10,0.825,0.07397788119767548,0.675,0.1330320242530166,0.14999999999999997,10
shared,clear,exposed,competing_models,8,5,0.6799999999999999,0.10556733426652462,0.39,0.21180685956360526,0.14999999999999997,10
shared,clear,exposed,competing_models,8,10,0.8,0.0653028523461527,0.65,0.12275083538094593,0.14999999999999997,10
shared,clear,exposed,competing_models,8,25,0.5999999999999999,8.371663225071135e-17,0.2919999999999999,0.02955269742386459,0.14999999999999997,10
shared,clear,exposed,context_oracle,0,10,0.26999999999999996,0.03016209550472131,0.0,0.0,0.14999999999999997,10
shared,clear,exposed,context_oracle,1,10,0.305,0.04602191203318153,0.0,0.0,0.14999999999999997,10
shared,clear,exposed,context_oracle,2,10,0.325,0.05655392907135247,0.0,0.0,0.14999999999999997,10
shared,clear,exposed,context_oracle,3,10,0.305,0.04901340519517213,0.0,0.0,0.14999999999999997,10
shared,clear,exposed,context_oracle,4,10,0.355,0.05183253216332726,0.0,0.0,0.14999999999999997,10
shared,clear,exposed,context_oracle,5,10,0.30999999999999994,0.047090556513621484,0.0,0.0,0.14999999999999997,10
shared,clear,exposed,context_oracle,6,10,0.27,0.05385011157546032,0.0,0.0,0.14999999999999997,10
shared,clear,exposed,context_oracle,7,10,0.31500000000000006,0.0294466870800519,0.0,0.0,0.14999999999999997,10
shared,clear,exposed,context_oracle,8,5,0.3,0.07540523876180329,0.0,0.0,0.14999999999999997,10
shared,clear,exposed,context_oracle,8,10,0.30000000000000004,0.05058337191929827,0.0,0.0,0.14999999999999997,10
shared,clear,exposed,context_oracle,8,25,0.308,0.022571245489164313,0.0,0.0,0.14999999999999997,10
shared,clear,exposed,delta_only,0,10,0.205,0.039362690252540446,0.0,0.0,0.14999999999999997,10
shared,clear,exposed,delta_only,1,10,0.275,0.034760097553861516,0.0,0.0,0.14999999999999997,10
shared,clear,exposed,delta_only,2,10,0.4250000000000001,0.04215280993274856,0.0,0.0,0.14999999999999997,10
shared,clear,exposed,delta_only,3,10,0.6849999999999999,0.0696223556258885,0.53,0.11826849572266665,0.14999999999999997,10
shared,clear,exposed,delta_only,4,10,0.52,0.04828291119451134,0.24500000000000002,0.08834006124015568,0.14999999999999997,10
shared,clear,exposed,delta_only,5,10,0.66,0.07113715997370755,0.5249999999999999,0.10697183947590216,0.14999999999999997,10
shared,clear,exposed,delta_only,6,10,0.605,0.1289076761509474,0.46499999999999997,0.16264649558859554,0.14999999999999997,10
shared,clear,exposed,delta_only,7,10,0.645,0.13430814003186356,0.5449999999999999,0.15402800560788688,0.14999999999999997,10
shared,clear,exposed,delta_only,8,5,0.6900000000000001,0.1524976577978936,0.6,0.18775753034936382,0.14999999999999997,10
shared,clear,exposed,delta_only,8,10,0.645,0.13430814003186356,0.5449999999999999,0.15402800560788688,0.14999999999999997,10
shared,clear,exposed,delta_only,8,25,0.5279999999999999,0.09870888499054585,0.386,0.14244207277617918,0.14999999999999997,10
shared,clear,exposed,frequency,0,10,0.27999999999999997,0.05385011157546032,0.0,0.0,0.14999999999999997,10
shared,clear,exposed,frequency,1,10,0.275,0.056553929071352455,0.0,0.0,0.14999999999999997,10
shared,clear,exposed,frequency,2,10,0.27,0.06353758354890779,0.0,0.0,0.14999999999999997,10
shared,clear,exposed,frequency,3,10,0.275,0.06137541769047296,0.0,0.0,0.14999999999999997,10
shared,clear,exposed,frequency,4,10,0.275,0.056553929071352455,0.0,0.0,0.14999999999999997,10
shared,clear,exposed,frequency,5,10,0.27999999999999997,0.05385011157546032,0.0,0.0,0.14999999999999997,10
shared,clear,exposed,frequency,6,10,0.275,0.06137541769047296,0.0,0.0,0.14999999999999997,10
shared,clear,exposed,frequency,7,10,0.27999999999999997,0.05385011157546032,0.0,0.0,0.14999999999999997,10
shared,clear,exposed,frequency,8,5,0.27,0.08953876002124236,0.0,0.0,0.14999999999999997,10
shared,clear,exposed,frequency,8,10,0.27999999999999997,0.05385011157546032,0.0,0.0,0.14999999999999997,10
shared,clear,exposed,frequency,8,25,0.28800000000000003,0.04329075109981364,0.0,0.0,0.14999999999999997,10
shared,clear,exposed,mdi,0,10,0.315,0.06541159988584007,0.0,0.0,0.14999999999999997,10
shared,clear,exposed,mdi,1,10,0.4149999999999999,0.03393235744281148,0.0,0.0,0.14999999999999997,10
shared,clear,exposed,mdi,2,10,0.465,0.02944668708005191,0.0,0.0,0.14999999999999997,10
shared,clear,exposed,mdi,3,10,0.6849999999999999,0.0696223556258885,0.4699999999999999,0.15745076101016178,0.14999999999999997,10
shared,clear,exposed,mdi,4,10,0.6649999999999999,0.056048973167046684,0.40499999999999997,0.13324555893981024,0.14999999999999997,10
shared,clear,exposed,mdi,5,10,0.69,0.06263629556878303,0.48500000000000004,0.14112065755805484,0.14999999999999997,10
shared,clear,exposed,mdi,6,10,0.705,0.0662751567352332,0.505,0.14351778284778763,0.14999999999999997,10
shared,clear,exposed,mdi,7,10,0.75,0.05592202176243728,0.5700000000000001,0.10690537669255167,0.14999999999999997,10
shared,clear,exposed,mdi,8,5,0.55,0.06952019510772303,0.22999999999999998,0.16190191367263151,0.14999999999999997,10
shared,clear,exposed,mdi,8,10,0.7,0.07908568161176219,0.48500000000000004,0.17688114669197197,0.14999999999999997,10
shared,clear,exposed,mdi,8,25,0.55,0.028812301275284963,0.19600000000000004,0.0624726828498836,0.14999999999999997,10
shared,clear,exposed,mdi_decay0,0,10,0.315,0.06541159988584007,0.0,0.0,0.14999999999999997,10
shared,clear,exposed,mdi_decay0,1,10,0.41999999999999993,0.03455502144221818,0.0,0.0,0.14999999999999997,10
shared,clear,exposed,mdi_decay0,2,10,0.47000000000000003,0.025009088420006473,0.0,0.0,0.14999999999999997,10
shared,clear,exposed,mdi_decay0,3,10,0.6799999999999999,0.06992794168387283,0.45999999999999996,0.15978083629438564,0.14999999999999997,10
shared,clear,exposed,mdi_decay0,4,10,0.675,0.06584479402316085,0.41500000000000004,0.15085759843634014,0.14999999999999997,10
shared,clear,exposed,mdi_decay0,5,10,0.6849999999999999,0.05345268834627584,0.485,0.1273545149115131,0.14999999999999997,10
shared,clear,exposed,mdi_decay0,6,10,0.6950000000000001,0.06183689349415336,0.485,0.14312105013900028,0.14999999999999997,10
shared,clear,exposed,mdi_decay0,7,10,0.7550000000000001,0.05705441607566248,0.58,0.11335893027881619,0.14999999999999997,10
shared,clear,exposed,mdi_decay0,8,5,0.58,0.08793686396787985,0.27,0.16877976674930578,0.14999999999999997,10
shared,clear,exposed,mdi_decay0,8,10,0.685,0.07549943647343584,0.465,0.17033073722020073,0.14999999999999997,10
shared,clear,exposed,mdi_decay0,8,25,0.544,0.02594641562672172,0.18800000000000003,0.05925911524998234,0.14999999999999997,10
shared,clear,exposed,mdi_decay020,0,10,0.315,0.06541159988584007,0.0,0.0,0.14999999999999997,10
shared,clear,exposed,mdi_decay020,1,10,0.41999999999999993,0.045243143257081966,0.0,0.0,0.14999999999999997,10
shared,clear,exposed,mdi_decay020,2,10,0.45999999999999996,0.028214056861455405,0.0,0.0,0.14999999999999997,10
shared,clear,exposed,mdi_decay020,3,10,0.6799999999999999,0.06992794168387283,0.465,0.15458073946169673,0.14999999999999997,10
shared,clear,exposed,mdi_decay020,4,10,0.65,0.0653028523461527,0.37499999999999994,0.14031251543717968,0.14999999999999997,10
shared,clear,exposed,mdi_decay020,5,10,0.66,0.06263629556878302,0.43499999999999994,0.1338841195891588,0.14999999999999997,10
shared,clear,exposed,mdi_decay020,6,10,0.7050000000000001,0.0762488288989468,0.505,0.146459026688195,0.14999999999999997,10
shared,clear,exposed,mdi_decay020,7,10,0.7249999999999999,0.05398193579125648,0.53,0.10003635368002589,0.14999999999999997,10
shared,clear,exposed,mdi_decay020,8,5,0.5599999999999999,0.06911004288443635,0.25,0.15175011575789482,0.14999999999999997,10
shared,clear,exposed,mdi_decay020,8,10,0.675,0.06137541769047296,0.4499999999999999,0.14005901475056767,0.14999999999999997,10
shared,clear,exposed,mdi_decay020,8,25,0.546,0.029437030845301363,0.198,0.057407113139115076,0.14999999999999997,10
shared,clear,exposed,mdi_no_novelty,0,10,0.30000000000000004,0.05840864678825162,0.0,0.0,0.14999999999999997,10
shared,clear,exposed,mdi_no_novelty,1,10,0.425,0.03863368845438133,0.0,0.0,0.14999999999999997,10
shared,clear,exposed,mdi_no_novelty,2,10,0.485,0.01727751072110909,0.0,0.0,0.14999999999999997,10
shared,clear,exposed,mdi_no_novelty,3,10,0.775,0.06364934719473761,0.595,0.13109456119118745,0.14999999999999997,10
shared,clear,exposed,mdi_no_novelty,4,10,0.7100000000000001,0.05001817684001294,0.45499999999999996,0.09896488736601511,0.14999999999999997,10
shared,clear,exposed,mdi_no_novelty,5,10,0.765,0.07359257711325339,0.585,0.1380657360995446,0.14999999999999997,10
shared,clear,exposed,mdi_no_novelty,6,10,0.78,0.07388174355966147,0.6,0.141070284307277,0.14999999999999997,10
shared,clear,exposed,mdi_no_novelty,7,10,0.795,0.059493729882829166,0.6249999999999999,0.11342161147259071,0.14999999999999997,10
shared,clear,exposed,mdi_no_novelty,8,5,0.6499999999999999,0.10256221312228224,0.32999999999999996,0.19964596096440115,0.14999999999999997,10
shared,clear,exposed,mdi_no_novelty,8,10,0.775,0.06364934719473761,0.595,0.13109456119118745,0.14999999999999997,10
shared,clear,exposed,mdi_no_novelty,8,25,0.56,0.028614276239533602,0.21600000000000003,0.06099906311915744,0.14999999999999997,10
shared,clear,exposed,mdi_original,0,10,0.24000000000000005,0.07113715997370754,0.0,0.0,0.14999999999999997,10
shared,clear,exposed,mdi_original,1,10,0.37,0.0588933741601038,0.0,0.0,0.14999999999999997,10
shared,clear,exposed,mdi_original,2,10,0.495,0.01131078581427049,0.0,0.0,0.14999999999999997,10
shared,clear,exposed,mdi_original,3,10,0.5,0.0,0.0,0.0,0.14999999999999997,10
shared,clear,exposed,mdi_original,4,10,0.5,0.0,0.009999999999999998,0.02262157162854098,0.14999999999999997,10
shared,clear,exposed,mdi_original,5,10,0.51,0.02262157162854098,0.019999999999999997,0.04524314325708196,0.14999999999999997,10
shared,clear,exposed,mdi_original,6,10,0.5,0.0,0.0,0.0,0.14999999999999997,10
shared,clear,exposed,mdi_original,7,10,0.5,0.0,0.0,0.0,0.14999999999999997,10
shared,clear,exposed,mdi_original,8,5,0.5,0.0,0.0,0.0,0.14999999999999997,10
shared,clear,exposed,mdi_original,8,10,0.5,0.0,0.0,0.0,0.14999999999999997,10
shared,clear,exposed,mdi_original,8,25,0.30200000000000005,0.020733012865330903,0.006,0.015156265414740936,0.14999999999999997,10
shared,clear,exposed,mdi_reset,0,10,0.315,0.06541159988584007,0.0,0.0,0.14999999999999997,10
shared,clear,exposed,mdi_reset,1,10,0.315,0.06541159988584007,0.0,0.0,0.14999999999999997,10
shared,clear,exposed,mdi_reset,2,10,0.315,0.06541159988584007,0.0,0.0,0.14999999999999997,10
shared,clear,exposed,mdi_reset,3,10,0.315,0.06541159988584007,0.0,0.0,0.14999999999999997,10
shared,clear,exposed,mdi_reset,4,10,0.315,0.06541159988584007,0.0,0.0,0.14999999999999997,10
shared,clear,exposed,mdi_reset,5,10,0.315,0.06541159988584007,0.0,0.0,0.14999999999999997,10
shared,clear,exposed,mdi_reset,6,10,0.315,0.06541159988584007,0.0,0.0,0.14999999999999997,10
shared,clear,exposed,mdi_reset,7,10,0.315,0.06541159988584007,0.0,0.0,0.14999999999999997,10
shared,clear,exposed,mdi_reset,8,5,0.32999999999999996,0.06786471488562297,0.0,0.0,0.14999999999999997,10
shared,clear,exposed,mdi_reset,8,10,0.315,0.06541159988584007,0.0,0.0,0.14999999999999997,10
shared,clear,exposed,mdi_reset,8,25,0.31199999999999994,0.030312530829481866,0.0,0.0,0.14999999999999997,10
shared,clear,exposed,mdi_with_delta,0,10,0.31500000000000006,0.05072368667405657,0.0,0.0,0.14999999999999997,10
shared,clear,exposed,mdi_with_delta,1,10,0.42000000000000004,0.038449278387355804,0.0,0.0,0.14999999999999997,10
shared,clear,exposed,mdi_with_delta,2,10,0.475,0.025291685959649136,0.0,0.0,0.14999999999999997,10
shared,clear,exposed,mdi_with_delta,3,10,0.745,0.04282194397214671,0.5700000000000001,0.10144737334811316,0.14999999999999997,10
shared,clear,exposed,mdi_with_delta,4,10,0.6449999999999999,0.05183253216332725,0.34,0.09048628651416393,0.14999999999999997,10
shared,clear,exposed,mdi_with_delta,5,10,0.74,0.036940871779830756,0.555,0.0867160245760738,0.14999999999999997,10
shared,clear,exposed,mdi_with_delta,6,10,0.72,0.09715285407193539,0.49499999999999994,0.21224264212042862,0.14999999999999997,10
shared,clear,exposed,mdi_with_delta,7,10,0.74,0.0994663413268063,0.525,0.2025090482201373,0.14999999999999997,10
shared,clear,exposed,mdi_with_delta,8,5,0.6100000000000001,0.09802681039034428,0.27999999999999997,0.20177066742791894,0.14999999999999997,10
shared,clear,exposed,mdi_with_delta,8,10,0.7,0.08260230044780516,0.48,0.19165395172393568,0.14999999999999997,10
shared,clear,exposed,mdi_with_delta,8,25,0.5459999999999999,0.07895616262128757,0.22199999999999998,0.11921661252442257,0.14999999999999997,10
shared,clear,exposed,predicate_match,0,10,0.14000000000000004,0.03286838155762566,0.0,0.0,0.14999999999999997,10
shared,clear,exposed,predicate_match,1,10,0.23999999999999994,0.0527836671332623,0.0,0.0,0.14999999999999997,10
shared,clear,exposed,predicate_match,2,10,0.29000000000000004,0.05001817684001294,0.0,0.0,0.14999999999999997,10
shared,clear,exposed,predicate_match,3,10,1.0,0.0,1.0,0.0,0.14999999999999997,10
shared,clear,exposed,predicate_match,4,10,0.5349999999999999,0.05604897316704667,0.325,0.08472609938097443,0.14999999999999997,10
shared,clear,exposed,predicate_match,5,10,1.0,0.0,1.0,0.0,0.14999999999999997,10
shared,clear,exposed,predicate_match,6,10,1.0,0.0,1.0,0.0,0.14999999999999997,10
shared,clear,exposed,predicate_match,7,10,1.0,0.0,1.0,0.0,0.14999999999999997,10
shared,clear,exposed,predicate_match,8,5,1.0,0.0,1.0,0.0,0.14999999999999997,10
shared,clear,exposed,predicate_match,8,10,1.0,0.0,1.0,0.0,0.14999999999999997,10
shared,clear,exposed,predicate_match,8,25,0.5999999999999999,8.371663225071135e-17,0.44399999999999995,0.02845486398948303,0.14999999999999997,10
shared,clear,exposed,random,0,10,0.16,0.04709055651362149,0.0,0.0,0.14999999999999997,10
shared,clear,exposed,random,1,10,0.16,0.04709055651362149,0.0,0.0,0.14999999999999997,10
shared,clear,exposed,random,2,10,0.16,0.04709055651362149,0.0,0.0,0.14999999999999997,10
shared,clear,exposed,random,3,10,0.16,0.04709055651362149,0.0,0.0,0.14999999999999997,10
shared,clear,exposed,random,4,10,0.16,0.04709055651362149,0.0,0.0,0.14999999999999997,10
shared,clear,exposed,random,5,10,0.16,0.04709055651362149,0.0,0.0,0.14999999999999997,10
shared,clear,exposed,random,6,10,0.16,0.04709055651362149,0.0,0.0,0.14999999999999997,10
shared,clear,exposed,random,7,10,0.16,0.04709055651362149,0.0,0.0,0.14999999999999997,10
shared,clear,exposed,random,8,5,0.15,0.06079364704696508,0.0,0.0,0.14999999999999997,10
shared,clear,exposed,random,8,10,0.16,0.04709055651362149,0.0,0.0,0.14999999999999997,10
shared,clear,exposed,random,8,25,0.174,0.031670200279957386,0.0,0.0,0.14999999999999997,10
shared,clear,exposed,recurrence,0,10,0.14000000000000004,0.03286838155762566,0.0,0.0,0.14999999999999997,10
shared,clear,exposed,recurrence,1,10,0.19,0.032868381557625656,0.0,0.0,0.14999999999999997,10
shared,clear,exposed,recurrence,2,10,0.29500000000000004,0.059493729882829166,0.0,0.0,0.14999999999999997,10
shared,clear,exposed,recurrence,3,10,0.7150000000000001,0.05072368667405658,0.6100000000000001,0.07113715997370754,0.14999999999999997,10
shared,clear,exposed,recurrence,4,10,0.6199999999999999,0.06125950556116339,0.44000000000000006,0.09357544042319985,0.14999999999999997,10
shared,clear,exposed,recurrence,5,10,0.74,0.04396843198393993,0.6199999999999999,0.053850111575460345,0.14999999999999997,10
shared,clear,exposed,recurrence,6,10,0.765,0.04476938001062121,0.66,0.07310809141785257,0.14999999999999997,10
shared,clear,exposed,recurrence,7,10,0.8700000000000001,0.025009088420006466,0.8150000000000001,0.04783926094926254,0.14999999999999997,10
shared,clear,exposed,recurrence,8,5,0.97,0.03455502144221817,0.95,0.060793647046965056,0.14999999999999997,10
shared,clear,exposed,recurrence,8,10,0.915,0.029446687080051864,0.8799999999999999,0.03016209550472128,0.14999999999999997,10
shared,clear,exposed,recurrence,8,25,0.5520000000000002,0.022571245489164345,0.34600000000000003,0.03697164302363346,0.14999999999999997,10
shared,clear,exposed,similarity,0,10,0.25,0.07153569059883398,0.0,0.0,0.14999999999999997,10
shared,clear,exposed,similarity,1,10,0.25,0.07153569059883398,0.0,0.0,0.14999999999999997,10
shared,clear,exposed,similarity,2,10,0.25,0.07153569059883398,0.0,0.0,0.14999999999999997,10
shared,clear,exposed,similarity,3,10,0.25,0.07153569059883398,0.0,0.0,0.14999999999999997,10
shared,clear,exposed,similarity,4,10,0.25,0.07153569059883398,0.0,0.0,0.14999999999999997,10
shared,clear,exposed,similarity,5,10,0.25,0.07153569059883398,0.0,0.0,0.14999999999999997,10
shared,clear,exposed,similarity,6,10,0.25,0.07153569059883398,0.0,0.0,0.14999999999999997,10
shared,clear,exposed,similarity,7,10,0.25,0.07153569059883398,0.0,0.0,0.14999999999999997,10
shared,clear,exposed,similarity,8,5,0.19,0.09204382406636306,0.0,0.0,0.14999999999999997,10
shared,clear,exposed,similarity,8,10,0.25,0.07153569059883398,0.0,0.0,0.14999999999999997,10
shared,clear,exposed,similarity,8,25,0.23599999999999993,0.039210724156137716,0.0,0.0,0.14999999999999997,10
shared,clear,exposed,value_profile,0,10,0.14000000000000004,0.03286838155762566,0.0,0.0,0.14999999999999997,10
shared,clear,exposed,value_profile,1,10,0.3650000000000001,0.089300307507288,0.0,0.0,0.14999999999999997,10
shared,clear,exposed,value_profile,2,10,0.5,0.0,0.0,0.0,0.14999999999999997,10
shared,clear,exposed,value_profile,3,10,0.7949999999999999,0.07043430558720785,0.6449999999999999,0.12780020136526116,0.14999999999999997,10
shared,clear,exposed,value_profile,4,10,0.695,0.04282194397214669,0.41,0.09357544042319985,0.14999999999999997,10
shared,clear,exposed,value_profile,5,10,0.805,0.0662751567352332,0.6549999999999999,0.12327084595497992,0.14999999999999997,10
shared,clear,exposed,value_profile,6,10,0.8,0.07349593547325142,0.635,0.134941672510016,0.14999999999999997,10
shared,clear,exposed,value_profile,7,10,0.825,0.06584479402316085,0.675,0.1218792207904732,0.14999999999999997,10
shared,clear,exposed,value_profile,8,5,0.69,0.10901208909288151,0.4,0.21592774316502597,0.14999999999999997,10
shared,clear,exposed,value_profile,8,10,0.79,0.07310809141785256,0.6399999999999999,0.12929305122940757,0.14999999999999997,10
shared,clear,exposed,value_profile,8,25,0.5599999999999999,0.022368808704974895,0.20800000000000002,0.05528803430754906,0.14999999999999997,10
shared,clear,holdout,association_only,0,10,0.38999999999999996,0.05278366713326231,0.0,0.0,0.14999999999999997,10
shared,clear,holdout,association_only,1,10,0.36,0.04396843198393992,0.0,0.0,0.14999999999999997,10
shared,clear,holdout,association_only,2,10,0.4600000000000001,0.04709055651362147,0.0,0.0,0.14999999999999997,10
shared,clear,holdout,association_only,3,10,0.6799999999999999,0.041983860114865726,0.425,0.08961810320032132,0.14999999999999997,10
shared,clear,holdout,association_only,4,10,0.605,0.04901340519517213,0.25,0.08922068171570079,0.14999999999999997,10
shared,clear,holdout,association_only,5,10,0.67,0.05114232117388981,0.4,0.09235217944957687,0.14999999999999997,10
shared,clear,holdout,association_only,6,10,0.69,0.04709055651362149,0.44499999999999995,0.09896488736601511,0.14999999999999997,10
shared,clear,holdout,association_only,7,10,0.725,0.04842989147725692,0.49000000000000005,0.10366506432665452,0.14999999999999997,10
shared,clear,holdout,association_only,8,5,0.5999999999999999,0.07540523876180329,0.24,0.14776348711932294,0.14999999999999997,10
shared,clear,holdout,association_only,8,10,0.695,0.05705441607566246,0.445,0.11614609960148908,0.14999999999999997,10
shared,clear,holdout,association_only,8,25,0.534,0.024364178283218282,0.168,0.07576631938426677,0.14999999999999997,10
shared,clear,holdout,clustering,0,10,0.15,0.03372224794619885,0.0,0.0,0.14999999999999997,10
shared,clear,holdout,clustering,1,10,0.15,0.03372224794619885,0.0,0.0,0.14999999999999997,10
shared,clear,holdout,clustering,2,10,0.15,0.03372224794619885,0.0,0.0,0.14999999999999997,10
shared,clear,holdout,clustering,3,10,0.15,0.03372224794619885,0.0,0.0,0.14999999999999997,10
shared,clear,holdout,clustering,4,10,0.15,0.03372224794619885,0.0,0.0,0.14999999999999997,10
shared,clear,holdout,clustering,5,10,0.15,0.03372224794619885,0.0,0.0,0.14999999999999997,10
shared,clear,holdout,clustering,6,10,0.15,0.03372224794619885,0.0,0.0,0.14999999999999997,10
shared,clear,holdout,clustering,7,10,0.15,0.03372224794619885,0.0,0.0,0.14999999999999997,10
shared,clear,holdout,clustering,8,5,0.18,0.04524314325708199,0.0,0.0,0.14999999999999997,10
shared,clear,holdout,clustering,8,10,0.15,0.03372224794619885,0.0,0.0,0.14999999999999997,10
shared,clear,holdout,clustering,8,25,0.15,0.013904039021544606,0.0,0.0,0.14999999999999997,10
shared,clear,holdout,competing_models,0,10,0.14000000000000004,0.03286838155762566,0.0,0.0,0.14999999999999997,10
shared,clear,holdout,competing_models,1,10,0.365,0.07359257711325339,0.0,0.0,0.14999999999999997,10
shared,clear,holdout,competing_models,2,10,0.495,0.011310785814270504,0.0,0.0,0.14999999999999997,10
shared,clear,holdout,competing_models,3,10,0.78,0.05889337416010382,0.615,0.10670573996056135,0.14999999999999997,10
shared,clear,holdout,competing_models,4,10,0.755,0.049013405195172145,0.5349999999999999,0.10263148851898357,0.14999999999999997,10
shared,clear,holdout,competing_models,5,10,0.8,0.05331955566546183,0.635,0.0983886676945753,0.14999999999999997,10
shared,clear,holdout,competing_models,6,10,0.8,0.05331955566546183,0.635,0.10123697414475614,0.14999999999999997,10
shared,clear,holdout,competing_models,7,10,0.805,0.049013405195172145,0.64,0.0965658223890227,0.14999999999999997,10
shared,clear,holdout,competing_models,8,5,0.6399999999999999,0.07689855677471162,0.31999999999999995,0.1610215269745757,0.14999999999999997,10
shared,clear,holdout,competing_models,8,10,0.78,0.06125950556116342,0.615,0.10670573996056135,0.14999999999999997,10
shared,clear,holdout,competing_models,8,25,0.5999999999999999,8.371663225071135e-17,0.30999999999999994,0.045867216092848793,0.14999999999999997,10
shared,clear,holdout,context_oracle,0,10,0.26999999999999996,0.03016209550472131,0.0,0.0,0.14999999999999997,10
shared,clear,holdout,context_oracle,1,10,0.305,0.04602191203318153,0.0,0.0,0.14999999999999997,10
shared,clear,holdout,context_oracle,2,10,0.325,0.05655392907135247,0.0,0.0,0.14999999999999997,10
shared,clear,holdout,context_oracle,3,10,0.305,0.04901340519517213,0.0,0.0,0.14999999999999997,10
shared,clear,holdout,context_oracle,4,10,0.355,0.05183253216332726,0.0,0.0,0.14999999999999997,10
shared,clear,holdout,context_oracle,5,10,0.30999999999999994,0.047090556513621484,0.0,0.0,0.14999999999999997,10
shared,clear,holdout,context_oracle,6,10,0.27,0.05385011157546032,0.0,0.0,0.14999999999999997,10
shared,clear,holdout,context_oracle,7,10,0.31500000000000006,0.0294466870800519,0.0,0.0,0.14999999999999997,10
shared,clear,holdout,context_oracle,8,5,0.3,0.07540523876180329,0.0,0.0,0.14999999999999997,10
shared,clear,holdout,context_oracle,8,10,0.30000000000000004,0.05058337191929827,0.0,0.0,0.14999999999999997,10
shared,clear,holdout,context_oracle,8,25,0.308,0.022571245489164313,0.0,0.0,0.14999999999999997,10
shared,clear,holdout,delta_only,0,10,0.205,0.039362690252540446,0.0,0.0,0.14999999999999997,10
shared,clear,holdout,delta_only,1,10,0.275,0.034760097553861516,0.0,0.0,0.14999999999999997,10
shared,clear,holdout,delta_only,2,10,0.445,0.035568579986853775,0.0,0.0,0.14999999999999997,10
shared,clear,holdout,delta_only,3,10,0.655,0.042821943972146684,0.47000000000000003,0.06992794168387285,0.14999999999999997,10
shared,clear,holdout,delta_only,4,10,0.5349999999999999,0.06320110677819654,0.325,0.11952384472238355,0.14999999999999997,10
shared,clear,holdout,delta_only,5,10,0.7099999999999999,0.07689855677471162,0.5850000000000001,0.09242910755908366,0.14999999999999997,10
shared,clear,holdout,delta_only,6,10,0.715,0.07917550069989347,0.595,0.09604922658770139,0.14999999999999997,10
shared,clear,holdout,delta_only,7,10,0.7249999999999999,0.059013933905848005,0.62,0.06573676311525134,0.14999999999999997,10
shared,clear,holdout,delta_only,8,5,0.72,0.12064838201888524,0.5900000000000001,0.18911537670384576,0.14999999999999997,10
shared,clear,holdout,delta_only,8,10,0.7349999999999999,0.0507236866740566,0.6300000000000001,0.05889337416010382,0.14999999999999997,10
shared,clear,holdout,delta_only,8,25,0.5640000000000001,0.027644017153774545,0.454,0.04049478965790247,0.14999999999999997,10
shared,clear,holdout,frequency,0,10,0.27999999999999997,0.05385011157546032,0.0,0.0,0.14999999999999997,10
shared,clear,holdout,frequency,1,10,0.275,0.056553929071352455,0.0,0.0,0.14999999999999997,10
shared,clear,holdout,frequency,2,10,0.27,0.06353758354890779,0.0,0.0,0.14999999999999997,10
shared,clear,holdout,frequency,3,10,0.275,0.06137541769047296,0.0,0.0,0.14999999999999997,10
shared,clear,holdout,frequency,4,10,0.275,0.056553929071352455,0.0,0.0,0.14999999999999997,10
shared,clear,holdout,frequency,5,10,0.27999999999999997,0.05385011157546032,0.0,0.0,0.14999999999999997,10
shared,clear,holdout,frequency,6,10,0.275,0.06137541769047296,0.0,0.0,0.14999999999999997,10
shared,clear,holdout,frequency,7,10,0.27999999999999997,0.05385011157546032,0.0,0.0,0.14999999999999997,10
shared,clear,holdout,frequency,8,5,0.27,0.08953876002124236,0.0,0.0,0.14999999999999997,10
shared,clear,holdout,frequency,8,10,0.27999999999999997,0.05385011157546032,0.0,0.0,0.14999999999999997,10
shared,clear,holdout,frequency,8,25,0.28800000000000003,0.04329075109981364,0.0,0.0,0.14999999999999997,10
shared,clear,holdout,mdi,0,10,0.315,0.06541159988584007,0.0,0.0,0.14999999999999997,10
shared,clear,holdout,mdi,1,10,0.38499999999999995,0.05345268834627583,0.0,0.0,0.14999999999999997,10
shared,clear,holdout,mdi,2,10,0.45499999999999996,0.046021912033181525,0.0,0.0,0.14999999999999997,10
shared,clear,holdout,mdi,3,10,0.7150000000000001,0.07917550069989346,0.505,0.13847695290323073,0.14999999999999997,10
shared,clear,holdout,mdi,4,10,0.6700000000000002,0.02500908842000646,0.375,0.05398193579125647,0.14999999999999997,10
shared,clear,holdout,mdi,5,10,0.73,0.06992794168387287,0.535,0.11687812008079508,0.14999999999999997,10
shared,clear,holdout,mdi,6,10,0.7300000000000001,0.06786471488562297,0.51,0.13572942977124594,0.14999999999999997,10
shared,clear,holdout,mdi,7,10,0.76,0.05541130766974611,0.5599999999999999,0.11778674832020762,0.14999999999999997,10
shared,clear,holdout,mdi,8,5,0.6100000000000001,0.1090120890928815,0.2899999999999999,0.2063680346979807,0.14999999999999997,10
shared,clear,holdout,mdi,8,10,0.7500000000000001,0.06530285234615271,0.55,0.1295127507102581,0.14999999999999997,10
shared,clear,holdout,mdi,8,25,0.564,0.03491514982090362,0.238,0.08489705684817145,0.14999999999999997,10
shared,clear,holdout,mdi_decay0,0,10,0.315,0.06541159988584007,0.0,0.0,0.14999999999999997,10
shared,clear,holdout,mdi_decay0,1,10,0.39,0.052783667133262296,0.0,0.0,0.14999999999999997,10
shared,clear,holdout,mdi_decay0,2,10,0.45499999999999996,0.046021912033181525,0.0,0.0,0.14999999999999997,10
shared,clear,holdout,mdi_decay0,3,10,0.7350000000000001,0.06320110677819658,0.53,0.12752182987078034,0.14999999999999997,10
shared,clear,holdout,mdi_decay0,4,10,0.66,0.04060696380536375,0.36,0.07689855677471161,0.14999999999999997,10
shared,clear,holdout,mdi_decay0,5,10,0.73,0.07193201324708876,0.5250000000000001,0.12532931407057807,0.14999999999999997,10
shared,clear,holdout,mdi_decay0,6,10,0.7350000000000001,0.0696223556258885,0.5149999999999999,0.13703229540175144,0.14999999999999997,10
shared,clear,holdout,mdi_decay0,7,10,0.7450000000000001,0.05949372988282917,0.5399999999999999,0.12707516709781558,0.14999999999999997,10
shared,clear,holdout,mdi_decay0,8,5,0.65,0.10256221312228223,0.33999999999999997,0.20007270736005175,0.14999999999999997,10
shared,clear,holdout,mdi_decay0,8,10,0.745,0.07242436679176704,0.535,0.14607028273334355,0.14999999999999997,10
shared,clear,holdout,mdi_decay0,8,25,0.5660000000000001,0.031670200279957386,0.242,0.08354682675106621,0.14999999999999997,10
shared,clear,holdout,mdi_decay020,0,10,0.315,0.06541159988584007,0.0,0.0,0.14999999999999997,10
shared,clear,holdout,mdi_decay020,1,10,0.38499999999999995,0.05345268834627583,0.0,0.0,0.14999999999999997,10
shared,clear,holdout,mdi_decay020,2,10,0.44000000000000006,0.04709055651362147,0.0,0.0,0.14999999999999997,10
shared,clear,holdout,mdi_decay020,3,10,0.645,0.09751795439677675,0.38499999999999995,0.16524761732672488,0.14999999999999997,10
shared,clear,holdout,mdi_decay020,4,10,0.62,0.061259505561163385,0.29500000000000004,0.10318401734899033,0.14999999999999997,10
shared,clear,holdout,mdi_decay020,5,10,0.6950000000000001,0.07436118884757449,0.485,0.1156555119827176,0.14999999999999997,10
shared,clear,holdout,mdi_decay020,6,10,0.6950000000000001,0.08165033014856429,0.47000000000000003,0.1442587159230661,0.14999999999999997,10
shared,clear,holdout,mdi_decay020,7,10,0.75,0.05592202176243729,0.5349999999999999,0.111907573233789,0.14999999999999997,10
shared,clear,holdout,mdi_decay020,8,5,0.66,0.10770022315092066,0.37,0.2052629770379671,0.14999999999999997,10
shared,clear,holdout,mdi_decay020,8,10,0.7100000000000001,0.06486603906680426,0.49499999999999994,0.10985640147236701,0.14999999999999997,10
shared,clear,holdout,mdi_decay020,8,25,0.5640000000000001,0.032902961663515286,0.246,0.07420427219298406,0.14999999999999997,10
shared,clear,holdout,mdi_no_novelty,0,10,0.30000000000000004,0.05840864678825162,0.0,0.0,0.14999999999999997,10
shared,clear,holdout,mdi_no_novelty,1,10,0.39999999999999997,0.0533195556654618,0.0,0.0,0.14999999999999997,10
shared,clear,holdout,mdi_no_novelty,2,10,0.465,0.03789066353685235,0.0,0.0,0.14999999999999997,10
shared,clear,holdout,mdi_no_novelty,3,10,0.7249999999999999,0.07002950737528385,0.505,0.146459026688195,0.14999999999999997,10
shared,clear,holdout,mdi_no_novelty,4,10,0.6500000000000001,0.04130115022390257,0.32999999999999996,0.08121392761072753,0.14999999999999997,10
shared,clear,holdout,mdi_no_novelty,5,10,0.7300000000000001,0.06786471488562297,0.52,0.14026185195279217,0.14999999999999997,10
shared,clear,holdout,mdi_no_novelty,6,10,0.715,0.06541159988584007,0.4700000000000001,0.14127166954086445,0.14999999999999997,10
shared,clear,holdout,mdi_no_novelty,7,10,0.74,0.08051076348728783,0.5149999999999999,0.16610560656942294,0.14999999999999997,10
shared,clear,holdout,mdi_no_novelty,8,5,0.5999999999999999,0.0674444958923977,0.23999999999999994,0.13572942977124594,0.14999999999999997,10
shared,clear,holdout,mdi_no_novelty,8,10,0.72,0.08121392761072754,0.495,0.16644756391864202,0.14999999999999997,10
shared,clear,holdout,mdi_no_novelty,8,25,0.552,0.031053777959373734,0.20800000000000002,0.08154929281284203,0.14999999999999997,10
shared,clear,holdout,mdi_original,0,10,0.24000000000000005,0.07113715997370754,0.0,0.0,0.14999999999999997,10
shared,clear,holdout,mdi_original,1,10,0.355,0.07242436679176704,0.0,0.0,0.14999999999999997,10
shared,clear,holdout,mdi_original,2,10,0.495,0.01131078581427049,0.0,0.0,0.14999999999999997,10
shared,clear,holdout,mdi_original,3,10,0.495,0.01131078581427049,0.0,0.0,0.14999999999999997,10
shared,clear,holdout,mdi_original,4,10,0.5,0.016861123973099426,0.015000000000000003,0.033932357442811485,0.14999999999999997,10
shared,clear,holdout,mdi_original,5,10,0.5,0.0,0.0,0.0,0.14999999999999997,10
shared,clear,holdout,mdi_original,6,10,0.5,0.0,0.0,0.0,0.14999999999999997,10
shared,clear,holdout,mdi_original,7,10,0.495,0.01131078581427049,-0.004999999999999999,0.01131078581427049,0.14999999999999997,10
shared,clear,holdout,mdi_original,8,5,0.5,0.0,0.0,0.0,0.14999999999999997,10
shared,clear,holdout,mdi_original,8,10,0.5,0.0,0.0,0.0,0.14999999999999997,10
shared,clear,holdout,mdi_original,8,25,0.288,0.01206483820188852,-0.0019999999999999853,0.010556733426652453,0.14999999999999997,10
shared,clear,holdout,mdi_reset,0,10,0.315,0.06541159988584007,0.0,0.0,0.14999999999999997,10
shared,clear,holdout,mdi_reset,1,10,0.315,0.06541159988584007,0.0,0.0,0.14999999999999997,10
shared,clear,holdout,mdi_reset,2,10,0.315,0.06541159988584007,0.0,0.0,0.14999999999999997,10
shared,clear,holdout,mdi_reset,3,10,0.315,0.06541159988584007,0.0,0.0,0.14999999999999997,10
shared,clear,holdout,mdi_reset,4,10,0.315,0.06541159988584007,0.0,0.0,0.14999999999999997,10
shared,clear,holdout,mdi_reset,5,10,0.315,0.06541159988584007,0.0,0.0,0.14999999999999997,10
shared,clear,holdout,mdi_reset,6,10,0.315,0.06541159988584007,0.0,0.0,0.14999999999999997,10
shared,clear,holdout,mdi_reset,7,10,0.315,0.06541159988584007,0.0,0.0,0.14999999999999997,10
shared,clear,holdout,mdi_reset,8,5,0.32999999999999996,0.06786471488562297,0.0,0.0,0.14999999999999997,10
shared,clear,holdout,mdi_reset,8,10,0.315,0.06541159988584007,0.0,0.0,0.14999999999999997,10
shared,clear,holdout,mdi_reset,8,25,0.31199999999999994,0.030312530829481866,0.0,0.0,0.14999999999999997,10
shared,clear,holdout,mdi_with_delta,0,10,0.31500000000000006,0.05072368667405657,0.0,0.0,0.14999999999999997,10
shared,clear,holdout,mdi_with_delta,1,10,0.39,0.052783667133262296,0.0,0.0,0.14999999999999997,10
shared,clear,holdout,mdi_with_delta,2,10,0.5,0.0,0.0,0.0,0.14999999999999997,10
shared,clear,holdout,mdi_with_delta,3,10,0.7550000000000001,0.05183253216332728,0.57,0.09111249666087448,0.14999999999999997,10
shared,clear,holdout,mdi_with_delta,4,10,0.5899999999999999,0.03286838155762565,0.20999999999999996,0.07310809141785256,0.14999999999999997,10
shared,clear,holdout,mdi_with_delta,5,10,0.76,0.04060696380536377,0.575,0.07002950737528385,0.14999999999999997,10
shared,clear,holdout,mdi_with_delta,6,10,0.765,0.0447693800106212,0.575,0.07772594103495852,0.14999999999999997,10
shared,clear,holdout,mdi_with_delta,7,10,0.775,0.025291685959649153,0.5950000000000001,0.05949372988282917,0.14999999999999997,10
shared,clear,holdout,mdi_with_delta,8,5,0.71,0.08564388794429342,0.43000000000000005,0.17211565783070107,0.14999999999999997,10
shared,clear,holdout,mdi_with_delta,8,10,0.78,0.03844927838735581,0.6,0.07540523876180331,0.14999999999999997,10
shared,clear,holdout,mdi_with_delta,8,25,0.586,0.015156265414740916,0.30199999999999994,0.042894911476650324,0.14999999999999997,10
shared,clear,holdout,predicate_match,0,10,0.14000000000000004,0.03286838155762566,0.0,0.0,0.14999999999999997,10
shared,clear,holdout,predicate_match,1,10,0.23999999999999994,0.0527836671332623,0.0,0.0,0.14999999999999997,10
shared,clear,holdout,predicate_match,2,10,0.29000000000000004,0.05001817684001294,0.0,0.0,0.14999999999999997,10
shared,clear,holdout,predicate_match,3,10,1.0,0.0,1.0,0.0,0.14999999999999997,10
shared,clear,holdout,predicate_match,4,10,0.5349999999999999,0.05604897316704667,0.325,0.08472609938097443,0.14999999999999997,10
shared,clear,holdout,predicate_match,5,10,1.0,0.0,1.0,0.0,0.14999999999999997,10
shared,clear,holdout,predicate_match,6,10,1.0,0.0,1.0,0.0,0.14999999999999997,10
shared,clear,holdout,predicate_match,7,10,1.0,0.0,1.0,0.0,0.14999999999999997,10
shared,clear,holdout,predicate_match,8,5,1.0,0.0,1.0,0.0,0.14999999999999997,10
shared,clear,holdout,predicate_match,8,10,1.0,0.0,1.0,0.0,0.14999999999999997,10
shared,clear,holdout,predicate_match,8,25,0.5999999999999999,8.371663225071135e-17,0.44399999999999995,0.02845486398948303,0.14999999999999997,10
shared,clear,holdout,random,0,10,0.16,0.04709055651362149,0.0,0.0,0.14999999999999997,10
shared,clear,holdout,random,1,10,0.16,0.04709055651362149,0.0,0.0,0.14999999999999997,10
shared,clear,holdout,random,2,10,0.16,0.04709055651362149,0.0,0.0,0.14999999999999997,10
shared,clear,holdout,random,3,10,0.16,0.04709055651362149,0.0,0.0,0.14999999999999997,10
shared,clear,holdout,random,4,10,0.16,0.04709055651362149,0.0,0.0,0.14999999999999997,10
shared,clear,holdout,random,5,10,0.16,0.04709055651362149,0.0,0.0,0.14999999999999997,10
shared,clear,holdout,random,6,10,0.16,0.04709055651362149,0.0,0.0,0.14999999999999997,10
shared,clear,holdout,random,7,10,0.16,0.04709055651362149,0.0,0.0,0.14999999999999997,10
shared,clear,holdout,random,8,5,0.15,0.06079364704696508,0.0,0.0,0.14999999999999997,10
shared,clear,holdout,random,8,10,0.16,0.04709055651362149,0.0,0.0,0.14999999999999997,10
shared,clear,holdout,random,8,25,0.174,0.031670200279957386,0.0,0.0,0.14999999999999997,10
shared,clear,holdout,recurrence,0,10,0.14000000000000004,0.03286838155762566,0.0,0.0,0.14999999999999997,10
shared,clear,holdout,recurrence,1,10,0.14000000000000004,0.03286838155762566,0.0,0.0,0.14999999999999997,10
shared,clear,holdout,recurrence,2,10,0.14000000000000004,0.03286838155762566,0.0,0.0,0.14999999999999997,10
shared,clear,holdout,recurrence,3,10,0.14000000000000004,0.03286838155762566,0.0,0.0,0.14999999999999997,10
shared,clear,holdout,recurrence,4,10,0.14000000000000004,0.03286838155762566,0.0,0.0,0.14999999999999997,10
shared,clear,holdout,recurrence,5,10,0.14000000000000004,0.03286838155762566,0.0,0.0,0.14999999999999997,10
shared,clear,holdout,recurrence,6,10,0.14000000000000004,0.03286838155762566,0.0,0.0,0.14999999999999997,10
shared,clear,holdout,recurrence,7,10,0.14000000000000004,0.03286838155762566,0.0,0.0,0.14999999999999997,10
shared,clear,holdout,recurrence,8,5,0.19,0.05278366713326231,0.0,0.0,0.14999999999999997,10
shared,clear,holdout,recurrence,8,10,0.14000000000000004,0.03286838155762566,0.0,0.0,0.14999999999999997,10
shared,clear,holdout,recurrence,8,25,0.14200000000000002,0.029744475539029792,0.0,0.0,0.14999999999999997,10
shared,clear,holdout,similarity,0,10,0.25,0.07153569059883398,0.0,0.0,0.14999999999999997,10
shared,clear,holdout,similarity,1,10,0.25,0.07153569059883398,0.0,0.0,0.14999999999999997,10
shared,clear,holdout,similarity,2,10,0.25,0.07153569059883398,0.0,0.0,0.14999999999999997,10
shared,clear,holdout,similarity,3,10,0.25,0.07153569059883398,0.0,0.0,0.14999999999999997,10
shared,clear,holdout,similarity,4,10,0.25,0.07153569059883398,0.0,0.0,0.14999999999999997,10
shared,clear,holdout,similarity,5,10,0.25,0.07153569059883398,0.0,0.0,0.14999999999999997,10
shared,clear,holdout,similarity,6,10,0.25,0.07153569059883398,0.0,0.0,0.14999999999999997,10
shared,clear,holdout,similarity,7,10,0.25,0.07153569059883398,0.0,0.0,0.14999999999999997,10
shared,clear,holdout,similarity,8,5,0.19,0.09204382406636306,0.0,0.0,0.14999999999999997,10
shared,clear,holdout,similarity,8,10,0.25,0.07153569059883398,0.0,0.0,0.14999999999999997,10
shared,clear,holdout,similarity,8,25,0.23599999999999993,0.039210724156137716,0.0,0.0,0.14999999999999997,10
shared,clear,holdout,value_profile,0,10,0.14000000000000004,0.03286838155762566,0.0,0.0,0.14999999999999997,10
shared,clear,holdout,value_profile,1,10,0.295,0.09751795439677671,0.0,0.0,0.14999999999999997,10
shared,clear,holdout,value_profile,2,10,0.5,0.0,0.0,0.0,0.14999999999999997,10
shared,clear,holdout,value_profile,3,10,0.775,0.061375417690472965,0.595,0.10723727869162582,0.14999999999999997,10
shared,clear,holdout,value_profile,4,10,0.655,0.03936269025254044,0.31500000000000006,0.08268829974277671,0.14999999999999997,10
shared,clear,holdout,value_profile,5,10,0.7750000000000001,0.059013933905847984,0.595,0.10318401734899035,0.14999999999999997,10
shared,clear,holdout,value_profile,6,10,0.7050000000000001,0.07809085356235448,0.45499999999999996,0.16124207430020573,0.14999999999999997,10
shared,clear,holdout,value_profile,7,10,0.76,0.04060696380536377,0.5449999999999999,0.07436118884757449,0.14999999999999997,10
shared,clear,holdout,value_profile,8,5,0.6399999999999999,0.07689855677471162,0.31,0.148722377695149,0.14999999999999997,10
shared,clear,holdout,value_profile,8,10,0.7350000000000001,0.06541159988584007,0.5349999999999999,0.1273545149115131,0.14999999999999997,10
shared,clear,holdout,value_profile,8,25,0.548,0.025415033419563127,0.198,0.061979253320032145,0.14999999999999997,10
shared,detour,exposed,association_only,0,10,0.38999999999999996,0.05278366713326231,0.0,0.0,0.14999999999999997,10
shared,detour,exposed,association_only,1,10,0.38,0.041983860114865726,0.0,0.0,0.14999999999999997,10
shared,detour,exposed,association_only,2,10,0.45499999999999996,0.046021912033181525,0.0,0.0,0.14999999999999997,10
shared,detour,exposed,association_only,3,10,0.725,0.06584479402316085,0.515,0.10263148851898356,0.14999999999999997,10
shared,detour,exposed,association_only,4,10,0.7150000000000001,0.06320110677819657,0.4699999999999999,0.1371878077976257,0.14999999999999997,10
shared,detour,exposed,association_only,5,10,0.6849999999999999,0.060910445708045664,0.44499999999999995,0.08671602457607377,0.14999999999999997,10
shared,detour,exposed,association_only,6,10,0.71,0.043968431983939925,0.475,0.08472609938097445,0.14999999999999997,10
shared,detour,exposed,association_only,7,10,0.565,0.04783926094926254,0.16999999999999998,0.07763444489843432,0.14999999999999997,10
shared,detour,exposed,association_only,8,5,0.5399999999999999,0.05001817684001294,0.09,0.09802681039034428,0.14999999999999997,10
shared,detour,exposed,association_only,8,10,0.52,0.0564281137229108,0.135,0.0560489731670467,0.14999999999999997,10
shared,detour,exposed,association_only,8,25,0.458,0.018408764813272617,0.02599999999999999,0.025280442711278626,0.14999999999999997,10
shared,detour,exposed,clustering,0,10,0.15,0.03372224794619885,0.0,0.0,0.14999999999999997,10
shared,detour,exposed,clustering,1,10,0.15,0.03372224794619885,0.0,0.0,0.14999999999999997,10
shared,detour,exposed,clustering,2,10,0.15,0.03372224794619885,0.0,0.0,0.14999999999999997,10
shared,detour,exposed,clustering,3,10,0.15,0.03372224794619885,0.0,0.0,0.14999999999999997,10
shared,detour,exposed,clustering,4,10,0.15,0.03372224794619885,0.0,0.0,0.14999999999999997,10
shared,detour,exposed,clustering,5,10,0.15,0.03372224794619885,0.0,0.0,0.14999999999999997,10
shared,detour,exposed,clustering,6,10,0.15,0.03372224794619885,0.0,0.0,0.14999999999999997,10
shared,detour,exposed,clustering,7,10,0.15,0.03372224794619885,0.0,0.0,0.14999999999999997,10
shared,detour,exposed,clustering,8,5,0.18,0.04524314325708199,0.0,0.0,0.14999999999999997,10
shared,detour,exposed,clustering,8,10,0.15,0.03372224794619885,0.0,0.0,0.14999999999999997,10
shared,detour,exposed,clustering,8,25,0.15,0.013904039021544606,0.0,0.0,0.14999999999999997,10
shared,detour,exposed,competing_models,0,10,0.14000000000000004,0.03286838155762566,0.0,0.0,0.14999999999999997,10
shared,detour,exposed,competing_models,1,10,0.37500000000000006,0.07397788119767551,0.0,0.0,0.14999999999999997,10
shared,detour,exposed,competing_models,2,10,0.47000000000000003,0.030162095504721324,0.0,0.0,0.14999999999999997,10
shared,detour,exposed,competing_models,3,10,0.7849999999999999,0.07549943647343582,0.6199999999999999,0.13190529595181974,0.14999999999999997,10
shared,detour,exposed,competing_models,4,10,0.8049999999999999,0.06627515673523318,0.64,0.12251901112232681,0.14999999999999997,10
shared,detour,exposed,competing_models,5,10,0.77,0.06992794168387285,0.6049999999999999,0.12441864395697541,0.14999999999999997,10
shared,detour,exposed,competing_models,6,10,0.795,0.07043430558720785,0.6299999999999999,0.12863170136178897,0.14999999999999997,10
shared,detour,exposed,competing_models,7,10,0.7350000000000001,0.08268829974277671,0.51,0.16416882516213127,0.14999999999999997,10
shared,detour,exposed,competing_models,8,5,0.6,0.0892206817157008,0.20999999999999996,0.1798695518596818,0.14999999999999997,10
shared,detour,exposed,competing_models,8,10,0.7,0.09975175465758977,0.45,0.19950350931517954,0.14999999999999997,10
shared,detour,exposed,competing_models,8,25,0.57,0.041712117064633826,0.246,0.09100009685522346,0.14999999999999997,10
shared,detour,exposed,context_oracle,0,10,0.26999999999999996,0.03016209550472131,0.0,0.0,0.14999999999999997,10
shared,detour,exposed,context_oracle,1,10,0.305,0.04602191203318153,0.0,0.0,0.14999999999999997,10
shared,detour,exposed,context_oracle,2,10,0.325,0.05655392907135247,0.0,0.0,0.14999999999999997,10
shared,detour,exposed,context_oracle,3,10,0.305,0.04901340519517213,0.0,0.0,0.14999999999999997,10
shared,detour,exposed,context_oracle,4,10,0.355,0.05183253216332726,0.0,0.0,0.14999999999999997,10
shared,detour,exposed,context_oracle,5,10,0.30999999999999994,0.047090556513621484,0.0,0.0,0.14999999999999997,10
shared,detour,exposed,context_oracle,6,10,0.27,0.05385011157546032,0.0,0.0,0.14999999999999997,10
shared,detour,exposed,context_oracle,7,10,0.31500000000000006,0.0294466870800519,0.0,0.0,0.14999999999999997,10
shared,detour,exposed,context_oracle,8,5,0.3,0.07540523876180329,0.0,0.0,0.14999999999999997,10
shared,detour,exposed,context_oracle,8,10,0.30000000000000004,0.05058337191929827,0.0,0.0,0.14999999999999997,10
shared,detour,exposed,context_oracle,8,25,0.308,0.022571245489164313,0.0,0.0,0.14999999999999997,10
shared,detour,exposed,delta_only,0,10,0.205,0.039362690252540446,0.0,0.0,0.14999999999999997,10
shared,detour,exposed,delta_only,1,10,0.275,0.034760097553861516,0.0,0.0,0.14999999999999997,10
shared,detour,exposed,delta_only,2,10,0.41000000000000003,0.04396843198393992,0.0,0.0,0.14999999999999997,10
shared,detour,exposed,delta_only,3,10,0.67,0.07193201324708873,0.495,0.1310945611911874,0.14999999999999997,10
shared,detour,exposed,delta_only,4,10,0.67,0.07193201324708873,0.495,0.1310945611911874,0.14999999999999997,10
shared,detour,exposed,delta_only,5,10,0.67,0.09111249666087447,0.555,0.1289076761509474,0.14999999999999997,10
shared,detour,exposed,delta_only,6,10,0.6649999999999999,0.09087817352110696,0.54,0.1303878468180468,0.14999999999999997,10
shared,detour,exposed,delta_only,7,10,0.495,0.07624882889894678,0.22000000000000003,0.11082261533949218,0.14999999999999997,10
shared,detour,exposed,delta_only,8,5,0.5000000000000001,0.11681729357650324,0.26,0.20842422663888102,0.14999999999999997,10
shared,detour,exposed,delta_only,8,10,0.39499999999999996,0.04602191203318153,0.06500000000000002,0.0696223556258885,0.14999999999999997,10
shared,detour,exposed,delta_only,8,25,0.254,0.033075319897110676,0.012,0.01931316447780455,0.14999999999999997,10
shared,detour,exposed,frequency,0,10,0.27999999999999997,0.05385011157546032,0.0,0.0,0.14999999999999997,10
shared,detour,exposed,frequency,1,10,0.275,0.056553929071352455,0.0,0.0,0.14999999999999997,10
shared,detour,exposed,frequency,2,10,0.27,0.06353758354890779,0.0,0.0,0.14999999999999997,10
shared,detour,exposed,frequency,3,10,0.275,0.06137541769047296,0.0,0.0,0.14999999999999997,10
shared,detour,exposed,frequency,4,10,0.275,0.056553929071352455,0.0,0.0,0.14999999999999997,10
shared,detour,exposed,frequency,5,10,0.27999999999999997,0.05385011157546032,0.0,0.0,0.14999999999999997,10
shared,detour,exposed,frequency,6,10,0.275,0.06137541769047296,0.0,0.0,0.14999999999999997,10
shared,detour,exposed,frequency,7,10,0.27999999999999997,0.05385011157546032,0.0,0.0,0.14999999999999997,10
shared,detour,exposed,frequency,8,5,0.27,0.08953876002124236,0.0,0.0,0.14999999999999997,10
shared,detour,exposed,frequency,8,10,0.27999999999999997,0.05385011157546032,0.0,0.0,0.14999999999999997,10
shared,detour,exposed,frequency,8,25,0.28800000000000003,0.04329075109981364,0.0,0.0,0.14999999999999997,10
shared,detour,exposed,mdi,0,10,0.315,0.06541159988584007,0.0,0.0,0.14999999999999997,10
shared,detour,exposed,mdi,1,10,0.40499999999999997,0.03936269025254045,0.0,0.0,0.14999999999999997,10
shared,detour,exposed,mdi,2,10,0.44499999999999995,0.04282194397214671,0.0,0.0,0.14999999999999997,10
shared,detour,exposed,mdi,3,10,0.675,0.06796936369857164,0.45,0.11056578390423419,0.14999999999999997,10
shared,detour,exposed,mdi,4,10,0.6500000000000001,0.080863109868674,0.37499999999999994,0.16966178721405736,0.14999999999999997,10
shared,detour,exposed,mdi,5,10,0.62,0.08294576263798363,0.36500000000000005,0.13174354813383357,0.14999999999999997,10
shared,detour,exposed,mdi,6,10,0.6500000000000001,0.09079993142866694,0.4,0.1634746621155873,0.14999999999999997,10
shared,detour,exposed,mdi,7,10,0.52,0.0564281137229108,0.12000000000000002,0.11335893027881618,0.14999999999999997,10
shared,detour,exposed,mdi,8,5,0.48999999999999994,0.0787253805050809,0.039999999999999994,0.10770022315092066,0.14999999999999997,10
shared,detour,exposed,mdi,8,10,0.495,0.04282194397214671,0.1,0.06530285234615271,0.14999999999999997,10
shared,detour,exposed,mdi,8,25,0.472,0.01931316447780455,0.052000000000000005,0.04057894933924526,0.14999999999999997,10
shared,detour,exposed,mdi_decay0,0,10,0.315,0.06541159988584007,0.0,0.0,0.14999999999999997,10
shared,detour,exposed,mdi_decay0,1,10,0.42000000000000004,0.038449278387355804,0.0,0.0,0.14999999999999997,10
shared,detour,exposed,mdi_decay0,2,10,0.44499999999999995,0.04282194397214671,0.0,0.0,0.14999999999999997,10
shared,detour,exposed,mdi_decay0,3,10,0.6599999999999999,0.06702164221990091,0.41500000000000004,0.1284658319164401,0.14999999999999997,10
shared,detour,exposed,mdi_decay0,4,10,0.6500000000000001,0.08922068171570079,0.38,0.1793947523904225,0.14999999999999997,10
shared,detour,exposed,mdi_decay0,5,10,0.635,0.07735930719339852,0.38499999999999995,0.12623341462033966,0.14999999999999997,10
shared,detour,exposed,mdi_decay0,6,10,0.6450000000000001,0.09150170175022383,0.38999999999999996,0.16503242304695961,0.14999999999999997,10
shared,detour,exposed,mdi_decay0,7,10,0.55,0.06744449589239768,0.185,0.13909149861276682,0.14999999999999997,10
shared,detour,exposed,mdi_decay0,8,5,0.5199999999999999,0.030162095504721306,0.07999999999999999,0.06573676311525131,0.14999999999999997,10
shared,detour,exposed,mdi_decay0,8,10,0.505,0.039362690252540466,0.11000000000000003,0.07689855677471162,0.14999999999999997,10
shared,detour,exposed,mdi_decay0,8,25,0.49400000000000005,0.028653990729485265,0.094,0.07202680618948679,0.14999999999999997,10
shared,detour,exposed,mdi_decay020,0,10,0.315,0.06541159988584007,0.0,0.0,0.14999999999999997,10
shared,detour,exposed,mdi_decay020,1,10,0.40499999999999997,0.04602191203318153,0.0,0.0,0.14999999999999997,10
shared,detour,exposed,mdi_decay020,2,10,0.45499999999999996,0.03936269025254045,0.0,0.0,0.14999999999999997,10
shared,detour,exposed,mdi_decay020,3,10,0.66,0.07872538050508089,0.42000000000000004,0.1170604099551432,0.14999999999999997,10
shared,detour,exposed,mdi_decay020,4,10,0.605,0.07242436679176702,0.30500000000000005,0.14252388042678493,0.14999999999999997,10
shared,detour,exposed,mdi_decay020,5,10,0.625,0.08801765118194883,0.38500000000000006,0.1370322954017514,0.14999999999999997,10
shared,detour,exposed,mdi_decay020,6,10,0.635,0.09395444335317456,0.37500000000000006,0.16282119649351023,0.14999999999999997,10
shared,detour,exposed,mdi_decay020,7,10,0.47000000000000003,0.05114232117388981,0.02000000000000001,0.07763444489843432,0.14999999999999997,10
shared,detour,exposed,mdi_decay020,8,5,0.43999999999999995,0.08396772022973147,-0.030000000000000006,0.09567852189852508,0.14999999999999997,10
shared,detour,exposed,mdi_decay020,8,10,0.43499999999999994,0.06320110677819658,-0.004999999999999999,0.07989041814719287,0.14999999999999997,10
shared,detour,exposed,mdi_decay020,8,25,0.45,0.02159277431650259,0.009999999999999998,0.018159986285733374,0.14999999999999997,10
shared,detour,exposed,mdi_no_novelty,0,10,0.30000000000000004,0.05840864678825162,0.0,0.0,0.14999999999999997,10
shared,detour,exposed,mdi_no_novelty,1,10,0.42000000000000004,0.04198386011486573,0.0,0.0,0.14999999999999997,10
shared,detour,exposed,mdi_no_novelty,2,10,0.465,0.044769380010621175,0.0,0.0,0.14999999999999997,10
shared,detour,exposed,mdi_no_novelty,3,10,0.765,0.05853020497757162,0.585,0.10536516235879254,0.14999999999999997,10
shared,detour,exposed,mdi_no_novelty,4,10,0.715,0.08605782891535053,0.4800000000000001,0.17700165163159448,0.14999999999999997,10
shared,detour,exposed,mdi_no_novelty,5,10,0.725,0.05128110656114112,0.525,0.09273618185204684,0.14999999999999997,10
shared,detour,exposed,mdi_no_novelty,6,10,0.735,0.06320110677819657,0.52,0.139244711251777,0.14999999999999997,10
shared,detour,exposed,mdi_no_novelty,7,10,0.575,0.061375417690472965,0.17500000000000002,0.13723960610334068,0.14999999999999997,10
shared,detour,exposed,mdi_no_novelty,8,5,0.54,0.06032419100944261,0.09,0.11898745976565829,0.14999999999999997,10
shared,detour,exposed,mdi_no_novelty,8,10,0.53,0.06353758354890779,0.12,0.09715285407193539,0.14999999999999997,10
shared,detour,exposed,mdi_no_novelty,8,25,0.46799999999999997,0.012064838201888526,0.035999999999999976,0.025946415626721703,0.14999999999999997,10
shared,detour,exposed,mdi_original,0,10,0.24000000000000005,0.07113715997370754,0.0,0.0,0.14999999999999997,10
shared,detour,exposed,mdi_original,1,10,0.345,0.07043430558720785,0.0,0.0,0.14999999999999997,10
shared,detour,exposed,mdi_original,2,10,0.495,0.01131078581427049,0.0,0.0,0.14999999999999997,10
shared,detour,exposed,mdi_original,3,10,0.495,0.01131078581427049,0.0,0.0,0.14999999999999997,10
shared,detour,exposed,mdi_original,4,10,0.495,0.01131078581427049,0.0,0.0,0.14999999999999997,10
shared,detour,exposed,mdi_original,5,10,0.495,0.01131078581427049,-0.004999999999999999,0.01131078581427049,0.14999999999999997,10
shared,detour,exposed,mdi_original,6,10,0.495,0.01131078581427049,-0.004999999999999999,0.01131078581427049,0.14999999999999997,10
shared,detour,exposed,mdi_original,7,10,0.5,0.0,0.0,0.0,0.14999999999999997,10
shared,detour,exposed,mdi_original,8,5,0.5,0.0,0.0,0.0,0.14999999999999997,10
shared,detour,exposed,mdi_original,8,10,0.5,0.0,0.0,0.0,0.14999999999999997,10
shared,detour,exposed,mdi_original,8,25,0.288,0.012064838201888518,-0.0020000000000000018,0.010556733426652452,0.14999999999999997,10
shared,detour,exposed,mdi_reset,0,10,0.315,0.06541159988584007,0.0,0.0,0.14999999999999997,10
shared,detour,exposed,mdi_reset,1,10,0.315,0.06541159988584007,0.0,0.0,0.14999999999999997,10
shared,detour,exposed,mdi_reset,2,10,0.315,0.06541159988584007,0.0,0.0,0.14999999999999997,10
shared,detour,exposed,mdi_reset,3,10,0.315,0.06541159988584007,0.0,0.0,0.14999999999999997,10
shared,detour,exposed,mdi_reset,4,10,0.315,0.06541159988584007,0.0,0.0,0.14999999999999997,10
shared,detour,exposed,mdi_reset,5,10,0.315,0.06541159988584007,0.0,0.0,0.14999999999999997,10
shared,detour,exposed,mdi_reset,6,10,0.315,0.06541159988584007,0.0,0.0,0.14999999999999997,10
shared,detour,exposed,mdi_reset,7,10,0.315,0.06541159988584007,0.0,0.0,0.14999999999999997,10
shared,detour,exposed,mdi_reset,8,5,0.32999999999999996,0.06786471488562297,0.0,0.0,0.14999999999999997,10
shared,detour,exposed,mdi_reset,8,10,0.315,0.06541159988584007,0.0,0.0,0.14999999999999997,10
shared,detour,exposed,mdi_reset,8,25,0.31199999999999994,0.030312530829481866,0.0,0.0,0.14999999999999997,10
shared,detour,exposed,mdi_with_delta,0,10,0.31500000000000006,0.05072368667405657,0.0,0.0,0.14999999999999997,10
shared,detour,exposed,mdi_with_delta,1,10,0.41,0.040606963805363765,0.0,0.0,0.14999999999999997,10
shared,detour,exposed,mdi_with_delta,2,10,0.45,0.047690460399222645,0.0,0.0,0.14999999999999997,10
shared,detour,exposed,mdi_with_delta,3,10,0.76,0.08051076348728783,0.5900000000000001,0.13038784681804677,0.14999999999999997,10
shared,detour,exposed,mdi_with_delta,4,10,0.7300000000000001,0.086305240529583,0.5199999999999999,0.15835100139978694,0.14999999999999997,10
shared,detour,exposed,mdi_with_delta,5,10,0.6799999999999999,0.09860514467287698,0.47000000000000003,0.16537659948555342,0.14999999999999997,10
shared,detour,exposed,mdi_with_delta,6,10,0.6900000000000001,0.09802681039034428,0.475,0.16369190428733635,0.14999999999999997,10
shared,detour,exposed,mdi_with_delta,7,10,0.55,0.07540523876180329,0.21000000000000005,0.1090120890928815,0.14999999999999997,10
shared,detour,exposed,mdi_with_delta,8,5,0.53,0.0588933741601038,0.10999999999999999,0.1036650643266545,0.14999999999999997,10
shared,detour,exposed,mdi_with_delta,8,10,0.48500000000000004,0.04783926094926256,0.09000000000000001,0.0527836671332623,0.14999999999999997,10
shared,detour,exposed,mdi_with_delta,8,25,0.4640000000000001,0.03425755517771735,0.12999999999999998,0.05058337191929827,0.14999999999999997,10
shared,detour,exposed,predicate_match,0,10,0.14000000000000004,0.03286838155762566,0.0,0.0,0.14999999999999997,10
shared,detour,exposed,predicate_match,1,10,0.23999999999999994,0.0527836671332623,0.0,0.0,0.14999999999999997,10
shared,detour,exposed,predicate_match,2,10,0.29000000000000004,0.05001817684001294,0.0,0.0,0.14999999999999997,10
shared,detour,exposed,predicate_match,3,10,1.0,0.0,1.0,0.0,0.14999999999999997,10
shared,detour,exposed,predicate_match,4,10,1.0,0.0,1.0,0.0,0.14999999999999997,10
shared,detour,exposed,predicate_match,5,10,1.0,0.0,1.0,0.0,0.14999999999999997,10
shared,detour,exposed,predicate_match,6,10,1.0,0.0,1.0,0.0,0.14999999999999997,10
shared,detour,exposed,predicate_match,7,10,0.925,0.07002950737528384,0.85,0.14005901475056767,0.14999999999999997,10
shared,detour,exposed,predicate_match,8,5,0.85,0.09685978295451383,0.7,0.19371956590902767,0.14999999999999997,10
shared,detour,exposed,predicate_match,8,10,0.545,0.03556857998685376,0.09000000000000001,0.07113715997370754,0.14999999999999997,10
shared,detour,exposed,predicate_match,8,25,0.404,0.018836222605448594,0.1,0.05642811372291081,0.14999999999999997,10
shared,detour,exposed,random,0,10,0.16,0.04709055651362149,0.0,0.0,0.14999999999999997,10
shared,detour,exposed,random,1,10,0.16,0.04709055651362149,0.0,0.0,0.14999999999999997,10
shared,detour,exposed,random,2,10,0.16,0.04709055651362149,0.0,0.0,0.14999999999999997,10
shared,detour,exposed,random,3,10,0.16,0.04709055651362149,0.0,0.0,0.14999999999999997,10
shared,detour,exposed,random,4,10,0.16,0.04709055651362149,0.0,0.0,0.14999999999999997,10
shared,detour,exposed,random,5,10,0.16,0.04709055651362149,0.0,0.0,0.14999999999999997,10
shared,detour,exposed,random,6,10,0.16,0.04709055651362149,0.0,0.0,0.14999999999999997,10
shared,detour,exposed,random,7,10,0.16,0.04709055651362149,0.0,0.0,0.14999999999999997,10
shared,detour,exposed,random,8,5,0.15,0.06079364704696508,0.0,0.0,0.14999999999999997,10
shared,detour,exposed,random,8,10,0.16,0.04709055651362149,0.0,0.0,0.14999999999999997,10
shared,detour,exposed,random,8,25,0.174,0.031670200279957386,0.0,0.0,0.14999999999999997,10
shared,detour,exposed,recurrence,0,10,0.14000000000000004,0.03286838155762566,0.0,0.0,0.14999999999999997,10
shared,detour,exposed,recurrence,1,10,0.17500000000000002,0.056553929071352455,0.0,0.0,0.14999999999999997,10
shared,detour,exposed,recurrence,2,10,0.275,0.045399965714333454,0.0,0.0,0.14999999999999997,10
shared,detour,exposed,recurrence,3,10,0.69,0.06032419100944265,0.575,0.0911904705704476,0.14999999999999997,10
shared,detour,exposed,recurrence,4,10,0.55,0.07540523876180329,0.38,0.09265950868321117,0.14999999999999997,10
shared,detour,exposed,recurrence,5,10,0.6699999999999999,0.07388174355966146,0.5549999999999999,0.07989041814719285,0.14999999999999997,10
shared,detour,exposed,recurrence,6,10,0.665,0.05072368667405654,0.5399999999999999,0.05001817684001291,0.14999999999999997,10
shared,detour,exposed,recurrence,7,10,0.5,0.02920432339412582,0.13000000000000003,0.05114232117388981,0.14999999999999997,10
shared,detour,exposed,recurrence,8,5,0.6399999999999999,0.060324191009442606,0.36,0.09048628651416393,0.14999999999999997,10
shared,detour,exposed,recurrence,8,10,0.5,0.02920432339412582,0.15500000000000003,0.07989041814719286,0.14999999999999997,10
shared,detour,exposed,recurrence,8,25,0.388,0.03105377795937373,0.025999999999999995,0.03572012300291519,0.14999999999999997,10
shared,detour,exposed,similarity,0,10,0.25,0.07153569059883398,0.0,0.0,0.14999999999999997,10
shared,detour,exposed,similarity,1,10,0.25,0.07153569059883398,0.0,0.0,0.14999999999999997,10
shared,detour,exposed,similarity,2,10,0.25,0.07153569059883398,0.0,0.0,0.14999999999999997,10
shared,detour,exposed,similarity,3,10,0.25,0.07153569059883398,0.0,0.0,0.14999999999999997,10
shared,detour,exposed,similarity,4,10,0.25,0.07153569059883398,0.0,0.0,0.14999999999999997,10
shared,detour,exposed,similarity,5,10,0.25,0.07153569059883398,0.0,0.0,0.14999999999999997,10
shared,detour,exposed,similarity,6,10,0.25,0.07153569059883398,0.0,0.0,0.14999999999999997,10
shared,detour,exposed,similarity,7,10,0.25,0.07153569059883398,0.0,0.0,0.14999999999999997,10
shared,detour,exposed,similarity,8,5,0.19,0.09204382406636306,0.0,0.0,0.14999999999999997,10
shared,detour,exposed,similarity,8,10,0.25,0.07153569059883398,0.0,0.0,0.14999999999999997,10
shared,detour,exposed,similarity,8,25,0.23599999999999993,0.039210724156137716,0.0,0.0,0.14999999999999997,10
shared,detour,exposed,value_profile,0,10,0.14000000000000004,0.03286838155762566,0.0,0.0,0.14999999999999997,10
shared,detour,exposed,value_profile,1,10,0.335,0.09395444335317454,0.0,0.0,0.14999999999999997,10
shared,detour,exposed,value_profile,2,10,0.5,0.0,0.0,0.0,0.14999999999999997,10
shared,detour,exposed,value_profile,3,10,0.785,0.07163497682371311,0.6199999999999999,0.1275218298707803,0.14999999999999997,10
shared,detour,exposed,value_profile,4,10,0.77,0.07193201324708874,0.5700000000000001,0.13082319977168014,0.14999999999999997,10
shared,detour,exposed,value_profile,5,10,0.715,0.03789066353685235,0.51,0.06486603906680426,0.14999999999999997,10
shared,detour,exposed,value_profile,6,10,0.765,0.0560489731670467,0.5799999999999998,0.10144737334811314,0.14999999999999997,10
shared,detour,exposed,value_profile,7,10,0.525,0.02529168595964914,0.05,0.05058337191929827,0.14999999999999997,10
shared,detour,exposed,value_profile,8,5,0.5,0.0,0.0,0.0,0.14999999999999997,10
shared,detour,exposed,value_profile,8,10,0.545,0.07242436679176704,0.14,0.10770022315092066,0.14999999999999997,10
shared,detour,exposed,value_profile,8,25,0.46799999999999997,0.016793544045946292,0.02999999999999999,0.023605573562339183,0.14999999999999997,10
shared,detour,holdout,association_only,0,10,0.38999999999999996,0.05278366713326231,0.0,0.0,0.14999999999999997,10
shared,detour,holdout,association_only,1,10,0.37500000000000006,0.04842989147725691,0.0,0.0,0.14999999999999997,10
shared,detour,holdout,association_only,2,10,0.47000000000000003,0.03455502144221818,0.0,0.0,0.14999999999999997,10
shared,detour,holdout,association_only,3,10,0.6950000000000001,0.05183253216332725,0.45500000000000007,0.09896488736601511,0.14999999999999997,10
shared,detour,holdout,association_only,4,10,0.6799999999999999,0.0511423211738898,0.39999999999999997,0.10393894872557,0.14999999999999997,10
shared,detour,holdout,association_only,5,10,0.63,0.06125950556116341,0.33,0.08294576263798363,0.14999999999999997,10
shared,detour,holdout,association_only,6,10,0.65,0.03770261938090164,0.33999999999999997,0.08564388794429338,0.14999999999999997,10
shared,detour,holdout,association_only,7,10,0.54,0.043968431983939925,0.11499999999999999,0.08268829974277671,0.14999999999999997,10
shared,detour,holdout,association_only,8,5,0.54,0.05001817684001293,0.07999999999999999,0.10003635368002586,0.14999999999999997,10
shared,detour,holdout,association_only,8,10,0.53,0.053850111575460345,0.11000000000000001,0.07689855677471162,0.14999999999999997,10
shared,detour,holdout,association_only,8,25,0.472,0.012064838201888521,0.03199999999999998,0.021540044630184118,0.14999999999999997,10
shared,detour,holdout,clustering,0,10,0.15,0.03372224794619885,0.0,0.0,0.14999999999999997,10
shared,detour,holdout,clustering,1,10,0.15,0.03372224794619885,0.0,0.0,0.14999999999999997,10
shared,detour,holdout,clustering,2,10,0.15,0.03372224794619885,0.0,0.0,0.14999999999999997,10
shared,detour,holdout,clustering,3,10,0.15,0.03372224794619885,0.0,0.0,0.14999999999999997,10
shared,detour,holdout,clustering,4,10,0.15,0.03372224794619885,0.0,0.0,0.14999999999999997,10
shared,detour,holdout,clustering,5,10,0.15,0.03372224794619885,0.0,0.0,0.14999999999999997,10
shared,detour,holdout,clustering,6,10,0.15,0.03372224794619885,0.0,0.0,0.14999999999999997,10
shared,detour,holdout,clustering,7,10,0.15,0.03372224794619885,0.0,0.0,0.14999999999999997,10
shared,detour,holdout,clustering,8,5,0.18,0.04524314325708199,0.0,0.0,0.14999999999999997,10
shared,detour,holdout,clustering,8,10,0.15,0.03372224794619885,0.0,0.0,0.14999999999999997,10
shared,detour,holdout,clustering,8,25,0.15,0.013904039021544606,0.0,0.0,0.14999999999999997,10
shared,detour,holdout,competing_models,0,10,0.14000000000000004,0.03286838155762566,0.0,0.0,0.14999999999999997,10
shared,detour,holdout,competing_models,1,10,0.35,0.07540523876180329,0.0,0.0,0.14999999999999997,10
shared,detour,holdout,competing_models,2,10,0.5,0.0,0.0,0.0,0.14999999999999997,10
shared,detour,holdout,competing_models,3,10,0.7849999999999999,0.05345268834627584,0.605,0.10039096788558362,0.14999999999999997,10
shared,detour,holdout,competing_models,4,10,0.75,0.07153569059883398,0.545,0.14252388042678493,0.14999999999999997,10
shared,detour,holdout,competing_models,5,10,0.7849999999999999,0.050723686674056585,0.605,0.09455768835192291,0.14999999999999997,10
shared,detour,holdout,competing_models,6,10,0.78,0.051142321173889824,0.6,0.09685978295451383,0.14999999999999997,10
shared,detour,holdout,competing_models,7,10,0.585,0.089300307507288,0.185,0.1870369150096789,0.14999999999999997,10
shared,detour,holdout,competing_models,8,5,0.52,0.04524314325708196,0.039999999999999994,0.09048628651416393,0.14999999999999997,10
shared,detour,holdout,competing_models,8,10,0.5650000000000001,0.0560489731670467,0.15,0.13488899178479538,0.14999999999999997,10
shared,detour,holdout,competing_models,8,25,0.5119999999999999,0.04276215067702067,0.11400000000000002,0.08897818173892788,0.14999999999999997,10
shared,detour,holdout,context_oracle,0,10,0.26999999999999996,0.03016209550472131,0.0,0.0,0.14999999999999997,10
shared,detour,holdout,context_oracle,1,10,0.305,0.04602191203318153,0.0,0.0,0.14999999999999997,10
shared,detour,holdout,context_oracle,2,10,0.325,0.05655392907135247,0.0,0.0,0.14999999999999997,10
shared,detour,holdout,context_oracle,3,10,0.305,0.04901340519517213,0.0,0.0,0.14999999999999997,10
shared,detour,holdout,context_oracle,4,10,0.355,0.05183253216332726,0.0,0.0,0.14999999999999997,10
shared,detour,holdout,context_oracle,5,10,0.30999999999999994,0.047090556513621484,0.0,0.0,0.14999999999999997,10
shared,detour,holdout,context_oracle,6,10,0.27,0.05385011157546032,0.0,0.0,0.14999999999999997,10
shared,detour,holdout,context_oracle,7,10,0.31500000000000006,0.0294466870800519,0.0,0.0,0.14999999999999997,10
shared,detour,holdout,context_oracle,8,5,0.3,0.07540523876180329,0.0,0.0,0.14999999999999997,10
shared,detour,holdout,context_oracle,8,10,0.30000000000000004,0.05058337191929827,0.0,0.0,0.14999999999999997,10
shared,detour,holdout,context_oracle,8,25,0.308,0.022571245489164313,0.0,0.0,0.14999999999999997,10
shared,detour,holdout,delta_only,0,10,0.205,0.039362690252540446,0.0,0.0,0.14999999999999997,10
shared,detour,holdout,delta_only,1,10,0.275,0.034760097553861516,0.0,0.0,0.14999999999999997,10
shared,detour,holdout,delta_only,2,10,0.425,0.045399965714333454,0.0,0.0,0.14999999999999997,10
shared,detour,holdout,delta_only,3,10,0.6599999999999999,0.07872538050508089,0.475,0.11832857624252999,0.14999999999999997,10
shared,detour,holdout,delta_only,4,10,0.6599999999999999,0.07872538050508089,0.475,0.11832857624252999,0.14999999999999997,10
shared,detour,holdout,delta_only,5,10,0.645,0.059493729882829166,0.47000000000000003,0.13404328443980185,0.14999999999999997,10
shared,detour,holdout,delta_only,6,10,0.635,0.06320110677819657,0.45999999999999996,0.13255031347046636,0.14999999999999997,10
shared,detour,holdout,delta_only,7,10,0.45,0.0674444958923977,0.15,0.11802786781169597,0.14999999999999997,10
shared,detour,holdout,delta_only,8,5,0.42000000000000004,0.12064838201888524,0.09,0.1766801224803114,0.14999999999999997,10
shared,detour,holdout,delta_only,8,10,0.38499999999999995,0.05072368667405658,0.05,0.0674444958923977,0.14999999999999997,10
shared,detour,holdout,delta_only,8,25,0.262,0.04342189575377224,0.019999999999999997,0.034390080063976425,0.14999999999999997,10
shared,detour,holdout,frequency,0,10,0.27999999999999997,0.05385011157546032,0.0,0.0,0.14999999999999997,10
shared,detour,holdout,frequency,1,10,0.275,0.056553929071352455,0.0,0.0,0.14999999999999997,10
shared,detour,holdout,frequency,2,10,0.27,0.06353758354890779,0.0,0.0,0.14999999999999997,10
shared,detour,holdout,frequency,3,10,0.275,0.06137541769047296,0.0,0.0,0.14999999999999997,10
shared,detour,holdout,frequency,4,10,0.275,0.056553929071352455,0.0,0.0,0.14999999999999997,10
shared,detour,holdout,frequency,5,10,0.27999999999999997,0.05385011157546032,0.0,0.0,0.14999999999999997,10
shared,detour,holdout,frequency,6,10,0.275,0.06137541769047296,0.0,0.0,0.14999999999999997,10
shared,detour,holdout,frequency,7,10,0.27999999999999997,0.05385011157546032,0.0,0.0,0.14999999999999997,10
shared,detour,holdout,frequency,8,5,0.27,0.08953876002124236,0.0,0.0,0.14999999999999997,10
shared,detour,holdout,frequency,8,10,0.27999999999999997,0.05385011157546032,0.0,0.0,0.14999999999999997,10
shared,detour,holdout,frequency,8,25,0.28800000000000003,0.04329075109981364,0.0,0.0,0.14999999999999997,10
shared,detour,holdout,mdi,0,10,0.315,0.06541159988584007,0.0,0.0,0.14999999999999997,10
shared,detour,holdout,mdi,1,10,0.41500000000000004,0.047839260949262545,0.0,0.0,0.14999999999999997,10
shared,detour,holdout,mdi,2,10,0.47000000000000003,0.034555021442218184,0.0,0.0,0.14999999999999997,10
shared,detour,holdout,mdi,3,10,0.7349999999999999,0.06754979571591214,0.5399999999999999,0.12135324711253759,0.14999999999999997,10
shared,detour,holdout,mdi,4,10,0.71,0.043968431983939925,0.4800000000000001,0.08793686396787985,0.14999999999999997,10
shared,detour,holdout,mdi,5,10,0.69,0.06911004288443634,0.46499999999999997,0.10933759620461474,0.14999999999999997,10
shared,detour,holdout,mdi,6,10,0.725,0.04539996571433347,0.5,0.09079993142866691,0.14999999999999997,10
shared,detour,holdout,mdi,7,10,0.53,0.04198386011486573,0.095,0.08165033014856429,0.14999999999999997,10
shared,detour,holdout,mdi,8,5,0.52,0.056428113722910796,0.06999999999999999,0.10690537669255167,0.14999999999999997,10
shared,detour,holdout,mdi,8,10,0.5599999999999999,0.05001817684001294,0.17,0.08793686396787984,0.14999999999999997,10
shared,detour,holdout,mdi,8,25,0.48200000000000004,0.020733012865330913,0.04999999999999999,0.04171211706463382,0.14999999999999997,10
shared,detour,holdout,mdi_decay0,0,10,0.315,0.06541159988584007,0.0,0.0,0.14999999999999997,10
shared,detour,holdout,mdi_decay0,1,10,0.41,0.043968431983939925,0.0,0.0,0.14999999999999997,10
shared,detour,holdout,mdi_decay0,2,10,0.47000000000000003,0.034555021442218184,0.0,0.0,0.14999999999999997,10
shared,detour,holdout,mdi_decay0,3,10,0.7499999999999999,0.05058337191929828,0.56,0.09048628651416397,0.14999999999999997,10
shared,detour,holdout,mdi_decay0,4,10,0.72,0.030162095504721327,0.48999999999999994,0.07502726526001942,0.14999999999999997,10
shared,detour,holdout,mdi_decay0,5,10,0.7,0.05840864678825163,0.475,0.09722598381813671,0.14999999999999997,10
shared,detour,holdout,mdi_decay0,6,10,0.725,0.05655392907135247,0.495,0.12094257504776362,0.14999999999999997,10
shared,detour,holdout,mdi_decay0,7,10,0.56,0.04709055651362147,0.16,0.0965658223890227,0.14999999999999997,10
shared,detour,holdout,mdi_decay0,8,5,0.53,0.04828291119451134,0.07999999999999999,0.10003635368002586,0.14999999999999997,10
shared,detour,holdout,mdi_decay0,8,10,0.555,0.046021912033181525,0.16500000000000004,0.08438988337465286,0.14999999999999997,10
shared,detour,holdout,mdi_decay0,8,25,0.48199999999999993,0.020733012865330913,0.05399999999999998,0.043735038481845914,0.14999999999999997,10
shared,detour,holdout,mdi_decay020,0,10,0.315,0.06541159988584007,0.0,0.0,0.14999999999999997,10
shared,detour,holdout,mdi_decay020,1,10,0.39499999999999996,0.04602191203318153,0.0,0.0,0.14999999999999997,10
shared,detour,holdout,mdi_decay020,2,10,0.46499999999999997,0.033932357442811485,0.0,0.0,0.14999999999999997,10
shared,detour,holdout,mdi_decay020,3,10,0.735,0.08268829974277672,0.54,0.1336184235154536,0.14999999999999997,10
shared,detour,holdout,mdi_decay020,4,10,0.73,0.04198386011486576,0.51,0.07689855677471162,0.14999999999999997,10
shared,detour,holdout,mdi_decay020,5,10,0.6749999999999999,0.07203075318821232,0.43500000000000005,0.11808807075762132,0.14999999999999997,10
shared,detour,holdout,mdi_decay020,6,10,0.7150000000000001,0.0585302049775716,0.4800000000000001,0.10953243615043365,0.14999999999999997,10
shared,detour,holdout,mdi_decay020,7,10,0.5050000000000001,0.049013405195172145,0.05500000000000003,0.0780908535623545,0.14999999999999997,10
shared,detour,holdout,mdi_decay020,8,5,0.53,0.05889337416010379,0.09999999999999998,0.10116674383859654,0.14999999999999997,10
shared,detour,holdout,mdi_decay020,8,10,0.515,0.06754979571591213,0.09000000000000001,0.09357544042319986,0.14999999999999997,10
shared,detour,holdout,mdi_decay020,8,25,0.45600000000000007,0.02845486398948301,0.003999999999999998,0.03149015220203235,0.14999999999999997,10
shared,detour,holdout,mdi_no_novelty,0,10,0.30000000000000004,0.05840864678825162,0.0,0.0,0.14999999999999997,10
shared,detour,holdout,mdi_no_novelty,1,10,0.41000000000000003,0.04396843198393991,0.0,0.0,0.14999999999999997,10
shared,detour,holdout,mdi_no_novelty,2,10,0.49000000000000005,0.015081047752360664,0.0,0.0,0.14999999999999997,10
shared,detour,holdout,mdi_no_novelty,3,10,0.7599999999999999,0.04396843198393993,0.575,0.08130139551718842,0.14999999999999997,10
shared,detour,holdout,mdi_no_novelty,4,10,0.6849999999999999,0.06754979571591213,0.42000000000000004,0.15099887294687167,0.14999999999999997,10
shared,detour,holdout,mdi_no_novelty,5,10,0.7049999999999998,0.059493729882829166,0.475,0.10697183947590214,0.14999999999999997,10
shared,detour,holdout,mdi_no_novelty,6,10,0.705,0.06627515673523318,0.45499999999999996,0.14742640197769746,0.14999999999999997,10
shared,detour,holdout,mdi_no_novelty,7,10,0.5149999999999999,0.017277510721109102,0.03500000000000001,0.03393235744281149,0.14999999999999997,10
shared,detour,holdout,mdi_no_novelty,8,5,0.51,0.02262157162854098,0.019999999999999997,0.04524314325708196,0.14999999999999997,10
shared,detour,holdout,mdi_no_novelty,8,10,0.555,0.03556857998685378,0.12500000000000003,0.07203075318821235,0.14999999999999997,10
shared,detour,holdout,mdi_no_novelty,8,25,0.466,0.016589152527596726,0.013999999999999985,0.01913570437970501,0.14999999999999997,10
shared,detour,holdout,mdi_original,0,10,0.24000000000000005,0.07113715997370754,0.0,0.0,0.14999999999999997,10
shared,detour,holdout,mdi_original,1,10,0.34500000000000003,0.05183253216332727,0.0,0.0,0.14999999999999997,10
shared,detour,holdout,mdi_original,2,10,0.495,0.01131078581427049,0.0,0.0,0.14999999999999997,10
shared,detour,holdout,mdi_original,3,10,0.495,0.01131078581427049,-0.004999999999999999,0.01131078581427049,0.14999999999999997,10
shared,detour,holdout,mdi_original,4,10,0.495,0.01131078581427049,-0.004999999999999999,0.01131078581427049,0.14999999999999997,10
shared,detour,holdout,mdi_original,5,10,0.5,0.0,0.0,0.0,0.14999999999999997,10
shared,detour,holdout,mdi_original,6,10,0.5,0.0,0.0,0.0,0.14999999999999997,10
shared,detour,holdout,mdi_original,7,10,0.5,0.0,0.0,0.0,0.14999999999999997,10
shared,detour,holdout,mdi_original,8,5,0.5,0.0,0.0,0.0,0.14999999999999997,10
shared,detour,holdout,mdi_original,8,10,0.5,0.0,0.0,0.0,0.14999999999999997,10
shared,detour,holdout,mdi_original,8,25,0.29799999999999993,0.010556733426652459,0.0020000000000000018,0.0045243143257082015,0.14999999999999997,10
shared,detour,holdout,mdi_reset,0,10,0.315,0.06541159988584007,0.0,0.0,0.14999999999999997,10
shared,detour,holdout,mdi_reset,1,10,0.315,0.06541159988584007,0.0,0.0,0.14999999999999997,10
shared,detour,holdout,mdi_reset,2,10,0.315,0.06541159988584007,0.0,0.0,0.14999999999999997,10
shared,detour,holdout,mdi_reset,3,10,0.315,0.06541159988584007,0.0,0.0,0.14999999999999997,10
shared,detour,holdout,mdi_reset,4,10,0.315,0.06541159988584007,0.0,0.0,0.14999999999999997,10
shared,detour,holdout,mdi_reset,5,10,0.315,0.06541159988584007,0.0,0.0,0.14999999999999997,10
shared,detour,holdout,mdi_reset,6,10,0.315,0.06541159988584007,0.0,0.0,0.14999999999999997,10
shared,detour,holdout,mdi_reset,7,10,0.315,0.06541159988584007,0.0,0.0,0.14999999999999997,10
shared,detour,holdout,mdi_reset,8,5,0.32999999999999996,0.06786471488562297,0.0,0.0,0.14999999999999997,10
shared,detour,holdout,mdi_reset,8,10,0.315,0.06541159988584007,0.0,0.0,0.14999999999999997,10
shared,detour,holdout,mdi_reset,8,25,0.31199999999999994,0.030312530829481866,0.0,0.0,0.14999999999999997,10
shared,detour,holdout,mdi_with_delta,0,10,0.31500000000000006,0.05072368667405657,0.0,0.0,0.14999999999999997,10
shared,detour,holdout,mdi_with_delta,1,10,0.4050000000000001,0.04282194397214669,0.0,0.0,0.14999999999999997,10
shared,detour,holdout,mdi_with_delta,2,10,0.485,0.01727751072110909,0.0,0.0,0.14999999999999997,10
shared,detour,holdout,mdi_with_delta,3,10,0.76,0.050018176840012946,0.58,0.09418111302724297,0.14999999999999997,10
shared,detour,holdout,mdi_with_delta,4,10,0.745,0.049013405195172145,0.55,0.07726737690876266,0.14999999999999997,10
shared,detour,holdout,mdi_with_delta,5,10,0.6799999999999999,0.07193201324708873,0.45,0.12951275071025808,0.14999999999999997,10
shared,detour,holdout,mdi_with_delta,6,10,0.6950000000000001,0.04901340519517216,0.47000000000000003,0.09265950868321117,0.14999999999999997,10
shared,detour,holdout,mdi_with_delta,7,10,0.545,0.05183253216332728,0.18000000000000002,0.08793686396787985,0.14999999999999997,10
shared,detour,holdout,mdi_with_delta,8,5,0.6,0.0674444958923977,0.22999999999999998,0.139244711251777,0.14999999999999997,10
shared,detour,holdout,mdi_with_delta,8,10,0.51,0.04060696380536377,0.1,0.05840864678825164,0.14999999999999997,10
shared,detour,holdout,mdi_with_delta,8,25,0.47400000000000003,0.024364178283218265,0.10200000000000001,0.0353360244960623,0.14999999999999997,10
shared,detour,holdout,predicate_match,0,10,0.14000000000000004,0.03286838155762566,0.0,0.0,0.14999999999999997,10
shared,detour,holdout,predicate_match,1,10,0.23999999999999994,0.0527836671332623,0.0,0.0,0.14999999999999997,10
shared,detour,holdout,predicate_match,2,10,0.29000000000000004,0.05001817684001294,0.0,0.0,0.14999999999999997,10
shared,detour,holdout,predicate_match,3,10,1.0,0.0,1.0,0.0,0.14999999999999997,10
shared,detour,holdout,predicate_match,4,10,1.0,0.0,1.0,0.0,0.14999999999999997,10
shared,detour,holdout,predicate_match,5,10,1.0,0.0,1.0,0.0,0.14999999999999997,10
shared,detour,holdout,predicate_match,6,10,1.0,0.0,1.0,0.0,0.14999999999999997,10
shared,detour,holdout,predicate_match,7,10,0.925,0.07002950737528384,0.85,0.14005901475056767,0.14999999999999997,10
shared,detour,holdout,predicate_match,8,5,0.85,0.09685978295451383,0.7,0.19371956590902767,0.14999999999999997,10
shared,detour,holdout,predicate_match,8,10,0.545,0.03556857998685376,0.09000000000000001,0.07113715997370754,0.14999999999999997,10
shared,detour,holdout,predicate_match,8,25,0.404,0.018836222605448594,0.1,0.05642811372291081,0.14999999999999997,10
shared,detour,holdout,random,0,10,0.16,0.04709055651362149,0.0,0.0,0.14999999999999997,10
shared,detour,holdout,random,1,10,0.16,0.04709055651362149,0.0,0.0,0.14999999999999997,10
shared,detour,holdout,random,2,10,0.16,0.04709055651362149,0.0,0.0,0.14999999999999997,10
shared,detour,holdout,random,3,10,0.16,0.04709055651362149,0.0,0.0,0.14999999999999997,10
shared,detour,holdout,random,4,10,0.16,0.04709055651362149,0.0,0.0,0.14999999999999997,10
shared,detour,holdout,random,5,10,0.16,0.04709055651362149,0.0,0.0,0.14999999999999997,10
shared,detour,holdout,random,6,10,0.16,0.04709055651362149,0.0,0.0,0.14999999999999997,10
shared,detour,holdout,random,7,10,0.16,0.04709055651362149,0.0,0.0,0.14999999999999997,10
shared,detour,holdout,random,8,5,0.15,0.06079364704696508,0.0,0.0,0.14999999999999997,10
shared,detour,holdout,random,8,10,0.16,0.04709055651362149,0.0,0.0,0.14999999999999997,10
shared,detour,holdout,random,8,25,0.174,0.031670200279957386,0.0,0.0,0.14999999999999997,10
shared,detour,holdout,recurrence,0,10,0.14000000000000004,0.03286838155762566,0.0,0.0,0.14999999999999997,10
shared,detour,holdout,recurrence,1,10,0.14000000000000004,0.03286838155762566,0.0,0.0,0.14999999999999997,10
shared,detour,holdout,recurrence,2,10,0.14000000000000004,0.03286838155762566,0.0,0.0,0.14999999999999997,10
shared,detour,holdout,recurrence,3,10,0.14000000000000004,0.03286838155762566,0.0,0.0,0.14999999999999997,10
shared,detour,holdout,recurrence,4,10,0.14000000000000004,0.03286838155762566,0.0,0.0,0.14999999999999997,10
shared,detour,holdout,recurrence,5,10,0.14000000000000004,0.03286838155762566,0.0,0.0,0.14999999999999997,10
shared,detour,holdout,recurrence,6,10,0.14000000000000004,0.03286838155762566,0.0,0.0,0.14999999999999997,10
shared,detour,holdout,recurrence,7,10,0.14000000000000004,0.03286838155762566,0.0,0.0,0.14999999999999997,10
shared,detour,holdout,recurrence,8,5,0.19,0.05278366713326231,0.0,0.0,0.14999999999999997,10
shared,detour,holdout,recurrence,8,10,0.14000000000000004,0.03286838155762566,0.0,0.0,0.14999999999999997,10
shared,detour,holdout,recurrence,8,25,0.14200000000000002,0.029744475539029792,0.0,0.0,0.14999999999999997,10
shared,detour,holdout,similarity,0,10,0.25,0.07153569059883398,0.0,0.0,0.14999999999999997,10
shared,detour,holdout,similarity,1,10,0.25,0.07153569059883398,0.0,0.0,0.14999999999999997,10
shared,detour,holdout,similarity,2,10,0.25,0.07153569059883398,0.0,0.0,0.14999999999999997,10
shared,detour,holdout,similarity,3,10,0.25,0.07153569059883398,0.0,0.0,0.14999999999999997,10
shared,detour,holdout,similarity,4,10,0.25,0.07153569059883398,0.0,0.0,0.14999999999999997,10
shared,detour,holdout,similarity,5,10,0.25,0.07153569059883398,0.0,0.0,0.14999999999999997,10
shared,detour,holdout,similarity,6,10,0.25,0.07153569059883398,0.0,0.0,0.14999999999999997,10
shared,detour,holdout,similarity,7,10,0.25,0.07153569059883398,0.0,0.0,0.14999999999999997,10
shared,detour,holdout,similarity,8,5,0.19,0.09204382406636306,0.0,0.0,0.14999999999999997,10
shared,detour,holdout,similarity,8,10,0.25,0.07153569059883398,0.0,0.0,0.14999999999999997,10
shared,detour,holdout,similarity,8,25,0.23599999999999993,0.039210724156137716,0.0,0.0,0.14999999999999997,10
shared,detour,holdout,value_profile,0,10,0.14000000000000004,0.03286838155762566,0.0,0.0,0.14999999999999997,10
shared,detour,holdout,value_profile,1,10,0.35,0.06079364704696508,0.0,0.0,0.14999999999999997,10
shared,detour,holdout,value_profile,2,10,0.5,0.0,0.0,0.0,0.14999999999999997,10
shared,detour,holdout,value_profile,3,10,0.7649999999999999,0.06541159988584007,0.5650000000000001,0.12623341462033963,0.14999999999999997,10
shared,detour,holdout,value_profile,4,10,0.61,0.08051076348728783,0.24500000000000002,0.17396398779395833,0.14999999999999997,10
shared,detour,holdout,value_profile,5,10,0.715,0.0447693800106212,0.49499999999999994,0.07043430558720787,0.14999999999999997,10
shared,detour,holdout,value_profile,6,10,0.69,0.0527836671332623,0.42000000000000004,0.11946436532346644,0.14999999999999997,10
shared,detour,holdout,value_profile,7,10,0.505,0.011310785814270504,0.010000000000000004,0.022621571628540994,0.14999999999999997,10
shared,detour,holdout,value_profile,8,5,0.5,0.0,0.0,0.0,0.14999999999999997,10
shared,detour,holdout,value_profile,8,10,0.585,0.04783926094926254,0.19,0.0965658223890227,0.14999999999999997,10
shared,detour,holdout,value_profile,8,25,0.46799999999999997,0.013822008576887262,0.021999999999999992,0.024734757397661337,0.14999999999999997,10
shared,null,exposed,association_only,0,10,0.38999999999999996,0.05278366713326231,0.0,0.0,0.14999999999999997,10
shared,null,exposed,association_only,1,10,0.41500000000000004,0.0447693800106212,0.0,0.0,0.14999999999999997,10
shared,null,exposed,association_only,2,10,0.42000000000000004,0.045243143257081966,0.0,0.0,0.14999999999999997,10
shared,null,exposed,association_only,3,10,0.45,0.04130115022390259,0.0,0.0,0.14999999999999997,10
shared,null,exposed,association_only,4,10,0.45999999999999996,0.04396843198393993,0.0,0.0,0.14999999999999997,10
shared,null,exposed,association_only,5,10,0.44499999999999995,0.04282194397214671,0.0,0.0,0.14999999999999997,10
shared,null,exposed,association_only,6,10,0.46499999999999997,0.03789066353685235,0.0,0.0,0.14999999999999997,10
shared,null,exposed,association_only,7,10,0.46499999999999997,0.03789066353685235,0.0,0.0,0.14999999999999997,10
shared,null,exposed,association_only,8,5,0.49000000000000005,0.022621571628540983,0.0,0.0,0.14999999999999997,10
shared,null,exposed,association_only,8,10,0.475,0.025291685959649136,0.0,0.0,0.14999999999999997,10
shared,null,exposed,association_only,8,25,0.43,0.01937195659090276,0.0,0.0,0.14999999999999997,10
shared,null,exposed,clustering,0,10,0.15,0.03372224794619885,0.0,0.0,0.14999999999999997,10
shared,null,exposed,clustering,1,10,0.15,0.03372224794619885,0.0,0.0,0.14999999999999997,10
shared,null,exposed,clustering,2,10,0.15,0.03372224794619885,0.0,0.0,0.14999999999999997,10
shared,null,exposed,clustering,3,10,0.15,0.03372224794619885,0.0,0.0,0.14999999999999997,10
shared,null,exposed,clustering,4,10,0.15,0.03372224794619885,0.0,0.0,0.14999999999999997,10
shared,null,exposed,clustering,5,10,0.15,0.03372224794619885,0.0,0.0,0.14999999999999997,10
shared,null,exposed,clustering,6,10,0.15,0.03372224794619885,0.0,0.0,0.14999999999999997,10
shared,null,exposed,clustering,7,10,0.15,0.03372224794619885,0.0,0.0,0.14999999999999997,10
shared,null,exposed,clustering,8,5,0.18,0.04524314325708199,0.0,0.0,0.14999999999999997,10
shared,null,exposed,clustering,8,10,0.15,0.03372224794619885,0.0,0.0,0.14999999999999997,10
shared,null,exposed,clustering,8,25,0.15,0.013904039021544606,0.0,0.0,0.14999999999999997,10
shared,null,exposed,competing_models,0,10,0.14000000000000004,0.03286838155762566,0.0,0.0,0.14999999999999997,10
shared,null,exposed,competing_models,1,10,0.42000000000000004,0.05114232117388981,0.0,0.0,0.14999999999999997,10
shared,null,exposed,competing_models,2,10,0.36500000000000005,0.05345268834627583,0.0,0.0,0.14999999999999997,10
shared,null,exposed,competing_models,3,10,0.39,0.043968431983939925,0.0,0.0,0.14999999999999997,10
shared,null,exposed,competing_models,4,10,0.39499999999999996,0.057054416075662466,0.0,0.0,0.14999999999999997,10
shared,null,exposed,competing_models,5,10,0.385,0.0585302049775716,0.0,0.0,0.14999999999999997,10
shared,null,exposed,competing_models,6,10,0.4,0.06079364704696508,0.0,0.0,0.14999999999999997,10
shared,null,exposed,competing_models,7,10,0.38,0.08464217058436621,0.0,0.0,0.14999999999999997,10
shared,null,exposed,competing_models,8,5,0.39,0.08564388794429341,0.0,0.0,0.14999999999999997,10
shared,null,exposed,competing_models,8,10,0.365,0.07359257711325339,0.0,0.0,0.14999999999999997,10
shared,null,exposed,competing_models,8,25,0.348,0.04329075109981364,0.0,0.0,0.14999999999999997,10
shared,null,exposed,context_oracle,0,10,0.26999999999999996,0.03016209550472131,0.0,0.0,0.14999999999999997,10
shared,null,exposed,context_oracle,1,10,0.305,0.04602191203318153,0.0,0.0,0.14999999999999997,10
shared,null,exposed,context_oracle,2,10,0.325,0.05655392907135247,0.0,0.0,0.14999999999999997,10
shared,null,exposed,context_oracle,3,10,0.305,0.04901340519517213,0.0,0.0,0.14999999999999997,10
shared,null,exposed,context_oracle,4,10,0.355,0.05183253216332726,0.0,0.0,0.14999999999999997,10
shared,null,exposed,context_oracle,5,10,0.30999999999999994,0.047090556513621484,0.0,0.0,0.14999999999999997,10
shared,null,exposed,context_oracle,6,10,0.27,0.05385011157546032,0.0,0.0,0.14999999999999997,10
shared,null,exposed,context_oracle,7,10,0.31500000000000006,0.0294466870800519,0.0,0.0,0.14999999999999997,10
shared,null,exposed,context_oracle,8,5,0.3,0.07540523876180329,0.0,0.0,0.14999999999999997,10
shared,null,exposed,context_oracle,8,10,0.30000000000000004,0.05058337191929827,0.0,0.0,0.14999999999999997,10
shared,null,exposed,context_oracle,8,25,0.308,0.022571245489164313,0.0,0.0,0.14999999999999997,10
shared,null,exposed,delta_only,0,10,0.205,0.039362690252540446,0.0,0.0,0.14999999999999997,10
shared,null,exposed,delta_only,1,10,0.275,0.034760097553861516,0.0,0.0,0.14999999999999997,10
shared,null,exposed,delta_only,2,10,0.31000000000000005,0.04060696380536375,0.0,0.0,0.14999999999999997,10
shared,null,exposed,delta_only,3,10,0.28500000000000003,0.05072368667405657,0.0,0.0,0.14999999999999997,10
shared,null,exposed,delta_only,4,10,0.29,0.0527836671332623,0.0,0.0,0.14999999999999997,10
shared,null,exposed,delta_only,5,10,0.3,0.06079364704696508,0.0,0.0,0.14999999999999997,10
shared,null,exposed,delta_only,6,10,0.29,0.055411307669746106,0.0,0.0,0.14999999999999997,10
shared,null,exposed,delta_only,7,10,0.27499999999999997,0.06137541769047296,0.0,0.0,0.14999999999999997,10
shared,null,exposed,delta_only,8,5,0.2,0.0892206817157008,0.0,0.0,0.14999999999999997,10
shared,null,exposed,delta_only,8,10,0.23500000000000001,0.056048973167046684,0.0,0.0,0.14999999999999997,10
shared,null,exposed,delta_only,8,25,0.238,0.028173722234883136,0.0,0.0,0.14999999999999997,10
shared,null,exposed,frequency,0,10,0.27999999999999997,0.05385011157546032,0.0,0.0,0.14999999999999997,10
shared,null,exposed,frequency,1,10,0.275,0.056553929071352455,0.0,0.0,0.14999999999999997,10
shared,null,exposed,frequency,2,10,0.27,0.06353758354890779,0.0,0.0,0.14999999999999997,10
shared,null,exposed,frequency,3,10,0.275,0.06137541769047296,0.0,0.0,0.14999999999999997,10
shared,null,exposed,frequency,4,10,0.275,0.056553929071352455,0.0,0.0,0.14999999999999997,10
shared,null,exposed,frequency,5,10,0.27999999999999997,0.05385011157546032,0.0,0.0,0.14999999999999997,10
shared,null,exposed,frequency,6,10,0.275,0.06137541769047296,0.0,0.0,0.14999999999999997,10
shared,null,exposed,frequency,7,10,0.27999999999999997,0.05385011157546032,0.0,0.0,0.14999999999999997,10
shared,null,exposed,frequency,8,5,0.27,0.08953876002124236,0.0,0.0,0.14999999999999997,10
shared,null,exposed,frequency,8,10,0.27999999999999997,0.05385011157546032,0.0,0.0,0.14999999999999997,10
shared,null,exposed,frequency,8,25,0.28800000000000003,0.04329075109981364,0.0,0.0,0.14999999999999997,10
shared,null,exposed,mdi,0,10,0.315,0.06541159988584007,0.0,0.0,0.14999999999999997,10
shared,null,exposed,mdi,1,10,0.43000000000000005,0.030162095504721324,0.0,0.0,0.14999999999999997,10
shared,null,exposed,mdi,2,10,0.4050000000000001,0.042821943972146705,0.0,0.0,0.14999999999999997,10
shared,null,exposed,mdi,3,10,0.45,0.0446103408578504,0.0,0.0,0.14999999999999997,10
shared,null,exposed,mdi,4,10,0.45499999999999996,0.026391833566631148,0.0,0.0,0.14999999999999997,10
shared,null,exposed,mdi,5,10,0.4149999999999999,0.044769380010621175,0.0,0.0,0.14999999999999997,10
shared,null,exposed,mdi,6,10,0.45,0.029204323394125802,0.0,0.0,0.14999999999999997,10
shared,null,exposed,mdi,7,10,0.475,0.025291685959649136,0.0,0.0,0.14999999999999997,10
shared,null,exposed,mdi,8,5,0.45,0.03770261938090164,0.0,0.0,0.14999999999999997,10
shared,null,exposed,mdi,8,10,0.43499999999999994,0.03789066353685235,0.0,0.0,0.14999999999999997,10
shared,null,exposed,mdi,8,25,0.392,0.0180972573028328,0.0,0.0,0.14999999999999997,10
shared,null,exposed,mdi_decay0,0,10,0.315,0.06541159988584007,0.0,0.0,0.14999999999999997,10
shared,null,exposed,mdi_decay0,1,10,0.425,0.03476009755386152,0.0,0.0,0.14999999999999997,10
shared,null,exposed,mdi_decay0,2,10,0.41000000000000003,0.043968431983939925,0.0,0.0,0.14999999999999997,10
shared,null,exposed,mdi_decay0,3,10,0.45999999999999996,0.04396843198393993,0.0,0.0,0.14999999999999997,10
shared,null,exposed,mdi_decay0,4,10,0.46499999999999997,0.03789066353685235,0.0,0.0,0.14999999999999997,10
shared,null,exposed,mdi_decay0,5,10,0.4149999999999999,0.03789066353685234,0.0,0.0,0.14999999999999997,10
shared,null,exposed,mdi_decay0,6,10,0.465,0.0294466870800519,0.0,0.0,0.14999999999999997,10
shared,null,exposed,mdi_decay0,7,10,0.47000000000000003,0.025009088420006466,0.0,0.0,0.14999999999999997,10
shared,null,exposed,mdi_decay0,8,5,0.4600000000000001,0.03694087177983073,0.0,0.0,0.14999999999999997,10
shared,null,exposed,mdi_decay0,8,10,0.44499999999999995,0.03556857998685378,0.0,0.0,0.14999999999999997,10
shared,null,exposed,mdi_decay0,8,25,0.386,0.01658915252759674,0.0,0.0,0.14999999999999997,10
shared,null,exposed,mdi_decay020,0,10,0.315,0.06541159988584007,0.0,0.0,0.14999999999999997,10
shared,null,exposed,mdi_decay020,1,10,0.42000000000000004,0.034555021442218184,0.0,0.0,0.14999999999999997,10
shared,null,exposed,mdi_decay020,2,10,0.4050000000000001,0.042821943972146705,0.0,0.0,0.14999999999999997,10
shared,null,exposed,mdi_decay020,3,10,0.43000000000000005,0.048282911194511356,0.0,0.0,0.14999999999999997,10
shared,null,exposed,mdi_decay020,4,10,0.45,0.033722247946198845,0.0,0.0,0.14999999999999997,10
shared,null,exposed,mdi_decay020,5,10,0.40499999999999997,0.046021912033181525,0.0,0.0,0.14999999999999997,10
shared,null,exposed,mdi_decay020,6,10,0.445,0.03936269025254045,0.0,0.0,0.14999999999999997,10
shared,null,exposed,mdi_decay020,7,10,0.45500000000000007,0.026391833566631148,0.0,0.0,0.14999999999999997,10
shared,null,exposed,mdi_decay020,8,5,0.47000000000000003,0.03455502144221817,0.0,0.0,0.14999999999999997,10
shared,null,exposed,mdi_decay020,8,10,0.425,0.030396823523482525,0.0,0.0,0.14999999999999997,10
shared,null,exposed,mdi_decay020,8,25,0.388,0.022571245489164324,0.0,0.0,0.14999999999999997,10
shared,null,exposed,mdi_no_novelty,0,10,0.30000000000000004,0.05840864678825162,0.0,0.0,0.14999999999999997,10
shared,null,exposed,mdi_no_novelty,1,10,0.43000000000000005,0.038449278387355804,0.0,0.0,0.14999999999999997,10
shared,null,exposed,mdi_no_novelty,2,10,0.42000000000000004,0.048282911194511356,0.0,0.0,0.14999999999999997,10
shared,null,exposed,mdi_no_novelty,3,10,0.45499999999999996,0.04282194397214671,0.0,0.0,0.14999999999999997,10
shared,null,exposed,mdi_no_novelty,4,10,0.47000000000000003,0.038449278387355804,0.0,0.0,0.14999999999999997,10
shared,null,exposed,mdi_no_novelty,5,10,0.43500000000000005,0.041472881318991815,0.0,0.0,0.14999999999999997,10
shared,null,exposed,mdi_no_novelty,6,10,0.445,0.03556857998685378,0.0,0.0,0.14999999999999997,10
shared,null,exposed,mdi_no_novelty,7,10,0.45999999999999996,0.04396843198393993,0.0,0.0,0.14999999999999997,10
shared,null,exposed,mdi_no_novelty,8,5,0.48,0.045243143257081966,0.0,0.0,0.14999999999999997,10
shared,null,exposed,mdi_no_novelty,8,10,0.45500000000000007,0.026391833566631148,0.0,0.0,0.14999999999999997,10
shared,null,exposed,mdi_no_novelty,8,25,0.37,0.021592774316502604,0.0,0.0,0.14999999999999997,10
shared,null,exposed,mdi_original,0,10,0.24000000000000005,0.07113715997370754,0.0,0.0,0.14999999999999997,10
shared,null,exposed,mdi_original,1,10,0.35,0.09235217944957685,0.0,0.0,0.14999999999999997,10
shared,null,exposed,mdi_original,2,10,0.24,0.05791986290822425,0.0,0.0,0.14999999999999997,10
shared,null,exposed,mdi_original,3,10,0.41500000000000004,0.041472881318991815,0.0,0.0,0.14999999999999997,10
shared,null,exposed,mdi_original,4,10,0.48,0.034555021442218184,0.0,0.0,0.14999999999999997,10
shared,null,exposed,mdi_original,5,10,0.36,0.06486603906680426,0.0,0.0,0.14999999999999997,10
shared,null,exposed,mdi_original,6,10,0.45,0.02920432339412582,0.0,0.0,0.14999999999999997,10
shared,null,exposed,mdi_original,7,10,0.48500000000000004,0.02414145559725567,0.0,0.0,0.14999999999999997,10
shared,null,exposed,mdi_original,8,5,0.49000000000000005,0.02262157162854098,0.0,0.0,0.14999999999999997,10
shared,null,exposed,mdi_original,8,10,0.45,0.0446103408578504,0.0,0.0,0.14999999999999997,10
shared,null,exposed,mdi_original,8,25,0.29,0.023605573562339187,0.0,0.0,0.14999999999999997,10
shared,null,exposed,mdi_reset,0,10,0.315,0.06541159988584007,0.0,0.0,0.14999999999999997,10
shared,null,exposed,mdi_reset,1,10,0.315,0.06541159988584007,0.0,0.0,0.14999999999999997,10
shared,null,exposed,mdi_reset,2,10,0.315,0.06541159988584007,0.0,0.0,0.14999999999999997,10
shared,null,exposed,mdi_reset,3,10,0.315,0.06541159988584007,0.0,0.0,0.14999999999999997,10
shared,null,exposed,mdi_reset,4,10,0.315,0.06541159988584007,0.0,0.0,0.14999999999999997,10
shared,null,exposed,mdi_reset,5,10,0.315,0.06541159988584007,0.0,0.0,0.14999999999999997,10
shared,null,exposed,mdi_reset,6,10,0.315,0.06541159988584007,0.0,0.0,0.14999999999999997,10
shared,null,exposed,mdi_reset,7,10,0.315,0.06541159988584007,0.0,0.0,0.14999999999999997,10
shared,null,exposed,mdi_reset,8,5,0.32999999999999996,0.06786471488562297,0.0,0.0,0.14999999999999997,10
shared,null,exposed,mdi_reset,8,10,0.315,0.06541159988584007,0.0,0.0,0.14999999999999997,10
shared,null,exposed,mdi_reset,8,25,0.31199999999999994,0.030312530829481866,0.0,0.0,0.14999999999999997,10
shared,null,exposed,mdi_with_delta,0,10,0.31500000000000006,0.05072368667405657,0.0,0.0,0.14999999999999997,10
shared,null,exposed,mdi_with_delta,1,10,0.425,0.03476009755386152,0.0,0.0,0.14999999999999997,10
shared,null,exposed,mdi_with_delta,2,10,0.40499999999999997,0.042821943972146705,0.0,0.0,0.14999999999999997,10
shared,null,exposed,mdi_with_delta,3,10,0.45,0.023845230199611323,0.0,0.0,0.14999999999999997,10
shared,null,exposed,mdi_with_delta,4,10,0.465,0.037890663536852345,0.0,0.0,0.14999999999999997,10
shared,null,exposed,mdi_with_delta,5,10,0.41,0.043968431983939925,0.0,0.0,0.14999999999999997,10
shared,null,exposed,mdi_with_delta,6,10,0.45999999999999996,0.03694087177983074,0.0,0.0,0.14999999999999997,10
shared,null,exposed,mdi_with_delta,7,10,0.465,0.0294466870800519,0.0,0.0,0.14999999999999997,10
shared,null,exposed,mdi_with_delta,8,5,0.45999999999999996,0.03694087177983073,0.0,0.0,0.14999999999999997,10
shared,null,exposed,mdi_with_delta,8,10,0.41500000000000004,0.04476938001062118,0.0,0.0,0.14999999999999997,10
shared,null,exposed,mdi_with_delta,8,25,0.348,0.02629470524610053,0.0,0.0,0.14999999999999997,10
shared,null,exposed,predicate_match,0,10,0.14000000000000004,0.03286838155762566,0.0,0.0,0.14999999999999997,10
shared,null,exposed,predicate_match,1,10,0.23999999999999994,0.0527836671332623,0.0,0.0,0.14999999999999997,10
shared,null,exposed,predicate_match,2,10,0.29,0.05791986290822424,0.0,0.0,0.14999999999999997,10
shared,null,exposed,predicate_match,3,10,0.24500000000000005,0.059493729882829166,0.0,0.0,0.14999999999999997,10
shared,null,exposed,predicate_match,4,10,0.265,0.050723686674056565,0.0,0.0,0.14999999999999997,10
shared,null,exposed,predicate_match,5,10,0.29,0.05791986290822424,0.0,0.0,0.14999999999999997,10
shared,null,exposed,predicate_match,6,10,0.24500000000000005,0.059493729882829166,0.0,0.0,0.14999999999999997,10
shared,null,exposed,predicate_match,7,10,0.265,0.050723686674056565,0.0,0.0,0.14999999999999997,10
shared,null,exposed,predicate_match,8,5,0.28,0.08121392761072753,0.0,0.0,0.14999999999999997,10
shared,null,exposed,predicate_match,8,10,0.29,0.05791986290822424,0.0,0.0,0.14999999999999997,10
shared,null,exposed,predicate_match,8,25,0.258,0.019605362078068858,0.0,0.0,0.14999999999999997,10
shared,null,exposed,random,0,10,0.16,0.04709055651362149,0.0,0.0,0.14999999999999997,10
shared,null,exposed,random,1,10,0.16,0.04709055651362149,0.0,0.0,0.14999999999999997,10
shared,null,exposed,random,2,10,0.16,0.04709055651362149,0.0,0.0,0.14999999999999997,10
shared,null,exposed,random,3,10,0.16,0.04709055651362149,0.0,0.0,0.14999999999999997,10
shared,null,exposed,random,4,10,0.16,0.04709055651362149,0.0,0.0,0.14999999999999997,10
shared,null,exposed,random,5,10,0.16,0.04709055651362149,0.0,0.0,0.14999999999999997,10
shared,null,exposed,random,6,10,0.16,0.04709055651362149,0.0,0.0,0.14999999999999997,10
shared,null,exposed,random,7,10,0.16,0.04709055651362149,0.0,0.0,0.14999999999999997,10
shared,null,exposed,random,8,5,0.15,0.06079364704696508,0.0,0.0,0.14999999999999997,10
shared,null,exposed,random,8,10,0.16,0.04709055651362149,0.0,0.0,0.14999999999999997,10
shared,null,exposed,random,8,25,0.174,0.031670200279957386,0.0,0.0,0.14999999999999997,10
shared,null,exposed,recurrence,0,10,0.14000000000000004,0.03286838155762566,0.0,0.0,0.14999999999999997,10
shared,null,exposed,recurrence,1,10,0.20500000000000002,0.03131814778439151,0.0,0.0,0.14999999999999997,10
shared,null,exposed,recurrence,2,10,0.27,0.041983860114865726,0.0,0.0,0.14999999999999997,10
shared,null,exposed,recurrence,3,10,0.29000000000000004,0.06702164221990091,0.0,0.0,0.14999999999999997,10
shared,null,exposed,recurrence,4,10,0.305,0.07809085356235448,0.0,0.0,0.14999999999999997,10
shared,null,exposed,recurrence,5,10,0.28500000000000003,0.06754979571591212,0.0,0.0,0.14999999999999997,10
shared,null,exposed,recurrence,6,10,0.28,0.07388174355966147,0.0,0.0,0.14999999999999997,10
shared,null,exposed,recurrence,7,10,0.255,0.061836893494153375,0.0,0.0,0.14999999999999997,10
shared,null,exposed,recurrence,8,5,0.30000000000000004,0.07540523876180329,0.0,0.0,0.14999999999999997,10
shared,null,exposed,recurrence,8,10,0.26999999999999996,0.061259505561163406,0.0,0.0,0.14999999999999997,10
shared,null,exposed,recurrence,8,25,0.25400000000000006,0.03635126940844279,0.0,0.0,0.14999999999999997,10
shared,null,exposed,similarity,0,10,0.25,0.07153569059883398,0.0,0.0,0.14999999999999997,10
shared,null,exposed,similarity,1,10,0.25,0.07153569059883398,0.0,0.0,0.14999999999999997,10
shared,null,exposed,similarity,2,10,0.25,0.07153569059883398,0.0,0.0,0.14999999999999997,10
shared,null,exposed,similarity,3,10,0.25,0.07153569059883398,0.0,0.0,0.14999999999999997,10
shared,null,exposed,similarity,4,10,0.25,0.07153569059883398,0.0,0.0,0.14999999999999997,10
shared,null,exposed,similarity,5,10,0.25,0.07153569059883398,0.0,0.0,0.14999999999999997,10
shared,null,exposed,similarity,6,10,0.25,0.07153569059883398,0.0,0.0,0.14999999999999997,10
shared,null,exposed,similarity,7,10,0.25,0.07153569059883398,0.0,0.0,0.14999999999999997,10
shared,null,exposed,similarity,8,5,0.19,0.09204382406636306,0.0,0.0,0.14999999999999997,10
shared,null,exposed,similarity,8,10,0.25,0.07153569059883398,0.0,0.0,0.14999999999999997,10
shared,null,exposed,similarity,8,25,0.23599999999999993,0.039210724156137716,0.0,0.0,0.14999999999999997,10
shared,null,exposed,value_profile,0,10,0.14000000000000004,0.03286838155762566,0.0,0.0,0.14999999999999997,10
shared,null,exposed,value_profile,1,10,0.39499999999999996,0.042821943972146705,0.0,0.0,0.14999999999999997,10
shared,null,exposed,value_profile,2,10,0.34,0.06486603906680426,0.0,0.0,0.14999999999999997,10
shared,null,exposed,value_profile,3,10,0.4,0.0446103408578504,0.0,0.0,0.14999999999999997,10
shared,null,exposed,value_profile,4,10,0.4,0.03372224794619885,0.0,0.0,0.14999999999999997,10
shared,null,exposed,value_profile,5,10,0.3350000000000001,0.05345268834627583,0.0,0.0,0.14999999999999997,10
shared,null,exposed,value_profile,6,10,0.38,0.06353758354890779,0.0,0.0,0.14999999999999997,10
shared,null,exposed,value_profile,7,10,0.38500000000000006,0.0585302049775716,0.0,0.0,0.14999999999999997,10
shared,null,exposed,value_profile,8,5,0.37,0.08294576263798363,0.0,0.0,0.14999999999999997,10
shared,null,exposed,value_profile,8,10,0.355,0.04282194397214669,0.0,0.0,0.14999999999999997,10
shared,null,exposed,value_profile,8,25,0.312,0.02541503341956311,0.0,0.0,0.14999999999999997,10
shared,null,holdout,association_only,0,10,0.38999999999999996,0.05278366713326231,0.0,0.0,0.14999999999999997,10
shared,null,holdout,association_only,1,10,0.38999999999999996,0.052783667133262296,0.0,0.0,0.14999999999999997,10
shared,null,holdout,association_only,2,10,0.41000000000000003,0.0527836671332623,0.0,0.0,0.14999999999999997,10
shared,null,holdout,association_only,3,10,0.4149999999999999,0.06754979571591212,0.0,0.0,0.14999999999999997,10
shared,null,holdout,association_only,4,10,0.465,0.05345268834627584,0.0,0.0,0.14999999999999997,10
shared,null,holdout,association_only,5,10,0.45,0.0446103408578504,0.0,0.0,0.14999999999999997,10
shared,null,holdout,association_only,6,10,0.47000000000000003,0.038449278387355804,0.0,0.0,0.14999999999999997,10
shared,null,holdout,association_only,7,10,0.485,0.024141455597255685,0.0,0.0,0.14999999999999997,10
shared,null,holdout,association_only,8,5,0.5,0.0,0.0,0.0,0.14999999999999997,10
shared,null,holdout,association_only,8,10,0.475,0.025291685959649132,0.0,0.0,0.14999999999999997,10
shared,null,holdout,association_only,8,25,0.41,0.03709447274081873,0.0,0.0,0.14999999999999997,10
shared,null,holdout,clustering,0,10,0.15,0.03372224794619885,0.0,0.0,0.14999999999999997,10
shared,null,holdout,clustering,1,10,0.15,0.03372224794619885,0.0,0.0,0.14999999999999997,10
shared,null,holdout,clustering,2,10,0.15,0.03372224794619885,0.0,0.0,0.14999999999999997,10
shared,null,holdout,clustering,3,10,0.15,0.03372224794619885,0.0,0.0,0.14999999999999997,10
shared,null,holdout,clustering,4,10,0.15,0.03372224794619885,0.0,0.0,0.14999999999999997,10
shared,null,holdout,clustering,5,10,0.15,0.03372224794619885,0.0,0.0,0.14999999999999997,10
shared,null,holdout,clustering,6,10,0.15,0.03372224794619885,0.0,0.0,0.14999999999999997,10
shared,null,holdout,clustering,7,10,0.15,0.03372224794619885,0.0,0.0,0.14999999999999997,10
shared,null,holdout,clustering,8,5,0.18,0.04524314325708199,0.0,0.0,0.14999999999999997,10
shared,null,holdout,clustering,8,10,0.15,0.03372224794619885,0.0,0.0,0.14999999999999997,10
shared,null,holdout,clustering,8,25,0.15,0.013904039021544606,0.0,0.0,0.14999999999999997,10
shared,null,holdout,competing_models,0,10,0.14000000000000004,0.03286838155762566,0.0,0.0,0.14999999999999997,10
shared,null,holdout,competing_models,1,10,0.36500000000000005,0.07163497682371311,0.0,0.0,0.14999999999999997,10
shared,null,holdout,competing_models,2,10,0.335,0.04783926094926254,0.0,0.0,0.14999999999999997,10
shared,null,holdout,competing_models,3,10,0.315,0.07549943647343584,0.0,0.0,0.14999999999999997,10
shared,null,holdout,competing_models,4,10,0.36,0.07310809141785257,0.0,0.0,0.14999999999999997,10
shared,null,holdout,competing_models,5,10,0.37,0.06573676311525133,0.0,0.0,0.14999999999999997,10
shared,null,holdout,competing_models,6,10,0.385,0.06091044570804565,0.0,0.0,0.14999999999999997,10
shared,null,holdout,competing_models,7,10,0.39499999999999996,0.05949372988282917,0.0,0.0,0.14999999999999997,10
shared,null,holdout,competing_models,8,5,0.36,0.1177867483202076,0.0,0.0,0.14999999999999997,10
shared,null,holdout,competing_models,8,10,0.395,0.057054416075662466,0.0,0.0,0.14999999999999997,10
shared,null,holdout,competing_models,8,25,0.32599999999999996,0.04321187326125479,0.0,0.0,0.14999999999999997,10
shared,null,holdout,context_oracle,0,10,0.26999999999999996,0.03016209550472131,0.0,0.0,0.14999999999999997,10
shared,null,holdout,context_oracle,1,10,0.305,0.04602191203318153,0.0,0.0,0.14999999999999997,10
shared,null,holdout,context_oracle,2,10,0.325,0.05655392907135247,0.0,0.0,0.14999999999999997,10
shared,null,holdout,context_oracle,3,10,0.305,0.04901340519517213,0.0,0.0,0.14999999999999997,10
shared,null,holdout,context_oracle,4,10,0.355,0.05183253216332726,0.0,0.0,0.14999999999999997,10
shared,null,holdout,context_oracle,5,10,0.30999999999999994,0.047090556513621484,0.0,0.0,0.14999999999999997,10
shared,null,holdout,context_oracle,6,10,0.27,0.05385011157546032,0.0,0.0,0.14999999999999997,10
shared,null,holdout,context_oracle,7,10,0.31500000000000006,0.0294466870800519,0.0,0.0,0.14999999999999997,10
shared,null,holdout,context_oracle,8,5,0.3,0.07540523876180329,0.0,0.0,0.14999999999999997,10
shared,null,holdout,context_oracle,8,10,0.30000000000000004,0.05058337191929827,0.0,0.0,0.14999999999999997,10
shared,null,holdout,context_oracle,8,25,0.308,0.022571245489164313,0.0,0.0,0.14999999999999997,10
shared,null,holdout,delta_only,0,10,0.205,0.039362690252540446,0.0,0.0,0.14999999999999997,10
shared,null,holdout,delta_only,1,10,0.275,0.034760097553861516,0.0,0.0,0.14999999999999997,10
shared,null,holdout,delta_only,2,10,0.295,0.057054416075662466,0.0,0.0,0.14999999999999997,10
shared,null,holdout,delta_only,3,10,0.26999999999999996,0.07193201324708874,0.0,0.0,0.14999999999999997,10
shared,null,holdout,delta_only,4,10,0.23499999999999996,0.08095095683631574,0.0,0.0,0.14999999999999997,10
shared,null,holdout,delta_only,5,10,0.24500000000000002,0.0816503301485643,0.0,0.0,0.14999999999999997,10
shared,null,holdout,delta_only,6,10,0.32999999999999996,0.061259505561163406,0.0,0.0,0.14999999999999997,10
shared,null,holdout,delta_only,7,10,0.27,0.07763444489843432,0.0,0.0,0.14999999999999997,10
shared,null,holdout,delta_only,8,5,0.22999999999999998,0.12640221355639314,0.0,0.0,0.14999999999999997,10
shared,null,holdout,delta_only,8,10,0.265,0.08268829974277671,0.0,0.0,0.14999999999999997,10
shared,null,holdout,delta_only,8,25,0.246,0.013572942977124596,0.0,0.0,0.14999999999999997,10
shared,null,holdout,frequency,0,10,0.27999999999999997,0.05385011157546032,0.0,0.0,0.14999999999999997,10
shared,null,holdout,frequency,1,10,0.275,0.056553929071352455,0.0,0.0,0.14999999999999997,10
shared,null,holdout,frequency,2,10,0.27,0.06353758354890779,0.0,0.0,0.14999999999999997,10
shared,null,holdout,frequency,3,10,0.275,0.06137541769047296,0.0,0.0,0.14999999999999997,10
shared,null,holdout,frequency,4,10,0.275,0.056553929071352455,0.0,0.0,0.14999999999999997,10
shared,null,holdout,frequency,5,10,0.27999999999999997,0.05385011157546032,0.0,0.0,0.14999999999999997,10
shared,null,holdout,frequency,6,10,0.275,0.06137541769047296,0.0,0.0,0.14999999999999997,10
shared,null,holdout,frequency,7,10,0.27999999999999997,0.05385011157546032,0.0,0.0,0.14999999999999997,10
shared,null,holdout,frequency,8,5,0.27,0.08953876002124236,0.0,0.0,0.14999999999999997,10
shared,null,holdout,frequency,8,10,0.27999999999999997,0.05385011157546032,0.0,0.0,0.14999999999999997,10
shared,null,holdout,frequency,8,25,0.28800000000000003,0.04329075109981364,0.0,0.0,0.14999999999999997,10
shared,null,holdout,mdi,0,10,0.315,0.06541159988584007,0.0,0.0,0.14999999999999997,10
shared,null,holdout,mdi,1,10,0.39,0.055411307669746106,0.0,0.0,0.14999999999999997,10
shared,null,holdout,mdi,2,10,0.42000000000000004,0.04198386011486573,0.0,0.0,0.14999999999999997,10
shared,null,holdout,mdi,3,10,0.37499999999999994,0.08961810320032132,0.0,0.0,0.14999999999999997,10
shared,null,holdout,mdi,4,10,0.445,0.05183253216332727,0.0,0.0,0.14999999999999997,10
shared,null,holdout,mdi,5,10,0.43499999999999994,0.03789066353685235,0.0,0.0,0.14999999999999997,10
shared,null,holdout,mdi,6,10,0.42000000000000004,0.05114232117388981,0.0,0.0,0.14999999999999997,10
shared,null,holdout,mdi,7,10,0.45499999999999996,0.04282194397214671,0.0,0.0,0.14999999999999997,10
shared,null,holdout,mdi,8,5,0.4800000000000001,0.030162095504721306,0.0,0.0,0.14999999999999997,10
shared,null,holdout,mdi,8,10,0.45,0.0446103408578504,0.0,0.0,0.14999999999999997,10
shared,null,holdout,mdi,8,25,0.368,0.03827140875941004,0.0,0.0,0.14999999999999997,10
shared,null,holdout,mdi_decay0,0,10,0.315,0.06541159988584007,0.0,0.0,0.14999999999999997,10
shared,null,holdout,mdi_decay0,1,10,0.40499999999999997,0.057054416075662466,0.0,0.0,0.14999999999999997,10
shared,null,holdout,mdi_decay0,2,10,0.4250000000000001,0.04215280993274856,0.0,0.0,0.14999999999999997,10
shared,null,holdout,mdi_decay0,3,10,0.395,0.07436118884757449,0.0,0.0,0.14999999999999997,10
shared,null,holdout,mdi_decay0,4,10,0.45500000000000007,0.035568579986853775,0.0,0.0,0.14999999999999997,10
shared,null,holdout,mdi_decay0,5,10,0.43499999999999994,0.0447693800106212,0.0,0.0,0.14999999999999997,10
shared,null,holdout,mdi_decay0,6,10,0.425,0.053981935791256486,0.0,0.0,0.14999999999999997,10
shared,null,holdout,mdi_decay0,7,10,0.45500000000000007,0.04602191203318153,0.0,0.0,0.14999999999999997,10
shared,null,holdout,mdi_decay0,8,5,0.49000000000000005,0.02262157162854098,0.0,0.0,0.14999999999999997,10
shared,null,holdout,mdi_decay0,8,10,0.44499999999999995,0.042821943972146705,0.0,0.0,0.14999999999999997,10
shared,null,holdout,mdi_decay0,8,25,0.374,0.03877325352162717,0.0,0.0,0.14999999999999997,10
shared,null,holdout,mdi_decay020,0,10,0.315,0.06541159988584007,0.0,0.0,0.14999999999999997,10
shared,null,holdout,mdi_decay020,1,10,0.39,0.055411307669746106,0.0,0.0,0.14999999999999997,10
shared,null,holdout,mdi_decay020,2,10,0.4,0.03770261938090165,0.0,0.0,0.14999999999999997,10
shared,null,holdout,mdi_decay020,3,10,0.375,0.07953376271374361,0.0,0.0,0.14999999999999997,10
shared,null,holdout,mdi_decay020,4,10,0.4149999999999999,0.04783926094926254,0.0,0.0,0.14999999999999997,10
shared,null,holdout,mdi_decay020,5,10,0.445,0.03131814778439151,0.0,0.0,0.14999999999999997,10
shared,null,holdout,mdi_decay020,6,10,0.39499999999999996,0.05450604454644074,0.0,0.0,0.14999999999999997,10
shared,null,holdout,mdi_decay020,7,10,0.43499999999999994,0.04783926094926254,0.0,0.0,0.14999999999999997,10
shared,null,holdout,mdi_decay020,8,5,0.47000000000000003,0.048282911194511356,0.0,0.0,0.14999999999999997,10
shared,null,holdout,mdi_decay020,8,10,0.445,0.03131814778439151,0.0,0.0,0.14999999999999997,10
shared,null,holdout,mdi_decay020,8,25,0.37,0.033890439752389784,0.0,0.0,0.14999999999999997,10
shared,null,holdout,mdi_no_novelty,0,10,0.30000000000000004,0.05840864678825162,0.0,0.0,0.14999999999999997,10
shared,null,holdout,mdi_no_novelty,1,10,0.41,0.043968431983939925,0.0,0.0,0.14999999999999997,10
shared,null,holdout,mdi_no_novelty,2,10,0.4050000000000001,0.042821943972146705,0.0,0.0,0.14999999999999997,10
shared,null,holdout,mdi_no_novelty,3,10,0.41500000000000004,0.06091044570804565,0.0,0.0,0.14999999999999997,10
shared,null,holdout,mdi_no_novelty,4,10,0.475,0.034760097553861516,0.0,0.0,0.14999999999999997,10
shared,null,holdout,mdi_no_novelty,5,10,0.43,0.038449278387355804,0.0,0.0,0.14999999999999997,10
shared,null,holdout,mdi_no_novelty,6,10,0.45499999999999996,0.03936269025254046,0.0,0.0,0.14999999999999997,10
shared,null,holdout,mdi_no_novelty,7,10,0.48500000000000004,0.02414145559725567,0.0,0.0,0.14999999999999997,10
shared,null,holdout,mdi_no_novelty,8,5,0.4800000000000001,0.030162095504721306,0.0,0.0,0.14999999999999997,10
shared,null,holdout,mdi_no_novelty,8,10,0.4499999999999999,0.03372224794619885,0.0,0.0,0.14999999999999997,10
shared,null,holdout,mdi_no_novelty,8,25,0.372,0.03317830505519345,0.0,0.0,0.14999999999999997,10
shared,null,holdout,mdi_original,0,10,0.24000000000000005,0.07113715997370754,0.0,0.0,0.14999999999999997,10
shared,null,holdout,mdi_original,1,10,0.345,0.0899347759298409,0.0,0.0,0.14999999999999997,10
shared,null,holdout,mdi_original,2,10,0.225,0.059013933905847984,0.0,0.0,0.14999999999999997,10
shared,null,holdout,mdi_original,3,10,0.355,0.10039096788558363,0.0,0.0,0.14999999999999997,10
shared,null,holdout,mdi_original,4,10,0.445,0.06838635757163815,0.0,0.0,0.14999999999999997,10
shared,null,holdout,mdi_original,5,10,0.35,0.06308854906325866,0.0,0.0,0.14999999999999997,10
shared,null,holdout,mdi_original,6,10,0.43499999999999994,0.047839260949262545,0.0,0.0,0.14999999999999997,10
shared,null,holdout,mdi_original,7,10,0.48,0.025009088420006466,0.0,0.0,0.14999999999999997,10
shared,null,holdout,mdi_original,8,5,0.4800000000000001,0.030162095504721306,0.0,0.0,0.14999999999999997,10
shared,null,holdout,mdi_original,8,10,0.41500000000000004,0.06541159988584007,0.0,0.0,0.14999999999999997,10
shared,null,holdout,mdi_original,8,25,0.266,0.028653990729485247,0.0,0.0,0.14999999999999997,10
shared,null,holdout,mdi_reset,0,10,0.315,0.06541159988584007,0.0,0.0,0.14999999999999997,10
shared,null,holdout,mdi_reset,1,10,0.315,0.06541159988584007,0.0,0.0,0.14999999999999997,10
shared,null,holdout,mdi_reset,2,10,0.315,0.06541159988584007,0.0,0.0,0.14999999999999997,10
shared,null,holdout,mdi_reset,3,10,0.315,0.06541159988584007,0.0,0.0,0.14999999999999997,10
shared,null,holdout,mdi_reset,4,10,0.315,0.06541159988584007,0.0,0.0,0.14999999999999997,10
shared,null,holdout,mdi_reset,5,10,0.315,0.06541159988584007,0.0,0.0,0.14999999999999997,10
shared,null,holdout,mdi_reset,6,10,0.315,0.06541159988584007,0.0,0.0,0.14999999999999997,10
shared,null,holdout,mdi_reset,7,10,0.315,0.06541159988584007,0.0,0.0,0.14999999999999997,10
shared,null,holdout,mdi_reset,8,5,0.32999999999999996,0.06786471488562297,0.0,0.0,0.14999999999999997,10
shared,null,holdout,mdi_reset,8,10,0.315,0.06541159988584007,0.0,0.0,0.14999999999999997,10
shared,null,holdout,mdi_reset,8,25,0.31199999999999994,0.030312530829481866,0.0,0.0,0.14999999999999997,10
shared,null,holdout,mdi_with_delta,0,10,0.31500000000000006,0.05072368667405657,0.0,0.0,0.14999999999999997,10
shared,null,holdout,mdi_with_delta,1,10,0.38999999999999996,0.052783667133262296,0.0,0.0,0.14999999999999997,10
shared,null,holdout,mdi_with_delta,2,10,0.4050000000000001,0.03936269025254046,0.0,0.0,0.14999999999999997,10
shared,null,holdout,mdi_with_delta,3,10,0.39499999999999996,0.05450604454644075,0.0,0.0,0.14999999999999997,10
shared,null,holdout,mdi_with_delta,4,10,0.425,0.03863368845438133,0.0,0.0,0.14999999999999997,10
shared,null,holdout,mdi_with_delta,5,10,0.43000000000000005,0.025009088420006473,0.0,0.0,0.14999999999999997,10
shared,null,holdout,mdi_with_delta,6,10,0.43499999999999994,0.047839260949262545,0.0,0.0,0.14999999999999997,10
shared,null,holdout,mdi_with_delta,7,10,0.44000000000000006,0.043968431983939925,0.0,0.0,0.14999999999999997,10
shared,null,holdout,mdi_with_delta,8,5,0.43000000000000005,0.06786471488562296,0.0,0.0,0.14999999999999997,10
shared,null,holdout,mdi_with_delta,8,10,0.43,0.02500908842000647,0.0,0.0,0.14999999999999997,10
shared,null,holdout,mdi_with_delta,8,25,0.33399999999999996,0.02701991828636485,0.0,0.0,0.14999999999999997,10
shared,null,holdout,predicate_match,0,10,0.14000000000000004,0.03286838155762566,0.0,0.0,0.14999999999999997,10
shared,null,holdout,predicate_match,1,10,0.23999999999999994,0.0527836671332623,0.0,0.0,0.14999999999999997,10
shared,null,holdout,predicate_match,2,10,0.29,0.05791986290822424,0.0,0.0,0.14999999999999997,10
shared,null,holdout,predicate_match,3,10,0.24500000000000005,0.059493729882829166,0.0,0.0,0.14999999999999997,10
shared,null,holdout,predicate_match,4,10,0.265,0.050723686674056565,0.0,0.0,0.14999999999999997,10
shared,null,holdout,predicate_match,5,10,0.29,0.05791986290822424,0.0,0.0,0.14999999999999997,10
shared,null,holdout,predicate_match,6,10,0.24500000000000005,0.059493729882829166,0.0,0.0,0.14999999999999997,10
shared,null,holdout,predicate_match,7,10,0.265,0.050723686674056565,0.0,0.0,0.14999999999999997,10
shared,null,holdout,predicate_match,8,5,0.28,0.08121392761072753,0.0,0.0,0.14999999999999997,10
shared,null,holdout,predicate_match,8,10,0.29,0.05791986290822424,0.0,0.0,0.14999999999999997,10
shared,null,holdout,predicate_match,8,25,0.258,0.019605362078068858,0.0,0.0,0.14999999999999997,10
shared,null,holdout,random,0,10,0.16,0.04709055651362149,0.0,0.0,0.14999999999999997,10
shared,null,holdout,random,1,10,0.16,0.04709055651362149,0.0,0.0,0.14999999999999997,10
shared,null,holdout,random,2,10,0.16,0.04709055651362149,0.0,0.0,0.14999999999999997,10
shared,null,holdout,random,3,10,0.16,0.04709055651362149,0.0,0.0,0.14999999999999997,10
shared,null,holdout,random,4,10,0.16,0.04709055651362149,0.0,0.0,0.14999999999999997,10
shared,null,holdout,random,5,10,0.16,0.04709055651362149,0.0,0.0,0.14999999999999997,10
shared,null,holdout,random,6,10,0.16,0.04709055651362149,0.0,0.0,0.14999999999999997,10
shared,null,holdout,random,7,10,0.16,0.04709055651362149,0.0,0.0,0.14999999999999997,10
shared,null,holdout,random,8,5,0.15,0.06079364704696508,0.0,0.0,0.14999999999999997,10
shared,null,holdout,random,8,10,0.16,0.04709055651362149,0.0,0.0,0.14999999999999997,10
shared,null,holdout,random,8,25,0.174,0.031670200279957386,0.0,0.0,0.14999999999999997,10
shared,null,holdout,recurrence,0,10,0.14000000000000004,0.03286838155762566,0.0,0.0,0.14999999999999997,10
shared,null,holdout,recurrence,1,10,0.14000000000000004,0.03286838155762566,0.0,0.0,0.14999999999999997,10
shared,null,holdout,recurrence,2,10,0.14000000000000004,0.03286838155762566,0.0,0.0,0.14999999999999997,10
shared,null,holdout,recurrence,3,10,0.14000000000000004,0.03286838155762566,0.0,0.0,0.14999999999999997,10
shared,null,holdout,recurrence,4,10,0.14000000000000004,0.03286838155762566,0.0,0.0,0.14999999999999997,10
shared,null,holdout,recurrence,5,10,0.14000000000000004,0.03286838155762566,0.0,0.0,0.14999999999999997,10
shared,null,holdout,recurrence,6,10,0.14000000000000004,0.03286838155762566,0.0,0.0,0.14999999999999997,10
shared,null,holdout,recurrence,7,10,0.14000000000000004,0.03286838155762566,0.0,0.0,0.14999999999999997,10
shared,null,holdout,recurrence,8,5,0.19,0.05278366713326231,0.0,0.0,0.14999999999999997,10
shared,null,holdout,recurrence,8,10,0.14000000000000004,0.03286838155762566,0.0,0.0,0.14999999999999997,10
shared,null,holdout,recurrence,8,25,0.14200000000000002,0.029744475539029792,0.0,0.0,0.14999999999999997,10
shared,null,holdout,similarity,0,10,0.25,0.07153569059883398,0.0,0.0,0.14999999999999997,10
shared,null,holdout,similarity,1,10,0.25,0.07153569059883398,0.0,0.0,0.14999999999999997,10
shared,null,holdout,similarity,2,10,0.25,0.07153569059883398,0.0,0.0,0.14999999999999997,10
shared,null,holdout,similarity,3,10,0.25,0.07153569059883398,0.0,0.0,0.14999999999999997,10
shared,null,holdout,similarity,4,10,0.25,0.07153569059883398,0.0,0.0,0.14999999999999997,10
shared,null,holdout,similarity,5,10,0.25,0.07153569059883398,0.0,0.0,0.14999999999999997,10
shared,null,holdout,similarity,6,10,0.25,0.07153569059883398,0.0,0.0,0.14999999999999997,10
shared,null,holdout,similarity,7,10,0.25,0.07153569059883398,0.0,0.0,0.14999999999999997,10
shared,null,holdout,similarity,8,5,0.19,0.09204382406636306,0.0,0.0,0.14999999999999997,10
shared,null,holdout,similarity,8,10,0.25,0.07153569059883398,0.0,0.0,0.14999999999999997,10
shared,null,holdout,similarity,8,25,0.23599999999999993,0.039210724156137716,0.0,0.0,0.14999999999999997,10
shared,null,holdout,value_profile,0,10,0.14000000000000004,0.03286838155762566,0.0,0.0,0.14999999999999997,10
shared,null,holdout,value_profile,1,10,0.33999999999999997,0.055411307669746106,0.0,0.0,0.14999999999999997,10
shared,null,holdout,value_profile,2,10,0.30999999999999994,0.05001817684001293,0.0,0.0,0.14999999999999997,10
shared,null,holdout,value_profile,3,10,0.3350000000000001,0.06754979571591213,0.0,0.0,0.14999999999999997,10
shared,null,holdout,value_profile,4,10,0.39,0.043968431983939925,0.0,0.0,0.14999999999999997,10
shared,null,holdout,value_profile,5,10,0.34,0.05001817684001294,0.0,0.0,0.14999999999999997,10
shared,null,holdout,value_profile,6,10,0.37,0.05385011157546034,0.0,0.0,0.14999999999999997,10
shared,null,holdout,value_profile,7,10,0.41,0.050018176840012946,0.0,0.0,0.14999999999999997,10
shared,null,holdout,value_profile,8,5,0.39,0.07872538050508089,0.0,0.0,0.14999999999999997,10
shared,null,holdout,value_profile,8,10,0.37,0.04198386011486575,0.0,0.0,0.14999999999999997,10
shared,null,holdout,value_profile,8,25,0.32,0.027808078043089206,0.0,0.0,0.14999999999999997,10
shared,switch,exposed,association_only,0,10,0.38999999999999996,0.05278366713326231,0.0,0.0,0.14999999999999997,10
shared,switch,exposed,association_only,1,10,0.40499999999999997,0.05183253216332725,0.0,0.0,0.14999999999999997,10
shared,switch,exposed,association_only,2,10,0.45,0.03770261938090164,0.0,0.0,0.14999999999999997,10
shared,switch,exposed,association_only,3,10,0.7649999999999999,0.053452688346275846,0.585,0.09087817352110698,0.14999999999999997,10
shared,switch,exposed,association_only,4,10,0.625,0.07587505787894738,0.28,0.13924471125177698,0.14999999999999997,10
shared,switch,exposed,association_only,5,10,0.33999999999999997,0.06486603906680426,-0.29500000000000004,0.1310945611911874,0.14999999999999997,10
shared,switch,exposed,association_only,6,10,0.505,0.04602191203318153,0.029999999999999992,0.0757813270737047,0.14999999999999997,10
shared,switch,exposed,association_only,7,10,0.475,0.034760097553861516,-0.030000000000000016,0.04828291119451137,0.14999999999999997,10
shared,switch,exposed,association_only,8,5,0.58,0.07388174355966147,0.16999999999999998,0.15099887294687167,0.14999999999999997,10
shared,switch,exposed,association_only,8,10,0.595,0.04602191203318152,0.22000000000000003,0.09265950868321116,0.14999999999999997,10
shared,switch,exposed,association_only,8,25,0.49400000000000005,0.00965658223890227,0.06799999999999999,0.03317830505519345,0.14999999999999997,10
shared,switch,exposed,clustering,0,10,0.15,0.03372224794619885,0.0,0.0,0.14999999999999997,10
shared,switch,exposed,clustering,1,10,0.15,0.03372224794619885,0.0,0.0,0.14999999999999997,10
shared,switch,exposed,clustering,2,10,0.15,0.03372224794619885,0.0,0.0,0.14999999999999997,10
shared,switch,exposed,clustering,3,10,0.15,0.03372224794619885,0.0,0.0,0.14999999999999997,10
shared,switch,exposed,clustering,4,10,0.15,0.03372224794619885,0.0,0.0,0.14999999999999997,10
shared,switch,exposed,clustering,5,10,0.15,0.03372224794619885,0.0,0.0,0.14999999999999997,10
shared,switch,exposed,clustering,6,10,0.15,0.03372224794619885,0.0,0.0,0.14999999999999997,10
shared,switch,exposed,clustering,7,10,0.15,0.03372224794619885,0.0,0.0,0.14999999999999997,10
shared,switch,exposed,clustering,8,5,0.18,0.04524314325708199,0.0,0.0,0.14999999999999997,10
shared,switch,exposed,clustering,8,10,0.15,0.03372224794619885,0.0,0.0,0.14999999999999997,10
shared,switch,exposed,clustering,8,25,0.15,0.013904039021544606,0.0,0.0,0.14999999999999997,10
shared,switch,exposed,competing_models,0,10,0.14000000000000004,0.03286838155762566,0.0,0.0,0.14999999999999997,10
shared,switch,exposed,competing_models,1,10,0.37499999999999994,0.07587505787894741,0.0,0.0,0.14999999999999997,10
shared,switch,exposed,competing_models,2,10,0.5,0.0,0.0,0.0,0.14999999999999997,10
shared,switch,exposed,competing_models,3,10,0.82,0.07388174355966147,0.6699999999999999,0.13404328443980182,0.14999999999999997,10
shared,switch,exposed,competing_models,4,10,0.825,0.07397788119767551,0.68,0.1382200857688727,0.14999999999999997,10
shared,switch,exposed,competing_models,5,10,0.19,0.07689855677471162,-0.59,0.1448487335835341,0.14999999999999997,10
shared,switch,exposed,competing_models,6,10,0.6449999999999999,0.10855473938443062,0.3,0.22177346050207958,0.14999999999999997,10
shared,switch,exposed,competing_models,7,10,0.585,0.07163497682371311,0.18,0.15471861438679704,0.14999999999999997,10
shared,switch,exposed,competing_models,8,5,0.67,0.1120979463340934,0.34,0.2241958926681868,0.14999999999999997,10
shared,switch,exposed,competing_models,8,10,0.795,0.07436118884757448,0.615,0.14212437331877315,0.14999999999999997,10
shared,switch,exposed,competing_models,8,25,0.594,0.013572942977124578,0.2739999999999999,0.048658294191499425,0.14999999999999997,10
shared,switch,exposed,context_oracle,0,10,0.26999999999999996,0.03016209550472131,0.0,0.0,0.14999999999999997,10
shared,switch,exposed,context_oracle,1,10,0.305,0.04602191203318153,0.0,0.0,0.14999999999999997,10
shared,switch,exposed,context_oracle,2,10,0.325,0.05655392907135247,0.0,0.0,0.14999999999999997,10
shared,switch,exposed,context_oracle,3,10,0.305,0.04901340519517213,0.0,0.0,0.14999999999999997,10
shared,switch,exposed,context_oracle,4,10,0.355,0.05183253216332726,0.0,0.0,0.14999999999999997,10
shared,switch,exposed,context_oracle,5,10,0.30999999999999994,0.047090556513621484,0.0,0.0,0.14999999999999997,10
shared,switch,exposed,context_oracle,6,10,0.27,0.05385011157546032,0.0,0.0,0.14999999999999997,10
shared,switch,exposed,context_oracle,7,10,0.31500000000000006,0.0294466870800519,0.0,0.0,0.14999999999999997,10
shared,switch,exposed,context_oracle,8,5,0.3,0.07540523876180329,0.0,0.0,0.14999999999999997,10
shared,switch,exposed,context_oracle,8,10,0.30000000000000004,0.05058337191929827,0.0,0.0,0.14999999999999997,10
shared,switch,exposed,context_oracle,8,25,0.308,0.022571245489164313,0.0,0.0,0.14999999999999997,10
shared,switch,exposed,delta_only,0,10,0.205,0.039362690252540446,0.0,0.0,0.14999999999999997,10
shared,switch,exposed,delta_only,1,10,0.29500000000000004,0.05183253216332725,0.0,0.0,0.14999999999999997,10
shared,switch,exposed,delta_only,2,10,0.43499999999999994,0.029446687080051895,0.0,0.0,0.14999999999999997,10
shared,switch,exposed,delta_only,3,10,0.685,0.08438988337465289,0.535,0.134941672510016,0.14999999999999997,10
shared,switch,exposed,delta_only,4,10,0.5399999999999999,0.055411307669746085,0.31,0.12367378698830671,0.14999999999999997,10
shared,switch,exposed,delta_only,5,10,0.255,0.07242436679176704,-0.25999999999999995,0.1036650643266545,0.14999999999999997,10
shared,switch,exposed,delta_only,6,10,0.5,0.0938787651746819,0.15000000000000002,0.1306057046923054,0.14999999999999997,10
shared,switch,exposed,delta_only,7,10,0.44499999999999995,0.06627515673523317,0.059999999999999984,0.1036650643266545,0.14999999999999997,10
shared,switch,exposed,delta_only,8,5,0.7,0.12158729409393015,0.59,0.18608448538041147,0.14999999999999997,10
shared,switch,exposed,delta_only,8,10,0.5299999999999999,0.04828291119451134,0.30500000000000005,0.10179707232843443,0.14999999999999997,10
shared,switch,exposed,delta_only,8,25,0.346,0.05182704694905048,0.10200000000000001,0.062345131665355484,0.14999999999999997,10
shared,switch,exposed,frequency,0,10,0.27999999999999997,0.05385011157546032,0.0,0.0,0.14999999999999997,10
shared,switch,exposed,frequency,1,10,0.275,0.056553929071352455,0.0,0.0,0.14999999999999997,10
shared,switch,exposed,frequency,2,10,0.27,0.06353758354890779,0.0,0.0,0.14999999999999997,10
shared,switch,exposed,frequency,3,10,0.275,0.06137541769047296,0.0,0.0,0.14999999999999997,10
shared,switch,exposed,frequency,4,10,0.275,0.056553929071352455,0.0,0.0,0.14999999999999997,10
shared,switch,exposed,frequency,5,10,0.27999999999999997,0.05385011157546032,0.0,0.0,0.14999999999999997,10
shared,switch,exposed,frequency,6,10,0.275,0.06137541769047296,0.0,0.0,0.14999999999999997,10
shared,switch,exposed,frequency,7,10,0.27999999999999997,0.05385011157546032,0.0,0.0,0.14999999999999997,10
shared,switch,exposed,frequency,8,5,0.27,0.08953876002124236,0.0,0.0,0.14999999999999997,10
shared,switch,exposed,frequency,8,10,0.27999999999999997,0.05385011157546032,0.0,0.0,0.14999999999999997,10
shared,switch,exposed,frequency,8,25,0.28800000000000003,0.04329075109981364,0.0,0.0,0.14999999999999997,10
shared,switch,exposed,mdi,0,10,0.315,0.06541159988584007,0.0,0.0,0.14999999999999997,10
shared,switch,exposed,mdi,1,10,0.39999999999999997,0.04769046039922266,0.0,0.0,0.14999999999999997,10
shared,switch,exposed,mdi,2,10,0.465,0.03789066353685235,0.0,0.0,0.14999999999999997,10
shared,switch,exposed,mdi,3,10,0.725,0.07002950737528386,0.5449999999999999,0.1197614669146454,0.14999999999999997,10
shared,switch,exposed,mdi,4,10,0.675,0.05128110656114112,0.425,0.09575277765040738,0.14999999999999997,10
shared,switch,exposed,mdi,5,10,0.29500000000000004,0.05183253216332726,-0.38,0.10003635368002589,0.14999999999999997,10
shared,switch,exposed,mdi,6,10,0.52,0.025009088420006483,0.06000000000000001,0.04060696380536377,0.14999999999999997,10
shared,switch,exposed,mdi,7,10,0.5499999999999999,0.05840864678825162,0.125,0.11832857624252999,0.14999999999999997,10
shared,switch,exposed,mdi,8,5,0.62,0.1055673342665246,0.26999999999999996,0.22126009532167898,0.14999999999999997,10
shared,switch,exposed,mdi,8,10,0.6749999999999999,0.07002950737528384,0.4,0.1284104944889678,0.14999999999999997,10
shared,switch,exposed,mdi,8,25,0.53,0.023605573562339215,0.15600000000000003,0.03921072415613772,0.14999999999999997,10
shared,switch,exposed,mdi_decay0,0,10,0.315,0.06541159988584007,0.0,0.0,0.14999999999999997,10
shared,switch,exposed,mdi_decay0,1,10,0.39999999999999997,0.04769046039922266,0.0,0.0,0.14999999999999997,10
shared,switch,exposed,mdi_decay0,2,10,0.4699999999999999,0.030162095504721306,0.0,0.0,0.14999999999999997,10
shared,switch,exposed,mdi_decay0,3,10,0.72,0.07944434867455497,0.5349999999999999,0.132818146262203,0.14999999999999997,10
shared,switch,exposed,mdi_decay0,4,10,0.6849999999999999,0.05345268834627584,0.43500000000000005,0.10123697414475614,0.14999999999999997,10
shared,switch,exposed,mdi_decay0,5,10,0.3,0.05058337191929827,-0.37,0.09567852189852509,0.14999999999999997,10
shared,switch,exposed,mdi_decay0,6,10,0.485,0.024141455597255675,-0.014999999999999996,0.04783926094926254,0.14999999999999997,10
shared,switch,exposed,mdi_decay0,7,10,0.475,0.034760097553861516,-0.03,0.0588933741601038,0.14999999999999997,10
shared,switch,exposed,mdi_decay0,8,5,0.5599999999999999,0.09048628651416393,0.13999999999999999,0.18222499332174893,0.14999999999999997,10
shared,switch,exposed,mdi_decay0,8,10,0.5700000000000001,0.07193201324708874,0.17500000000000002,0.13827149737034142,0.14999999999999997,10
shared,switch,exposed,mdi_decay0,8,25,0.49800000000000005,0.03049953155957874,0.086,0.054396400588916406,0.14999999999999997,10
shared,switch,exposed,mdi_decay020,0,10,0.315,0.06541159988584007,0.0,0.0,0.14999999999999997,10
shared,switch,exposed,mdi_decay020,1,10,0.40499999999999997,0.03936269025254045,0.0,0.0,0.14999999999999997,10
shared,switch,exposed,mdi_decay020,2,10,0.465,0.03789066353685235,0.0,0.0,0.14999999999999997,10
shared,switch,exposed,mdi_decay020,3,10,0.7249999999999999,0.07587505787894742,0.54,0.12595158034459722,0.14999999999999997,10
shared,switch,exposed,mdi_decay020,4,10,0.63,0.06353758354890779,0.3450000000000001,0.10455256542961042,0.14999999999999997,10
shared,switch,exposed,mdi_decay020,5,10,0.315,0.06754979571591212,-0.32999999999999996,0.12752182987078034,0.14999999999999997,10
shared,switch,exposed,mdi_decay020,6,10,0.6599999999999999,0.08051076348728783,0.37,0.15099887294687167,0.14999999999999997,10
shared,switch,exposed,mdi_decay020,7,10,0.575,0.04842989147725691,0.19,0.09204382406636305,0.14999999999999997,10
shared,switch,exposed,mdi_decay020,8,5,0.66,0.10228464234777962,0.37,0.19677733538915063,0.14999999999999997,10
shared,switch,exposed,mdi_decay020,8,10,0.7299999999999999,0.06125950556116341,0.53,0.09715285407193539,0.14999999999999997,10
shared,switch,exposed,mdi_decay020,8,25,0.548,0.025415033419563127,0.19800000000000004,0.0459662814697953,0.14999999999999997,10
shared,switch,exposed,mdi_no_novelty,0,10,0.30000000000000004,0.05840864678825162,0.0,0.0,0.14999999999999997,10
shared,switch,exposed,mdi_no_novelty,1,10,0.40499999999999997,0.04602191203318153,0.0,0.0,0.14999999999999997,10
shared,switch,exposed,mdi_no_novelty,2,10,0.45999999999999996,0.03694087177983074,0.0,0.0,0.14999999999999997,10
shared,switch,exposed,mdi_no_novelty,3,10,0.7849999999999999,0.07163497682371311,0.625,0.12418993302101974,0.14999999999999997,10
shared,switch,exposed,mdi_no_novelty,4,10,0.7100000000000001,0.047090556513621484,0.44000000000000006,0.09802681039034429,0.14999999999999997,10
shared,switch,exposed,mdi_no_novelty,5,10,0.27999999999999997,0.0588933741601038,-0.42000000000000004,0.1146060407465232,0.14999999999999997,10
shared,switch,exposed,mdi_no_novelty,6,10,0.5450000000000002,0.04602191203318153,0.11000000000000003,0.08564388794429341,0.14999999999999997,10
shared,switch,exposed,mdi_no_novelty,7,10,0.54,0.060324191009442654,0.09500000000000003,0.10723727869162586,0.14999999999999997,10
shared,switch,exposed,mdi_no_novelty,8,5,0.6,0.08260230044780516,0.21999999999999997,0.1745757491045181,0.14999999999999997,10
shared,switch,exposed,mdi_no_novelty,8,10,0.69,0.04709055651362149,0.395,0.10039096788558366,0.14999999999999997,10
shared,switch,exposed,mdi_no_novelty,8,25,0.5199999999999999,0.021327822266184744,0.11400000000000002,0.04373503848184593,0.14999999999999997,10
shared,switch,exposed,mdi_original,0,10,0.24000000000000005,0.07113715997370754,0.0,0.0,0.14999999999999997,10
shared,switch,exposed,mdi_original,1,10,0.285,0.07735930719339852,0.0,0.0,0.14999999999999997,10
shared,switch,exposed,mdi_original,2,10,0.485,0.033932357442811485,0.0,0.0,0.14999999999999997,10
shared,switch,exposed,mdi_original,3,10,0.5,0.0,0.004999999999999999,0.01131078581427049,0.14999999999999997,10
shared,switch,exposed,mdi_original,4,10,0.5,0.0,0.004999999999999999,0.01131078581427049,0.14999999999999997,10
shared,switch,exposed,mdi_original,5,10,0.5,0.0,0.0,0.0,0.14999999999999997,10
shared,switch,exposed,mdi_original,6,10,0.5,0.0,0.0,0.0,0.14999999999999997,10
shared,switch,exposed,mdi_original,7,10,0.5,0.0,0.0,0.0,0.14999999999999997,10
shared,switch,exposed,mdi_original,8,5,0.5,0.0,0.0,0.0,0.14999999999999997,10
shared,switch,exposed,mdi_original,8,10,0.5,0.0,0.0,0.0,0.14999999999999997,10
shared,switch,exposed,mdi_original,8,25,0.288,0.012064838201888518,0.0,0.0,0.14999999999999997,10
shared,switch,exposed,mdi_reset,0,10,0.315,0.06541159988584007,0.0,0.0,0.14999999999999997,10
shared,switch,exposed,mdi_reset,1,10,0.315,0.06541159988584007,0.0,0.0,0.14999999999999997,10
shared,switch,exposed,mdi_reset,2,10,0.315,0.06541159988584007,0.0,0.0,0.14999999999999997,10
shared,switch,exposed,mdi_reset,3,10,0.315,0.06541159988584007,0.0,0.0,0.14999999999999997,10
shared,switch,exposed,mdi_reset,4,10,0.315,0.06541159988584007,0.0,0.0,0.14999999999999997,10
shared,switch,exposed,mdi_reset,5,10,0.315,0.06541159988584007,0.0,0.0,0.14999999999999997,10
shared,switch,exposed,mdi_reset,6,10,0.315,0.06541159988584007,0.0,0.0,0.14999999999999997,10
shared,switch,exposed,mdi_reset,7,10,0.315,0.06541159988584007,0.0,0.0,0.14999999999999997,10
shared,switch,exposed,mdi_reset,8,5,0.32999999999999996,0.06786471488562297,0.0,0.0,0.14999999999999997,10
shared,switch,exposed,mdi_reset,8,10,0.315,0.06541159988584007,0.0,0.0,0.14999999999999997,10
shared,switch,exposed,mdi_reset,8,25,0.31199999999999994,0.030312530829481866,0.0,0.0,0.14999999999999997,10
shared,switch,exposed,mdi_with_delta,0,10,0.31500000000000006,0.05072368667405657,0.0,0.0,0.14999999999999997,10
shared,switch,exposed,mdi_with_delta,1,10,0.40499999999999997,0.042821943972146705,0.0,0.0,0.14999999999999997,10
shared,switch,exposed,mdi_with_delta,2,10,0.48500000000000004,0.024141455597255675,0.0,0.0,0.14999999999999997,10
shared,switch,exposed,mdi_with_delta,3,10,0.77,0.08953876002124236,0.6199999999999999,0.14718515422650674,0.14999999999999997,10
shared,switch,exposed,mdi_with_delta,4,10,0.61,0.06702164221990091,0.265,0.11808807075762136,0.14999999999999997,10
shared,switch,exposed,mdi_with_delta,5,10,0.36500000000000005,0.0585302049775716,-0.24500000000000002,0.12327084595497992,0.14999999999999997,10
shared,switch,exposed,mdi_with_delta,6,10,0.55,0.03770261938090166,0.13000000000000003,0.0757813270737047,0.14999999999999997,10
shared,switch,exposed,mdi_with_delta,7,10,0.5,0.02920432339412581,0.039999999999999994,0.06702164221990092,0.14999999999999997,10
shared,switch,exposed,mdi_with_delta,8,5,0.67,0.0757813270737047,0.36,0.1515626541474094,0.14999999999999997,10
shared,switch,exposed,mdi_with_delta,8,10,0.595,0.06627515673523317,0.23500000000000001,0.1156555119827176,0.14999999999999997,10
shared,switch,exposed,mdi_with_delta,8,25,0.5660000000000001,0.029437030845301353,0.246,0.04865829419149941,0.14999999999999997,10
shared,switch,exposed,predicate_match,0,10,0.14000000000000004,0.03286838155762566,0.0,0.0,0.14999999999999997,10
shared,switch,exposed,predicate_match,1,10,0.23999999999999994,0.0527836671332623,0.0,0.0,0.14999999999999997,10
shared,switch,exposed,predicate_match,2,10,0.29000000000000004,0.05001817684001294,0.0,0.0,0.14999999999999997,10
shared,switch,exposed,predicate_match,3,10,1.0,0.0,1.0,0.0,0.14999999999999997,10
shared,switch,exposed,predicate_match,4,10,0.5349999999999999,0.05604897316704667,0.325,0.08472609938097443,0.14999999999999997,10
shared,switch,exposed,predicate_match,5,10,0.21000000000000002,0.050018176840012946,-0.325,0.08472609938097443,0.14999999999999997,10
shared,switch,exposed,predicate_match,6,10,0.565,0.03789066353685231,0.13,0.07578132707370465,0.14999999999999997,10
shared,switch,exposed,predicate_match,7,10,0.5349999999999999,0.05604897316704667,0.1,0.08922068171570079,0.14999999999999997,10
shared,switch,exposed,predicate_match,8,5,1.0,0.0,1.0,0.0,0.14999999999999997,10
shared,switch,exposed,predicate_match,8,10,0.95,0.04461034085785039,0.9,0.08922068171570079,0.14999999999999997,10
shared,switch,exposed,predicate_match,8,25,0.5979999999999999,0.004524314325708177,0.21599999999999997,0.022164523067898435,0.14999999999999997,10
shared,switch,exposed,random,0,10,0.16,0.04709055651362149,0.0,0.0,0.14999999999999997,10
shared,switch,exposed,random,1,10,0.16,0.04709055651362149,0.0,0.0,0.14999999999999997,10
shared,switch,exposed,random,2,10,0.16,0.04709055651362149,0.0,0.0,0.14999999999999997,10
shared,switch,exposed,random,3,10,0.16,0.04709055651362149,0.0,0.0,0.14999999999999997,10
shared,switch,exposed,random,4,10,0.16,0.04709055651362149,0.0,0.0,0.14999999999999997,10
shared,switch,exposed,random,5,10,0.16,0.04709055651362149,0.0,0.0,0.14999999999999997,10
shared,switch,exposed,random,6,10,0.16,0.04709055651362149,0.0,0.0,0.14999999999999997,10
shared,switch,exposed,random,7,10,0.16,0.04709055651362149,0.0,0.0,0.14999999999999997,10
shared,switch,exposed,random,8,5,0.15,0.06079364704696508,0.0,0.0,0.14999999999999997,10
shared,switch,exposed,random,8,10,0.16,0.04709055651362149,0.0,0.0,0.14999999999999997,10
shared,switch,exposed,random,8,25,0.174,0.031670200279957386,0.0,0.0,0.14999999999999997,10
shared,switch,exposed,recurrence,0,10,0.14000000000000004,0.03286838155762566,0.0,0.0,0.14999999999999997,10
shared,switch,exposed,recurrence,1,10,0.215,0.05345268834627583,0.0,0.0,0.14999999999999997,10
shared,switch,exposed,recurrence,2,10,0.275,0.056553929071352455,0.0,0.0,0.14999999999999997,10
shared,switch,exposed,recurrence,3,10,0.6899999999999998,0.060324191009442654,0.5799999999999998,0.06573676311525134,0.14999999999999997,10
shared,switch,exposed,recurrence,4,10,0.605,0.0640944529475328,0.45499999999999996,0.05183253216332726,0.14999999999999997,10
shared,switch,exposed,recurrence,5,10,0.16,0.043968431983939925,-0.42000000000000004,0.07193201324708873,0.14999999999999997,10
shared,switch,exposed,recurrence,6,10,0.42000000000000004,0.05385011157546033,0.0,0.09975175465758977,0.14999999999999997,10
shared,switch,exposed,recurrence,7,10,0.365,0.041472881318991815,-0.05000000000000001,0.05592202176243728,0.14999999999999997,10
shared,switch,exposed,recurrence,8,5,0.4600000000000001,0.0965658223890227,0.030000000000000006,0.178600615014576,0.14999999999999997,10
shared,switch,exposed,recurrence,8,10,0.45,0.04461034085785041,0.075,0.07203075318821235,0.14999999999999997,10
shared,switch,exposed,recurrence,8,25,0.388,0.0180972573028328,0.04399999999999999,0.03075942270988464,0.14999999999999997,10
shared,switch,exposed,similarity,0,10,0.25,0.07153569059883398,0.0,0.0,0.14999999999999997,10
shared,switch,exposed,similarity,1,10,0.25,0.07153569059883398,0.0,0.0,0.14999999999999997,10
shared,switch,exposed,similarity,2,10,0.25,0.07153569059883398,0.0,0.0,0.14999999999999997,10
shared,switch,exposed,similarity,3,10,0.25,0.07153569059883398,0.0,0.0,0.14999999999999997,10
shared,switch,exposed,similarity,4,10,0.25,0.07153569059883398,0.0,0.0,0.14999999999999997,10
shared,switch,exposed,similarity,5,10,0.25,0.07153569059883398,0.0,0.0,0.14999999999999997,10
shared,switch,exposed,similarity,6,10,0.25,0.07153569059883398,0.0,0.0,0.14999999999999997,10
shared,switch,exposed,similarity,7,10,0.25,0.07153569059883398,0.0,0.0,0.14999999999999997,10
shared,switch,exposed,similarity,8,5,0.19,0.09204382406636306,0.0,0.0,0.14999999999999997,10
shared,switch,exposed,similarity,8,10,0.25,0.07153569059883398,0.0,0.0,0.14999999999999997,10
shared,switch,exposed,similarity,8,25,0.23599999999999993,0.039210724156137716,0.0,0.0,0.14999999999999997,10
shared,switch,exposed,value_profile,0,10,0.14000000000000004,0.03286838155762566,0.0,0.0,0.14999999999999997,10
shared,switch,exposed,value_profile,1,10,0.35,0.08597520015994108,0.0,0.0,0.14999999999999997,10
shared,switch,exposed,value_profile,2,10,0.5,0.0,0.0,0.0,0.14999999999999997,10
shared,switch,exposed,value_profile,3,10,0.8149999999999998,0.07163497682371314,0.665,0.13174354813383354,0.14999999999999997,10
shared,switch,exposed,value_profile,4,10,0.72,0.05385011157546033,0.45999999999999996,0.11410883215132492,0.14999999999999997,10
shared,switch,exposed,value_profile,5,10,0.305,0.04901340519517214,-0.375,0.08638755360554541,0.14999999999999997,10
shared,switch,exposed,value_profile,6,10,0.5900000000000001,0.06032419100944261,0.19,0.12367378698830672,0.14999999999999997,10
shared,switch,exposed,value_profile,7,10,0.49000000000000005,0.015081047752360664,0.0,0.0,0.14999999999999997,10
shared,switch,exposed,value_profile,8,5,0.6300000000000001,0.08953876002124236,0.25999999999999995,0.1790775200424847,0.14999999999999997,10
shared,switch,exposed,value_profile,8,10,0.72,0.06353758354890779,0.45500000000000007,0.12780020136526116,0.14999999999999997,10
shared,switch,exposed,value_profile,8,25,0.5280000000000001,0.01931316447780456,0.134,0.04576793628792684,0.14999999999999997,10
shared,switch,holdout,association_only,0,10,0.38999999999999996,0.05278366713326231,0.0,0.0,0.14999999999999997,10
shared,switch,holdout,association_only,1,10,0.38499999999999995,0.03393235744281148,0.0,0.0,0.14999999999999997,10
shared,switch,holdout,association_only,2,10,0.45999999999999996,0.04396843198393991,0.0,0.0,0.14999999999999997,10
shared,switch,holdout,association_only,3,10,0.695,0.04602191203318153,0.45,0.09831640278016562,0.14999999999999997,10
shared,switch,holdout,association_only,4,10,0.575,0.06584479402316085,0.19,0.11410883215132492,0.14999999999999997,10
shared,switch,holdout,association_only,5,10,0.36,0.055411307669746106,-0.25000000000000006,0.11681729357650324,0.14999999999999997,10
shared,switch,holdout,association_only,6,10,0.495,0.026391833566631166,0.0050000000000000044,0.05450604454644077,0.14999999999999997,10
shared,switch,holdout,association_only,7,10,0.51,0.03694087177983072,0.03499999999999999,0.07549943647343584,0.14999999999999997,10
shared,switch,holdout,association_only,8,5,0.5199999999999999,0.030162095504721306,0.04999999999999999,0.060793647046965056,0.14999999999999997,10
shared,switch,holdout,association_only,8,10,0.5599999999999999,0.028214056861455387,0.13999999999999999,0.04709055651362147,0.14999999999999997,10
shared,switch,holdout,association_only,8,25,0.488,0.016793544045946296,0.06999999999999999,0.031090376413983406,0.14999999999999997,10
shared,switch,holdout,clustering,0,10,0.15,0.03372224794619885,0.0,0.0,0.14999999999999997,10
shared,switch,holdout,clustering,1,10,0.15,0.03372224794619885,0.0,0.0,0.14999999999999997,10
shared,switch,holdout,clustering,2,10,0.15,0.03372224794619885,0.0,0.0,0.14999999999999997,10
shared,switch,holdout,clustering,3,10,0.15,0.03372224794619885,0.0,0.0,0.14999999999999997,10
shared,switch,holdout,clustering,4,10,0.15,0.03372224794619885,0.0,0.0,0.14999999999999997,10
shared,switch,holdout,clustering,5,10,0.15,0.03372224794619885,0.0,0.0,0.14999999999999997,10
shared,switch,holdout,clustering,6,10,0.15,0.03372224794619885,0.0,0.0,0.14999999999999997,10
shared,switch,holdout,clustering,7,10,0.15,0.03372224794619885,0.0,0.0,0.14999999999999997,10
shared,switch,holdout,clustering,8,5,0.18,0.04524314325708199,0.0,0.0,0.14999999999999997,10
shared,switch,holdout,clustering,8,10,0.15,0.03372224794619885,0.0,0.0,0.14999999999999997,10
shared,switch,holdout,clustering,8,25,0.15,0.013904039021544606,0.0,0.0,0.14999999999999997,10
shared,switch,holdout,competing_models,0,10,0.14000000000000004,0.03286838155762566,0.0,0.0,0.14999999999999997,10
shared,switch,holdout,competing_models,1,10,0.31,0.10770022315092066,0.0,0.0,0.14999999999999997,10
shared,switch,holdout,competing_models,2,10,0.495,0.01131078581427049,0.0,0.0,0.14999999999999997,10
shared,switch,holdout,competing_models,3,10,0.795,0.0640944529475328,0.625,0.11590106536314398,0.14999999999999997,10
shared,switch,holdout,competing_models,4,10,0.7499999999999999,0.05058337191929828,0.5349999999999999,0.09545540805759051,0.14999999999999997,10
shared,switch,holdout,competing_models,5,10,0.31500000000000006,0.09242910755908365,-0.36,0.178281969595723,0.14999999999999997,10
shared,switch,holdout,competing_models,6,10,0.55,0.060793647046965056,0.09999999999999999,0.12158729409393013,0.14999999999999997,10
shared,switch,holdout,competing_models,7,10,0.525,0.05655392907135247,0.05,0.11310785814270494,0.14999999999999997,10
shared,switch,holdout,competing_models,8,5,0.54,0.05001817684001293,0.07999999999999999,0.10003635368002586,0.14999999999999997,10
shared,switch,holdout,competing_models,8,10,0.635,0.10670573996056133,0.275,0.21543344016682794,0.14999999999999997,10
shared,switch,holdout,competing_models,8,25,0.522,0.050222379817334586,0.12199999999999997,0.1172933275987187,0.14999999999999997,10
shared,switch,holdout,context_oracle,0,10,0.26999999999999996,0.03016209550472131,0.0,0.0,0.14999999999999997,10
shared,switch,holdout,context_oracle,1,10,0.305,0.04602191203318153,0.0,0.0,0.14999999999999997,10
shared,switch,holdout,context_oracle,2,10,0.325,0.05655392907135247,0.0,0.0,0.14999999999999997,10
shared,switch,holdout,context_oracle,3,10,0.305,0.04901340519517213,0.0,0.0,0.14999999999999997,10
shared,switch,holdout,context_oracle,4,10,0.355,0.05183253216332726,0.0,0.0,0.14999999999999997,10
shared,switch,holdout,context_oracle,5,10,0.30999999999999994,0.047090556513621484,0.0,0.0,0.14999999999999997,10
shared,switch,holdout,context_oracle,6,10,0.27,0.05385011157546032,0.0,0.0,0.14999999999999997,10
shared,switch,holdout,context_oracle,7,10,0.31500000000000006,0.0294466870800519,0.0,0.0,0.14999999999999997,10
shared,switch,holdout,context_oracle,8,5,0.3,0.07540523876180329,0.0,0.0,0.14999999999999997,10
shared,switch,holdout,context_oracle,8,10,0.30000000000000004,0.05058337191929827,0.0,0.0,0.14999999999999997,10
shared,switch,holdout,context_oracle,8,25,0.308,0.022571245489164313,0.0,0.0,0.14999999999999997,10
shared,switch,holdout,delta_only,0,10,0.205,0.039362690252540446,0.0,0.0,0.14999999999999997,10
shared,switch,holdout,delta_only,1,10,0.275,0.034760097553861516,0.0,0.0,0.14999999999999997,10
shared,switch,holdout,delta_only,2,10,0.40499999999999997,0.03131814778439151,0.0,0.0,0.14999999999999997,10
shared,switch,holdout,delta_only,3,10,0.6499999999999999,0.07908568161176216,0.475,0.12978685207657403,0.14999999999999997,10
shared,switch,holdout,delta_only,4,10,0.5249999999999999,0.05398193579125646,0.24499999999999997,0.12441864395697541,0.14999999999999997,10
shared,switch,holdout,delta_only,5,10,0.27499999999999997,0.10959730582514625,-0.26999999999999996,0.17128777588858676,0.14999999999999997,10
shared,switch,holdout,delta_only,6,10,0.45999999999999996,0.057919862908224276,0.12,0.1158397258164485,0.14999999999999997,10
shared,switch,holdout,delta_only,7,10,0.43499999999999994,0.03789066353685235,0.06500000000000002,0.0560489731670467,0.14999999999999997,10
shared,switch,holdout,delta_only,8,5,0.6900000000000001,0.10366506432665452,0.54,0.19721028934575396,0.14999999999999997,10
shared,switch,holdout,delta_only,8,10,0.5149999999999999,0.05604897316704668,0.27,0.12064838201888524,0.14999999999999997,10
shared,switch,holdout,delta_only,8,25,0.32799999999999996,0.04222693370660985,0.07199999999999998,0.052762118380727904,0.14999999999999997,10
shared,switch,holdout,frequency,0,10,0.27999999999999997,0.05385011157546032,0.0,0.0,0.14999999999999997,10
shared,switch,holdout,frequency,1,10,0.275,0.056553929071352455,0.0,0.0,0.14999999999999997,10
shared,switch,holdout,frequency,2,10,0.27,0.06353758354890779,0.0,0.0,0.14999999999999997,10
shared,switch,holdout,frequency,3,10,0.275,0.06137541769047296,0.0,0.0,0.14999999999999997,10
shared,switch,holdout,frequency,4,10,0.275,0.056553929071352455,0.0,0.0,0.14999999999999997,10
shared,switch,holdout,frequency,5,10,0.27999999999999997,0.05385011157546032,0.0,0.0,0.14999999999999997,10
shared,switch,holdout,frequency,6,10,0.275,0.06137541769047296,0.0,0.0,0.14999999999999997,10
shared,switch,holdout,frequency,7,10,0.27999999999999997,0.05385011157546032,0.0,0.0,0.14999999999999997,10
shared,switch,holdout,frequency,8,5,0.27,0.08953876002124236,0.0,0.0,0.14999999999999997,10
shared,switch,holdout,frequency,8,10,0.27999999999999997,0.05385011157546032,0.0,0.0,0.14999999999999997,10
shared,switch,holdout,frequency,8,25,0.28800000000000003,0.04329075109981364,0.0,0.0,0.14999999999999997,10
shared,switch,holdout,mdi,0,10,0.315,0.06541159988584007,0.0,0.0,0.14999999999999997,10
shared,switch,holdout,mdi,1,10,0.4,0.04769046039922266,0.0,0.0,0.14999999999999997,10
shared,switch,holdout,mdi,2,10,0.45999999999999996,0.04396843198393991,0.0,0.0,0.14999999999999997,10
shared,switch,holdout,mdi,3,10,0.735,0.0585302049775716,0.525,0.12645842979824568,0.14999999999999997,10
shared,switch,holdout,mdi,4,10,0.665,0.05345268834627581,0.36499999999999994,0.09693313380406793,0.14999999999999997,10
shared,switch,holdout,mdi,5,10,0.35,0.06079364704696508,-0.275,0.12645842979824568,0.14999999999999997,10
shared,switch,holdout,mdi,6,10,0.52,0.034555021442218184,0.050000000000000024,0.07540523876180331,0.14999999999999997,10
shared,switch,holdout,mdi,7,10,0.505,0.042821943972146705,0.030000000000000006,0.08793686396787986,0.14999999999999997,10
shared,switch,holdout,mdi,8,5,0.5399999999999999,0.05001817684001293,0.08999999999999998,0.09802681039034426,0.14999999999999997,10
shared,switch,holdout,mdi,8,10,0.585,0.05345268834627584,0.19000000000000003,0.10770022315092066,0.14999999999999997,10
shared,switch,holdout,mdi,8,25,0.49800000000000005,0.021802417818576315,0.088,0.05610474078111686,0.14999999999999997,10
shared,switch,holdout,mdi_decay0,0,10,0.315,0.06541159988584007,0.0,0.0,0.14999999999999997,10
shared,switch,holdout,mdi_decay0,1,10,0.40499999999999997,0.05183253216332726,0.0,0.0,0.14999999999999997,10
shared,switch,holdout,mdi_decay0,2,10,0.45999999999999996,0.04396843198393991,0.0,0.0,0.14999999999999997,10
shared,switch,holdout,mdi_decay0,3,10,0.7299999999999999,0.04828291119451137,0.51,0.10770022315092068,0.14999999999999997,10
shared,switch,holdout,mdi_decay0,4,10,0.675,0.04215280993274854,0.38,0.0776344448984343,0.14999999999999997,10
shared,switch,holdout,mdi_decay0,5,10,0.35500000000000004,0.061836893494153375,-0.265,0.12510226802530142,0.14999999999999997,10
shared,switch,holdout,mdi_decay0,6,10,0.49000000000000005,0.0282140568614554,-0.010000000000000004,0.06263629556878304,0.14999999999999997,10
shared,switch,holdout,mdi_decay0,7,10,0.47000000000000003,0.05385011157546033,-0.045000000000000026,0.09896488736601511,0.14999999999999997,10
shared,switch,holdout,mdi_decay0,8,5,0.51,0.02262157162854098,0.019999999999999997,0.04524314325708196,0.14999999999999997,10
shared,switch,holdout,mdi_decay0,8,10,0.56,0.040606963805363765,0.13000000000000003,0.0757813270737047,0.14999999999999997,10
shared,switch,holdout,mdi_decay0,8,25,0.48599999999999993,0.016589152527596726,0.05199999999999999,0.03105377795937373,0.14999999999999997,10
shared,switch,holdout,mdi_decay020,0,10,0.315,0.06541159988584007,0.0,0.0,0.14999999999999997,10
shared,switch,holdout,mdi_decay020,1,10,0.38999999999999996,0.047090556513621484,0.0,0.0,0.14999999999999997,10
shared,switch,holdout,mdi_decay020,2,10,0.45999999999999996,0.04396843198393991,0.0,0.0,0.14999999999999997,10
shared,switch,holdout,mdi_decay020,3,10,0.7000000000000001,0.06744449589239769,0.48,0.13082319977168014,0.14999999999999997,10
shared,switch,holdout,mdi_decay020,4,10,0.6200000000000001,0.061259505561163385,0.28,0.11335893027881616,0.14999999999999997,10
shared,switch,holdout,mdi_decay020,5,10,0.355,0.05705441607566246,-0.255,0.12890767615094736,0.14999999999999997,10
shared,switch,holdout,mdi_decay020,6,10,0.5449999999999999,0.04901340519517213,0.125,0.08638755360554544,0.14999999999999997,10
shared,switch,holdout,mdi_decay020,7,10,0.52,0.03016209550472134,0.06500000000000003,0.05853020497757164,0.14999999999999997,10
shared,switch,holdout,mdi_decay020,8,5,0.6199999999999999,0.08121392761072754,0.27,0.1509988729468717,0.14999999999999997,10
shared,switch,holdout,mdi_decay020,8,10,0.6599999999999999,0.06263629556878302,0.3750000000000001,0.115901065363144,0.14999999999999997,10
shared,switch,holdout,mdi_decay020,8,25,0.522,0.022821766430265008,0.14800000000000005,0.0458424162986093,0.14999999999999997,10
shared,switch,holdout,mdi_no_novelty,0,10,0.30000000000000004,0.05840864678825162,0.0,0.0,0.14999999999999997,10
shared,switch,holdout,mdi_no_novelty,1,10,0.40499999999999997,0.049013405195172145,0.0,0.0,0.14999999999999997,10
shared,switch,holdout,mdi_no_novelty,2,10,0.49000000000000005,0.015081047752360664,0.0,0.0,0.14999999999999997,10
shared,switch,holdout,mdi_no_novelty,3,10,0.7249999999999999,0.06584479402316085,0.5049999999999999,0.1289076761509474,0.14999999999999997,10
shared,switch,holdout,mdi_no_novelty,4,10,0.665,0.0560489731670467,0.3500000000000001,0.11056578390423419,0.14999999999999997,10
shared,switch,holdout,mdi_no_novelty,5,10,0.37,0.06786471488562297,-0.24500000000000005,0.12890767615094742,0.14999999999999997,10
shared,switch,holdout,mdi_no_novelty,6,10,0.52,0.018470435889915385,0.04000000000000002,0.036940871779830756,0.14999999999999997,10
shared,switch,holdout,mdi_no_novelty,7,10,0.5449999999999999,0.039362690252540466,0.09500000000000003,0.0867160245760738,0.14999999999999997,10
shared,switch,holdout,mdi_no_novelty,8,5,0.5199999999999999,0.030162095504721306,0.039999999999999994,0.06032419100944261,0.14999999999999997,10
shared,switch,holdout,mdi_no_novelty,8,10,0.595,0.06627515673523317,0.2,0.13801424785009436,0.14999999999999997,10
shared,switch,holdout,mdi_no_novelty,8,25,0.49000000000000005,0.02545973887789505,0.06200000000000001,0.04496580736111446,0.14999999999999997,10
shared,switch,holdout,mdi_original,0,10,0.24000000000000005,0.07113715997370754,0.0,0.0,0.14999999999999997,10
shared,switch,holdout,mdi_original,1,10,0.36,0.08564388794429341,0.0,0.0,0.14999999999999997,10
shared,switch,holdout,mdi_original,2,10,0.5,0.0,0.0,0.0,0.14999999999999997,10
shared,switch,holdout,mdi_original,3,10,0.5,0.0,0.0,0.0,0.14999999999999997,10
shared,switch,holdout,mdi_original,4,10,0.5,0.0,0.0,0.0,0.14999999999999997,10
shared,switch,holdout,mdi_original,5,10,0.5,0.0,0.0,0.0,0.14999999999999997,10
shared,switch,holdout,mdi_original,6,10,0.5,0.0,0.0,0.0,0.14999999999999997,10
shared,switch,holdout,mdi_original,7,10,0.5,0.0,0.0,0.0,0.14999999999999997,10
shared,switch,holdout,mdi_original,8,5,0.5,0.0,0.0,0.0,0.14999999999999997,10
shared,switch,holdout,mdi_original,8,10,0.5,0.0,0.0,0.0,0.14999999999999997,10
shared,switch,holdout,mdi_original,8,25,0.29,0.013904039021544601,-0.001999999999999996,0.008121392761072753,0.14999999999999997,10
shared,switch,holdout,mdi_reset,0,10,0.315,0.06541159988584007,0.0,0.0,0.14999999999999997,10
shared,switch,holdout,mdi_reset,1,10,0.315,0.06541159988584007,0.0,0.0,0.14999999999999997,10
shared,switch,holdout,mdi_reset,2,10,0.315,0.06541159988584007,0.0,0.0,0.14999999999999997,10
shared,switch,holdout,mdi_reset,3,10,0.315,0.06541159988584007,0.0,0.0,0.14999999999999997,10
shared,switch,holdout,mdi_reset,4,10,0.315,0.06541159988584007,0.0,0.0,0.14999999999999997,10
shared,switch,holdout,mdi_reset,5,10,0.315,0.06541159988584007,0.0,0.0,0.14999999999999997,10
shared,switch,holdout,mdi_reset,6,10,0.315,0.06541159988584007,0.0,0.0,0.14999999999999997,10
shared,switch,holdout,mdi_reset,7,10,0.315,0.06541159988584007,0.0,0.0,0.14999999999999997,10
shared,switch,holdout,mdi_reset,8,5,0.32999999999999996,0.06786471488562297,0.0,0.0,0.14999999999999997,10
shared,switch,holdout,mdi_reset,8,10,0.315,0.06541159988584007,0.0,0.0,0.14999999999999997,10
shared,switch,holdout,mdi_reset,8,25,0.31199999999999994,0.030312530829481866,0.0,0.0,0.14999999999999997,10
shared,switch,holdout,mdi_with_delta,0,10,0.31500000000000006,0.05072368667405657,0.0,0.0,0.14999999999999997,10
shared,switch,holdout,mdi_with_delta,1,10,0.4,0.04769046039922267,0.0,0.0,0.14999999999999997,10
shared,switch,holdout,mdi_with_delta,2,10,0.47000000000000003,0.04524314325708196,0.0,0.0,0.14999999999999997,10
shared,switch,holdout,mdi_with_delta,3,10,0.755,0.04282194397214671,0.57,0.08121392761072754,0.14999999999999997,10
shared,switch,holdout,mdi_with_delta,4,10,0.6049999999999999,0.07242436679176704,0.24,0.14187411009710316,0.14999999999999997,10
shared,switch,holdout,mdi_with_delta,5,10,0.38499999999999995,0.06320110677819656,-0.205,0.11856859388519153,0.14999999999999997,10
shared,switch,holdout,mdi_with_delta,6,10,0.5199999999999999,0.0345550214422182,0.07000000000000002,0.05642811372291082,0.14999999999999997,10
shared,switch,holdout,mdi_with_delta,7,10,0.5,0.029204323394125827,0.040000000000000015,0.060324191009442654,0.14999999999999997,10
shared,switch,holdout,mdi_with_delta,8,5,0.5999999999999999,0.06744449589239768,0.19999999999999996,0.13488899178479538,0.14999999999999997,10
shared,switch,holdout,mdi_with_delta,8,10,0.5599999999999999,0.07310809141785256,0.14500000000000002,0.12780020136526116,0.14999999999999997,10
shared,switch,holdout,mdi_with_delta,8,25,0.5480000000000002,0.012064838201888537,0.22000000000000003,0.03304092017912206,0.14999999999999997,10
shared,switch,holdout,predicate_match,0,10,0.14000000000000004,0.03286838155762566,0.0,0.0,0.14999999999999997,10
shared,switch,holdout,predicate_match,1,10,0.23999999999999994,0.0527836671332623,0.0,0.0,0.14999999999999997,10
shared,switch,holdout,predicate_match,2,10,0.29000000000000004,0.05001817684001294,0.0,0.0,0.14999999999999997,10
shared,switch,holdout,predicate_match,3,10,1.0,0.0,1.0,0.0,0.14999999999999997,10
shared,switch,holdout,predicate_match,4,10,0.5349999999999999,0.05604897316704667,0.325,0.08472609938097443,0.14999999999999997,10
shared,switch,holdout,predicate_match,5,10,0.21000000000000002,0.050018176840012946,-0.325,0.08472609938097443,0.14999999999999997,10
shared,switch,holdout,predicate_match,6,10,0.565,0.03789066353685231,0.13,0.07578132707370465,0.14999999999999997,10
shared,switch,holdout,predicate_match,7,10,0.5349999999999999,0.05604897316704667,0.1,0.08922068171570079,0.14999999999999997,10
shared,switch,holdout,predicate_match,8,5,1.0,0.0,1.0,0.0,0.14999999999999997,10
shared,switch,holdout,predicate_match,8,10,0.95,0.04461034085785039,0.9,0.08922068171570079,0.14999999999999997,10
shared,switch,holdout,predicate_match,8,25,0.5979999999999999,0.004524314325708177,0.21599999999999997,0.022164523067898435,0.14999999999999997,10
shared,switch,holdout,random,0,10,0.16,0.04709055651362149,0.0,0.0,0.14999999999999997,10
shared,switch,holdout,random,1,10,0.16,0.04709055651362149,0.0,0.0,0.14999999999999997,10
shared,switch,holdout,random,2,10,0.16,0.04709055651362149,0.0,0.0,0.14999999999999997,10
shared,switch,holdout,random,3,10,0.16,0.04709055651362149,0.0,0.0,0.14999999999999997,10
shared,switch,holdout,random,4,10,0.16,0.04709055651362149,0.0,0.0,0.14999999999999997,10
shared,switch,holdout,random,5,10,0.16,0.04709055651362149,0.0,0.0,0.14999999999999997,10
shared,switch,holdout,random,6,10,0.16,0.04709055651362149,0.0,0.0,0.14999999999999997,10
shared,switch,holdout,random,7,10,0.16,0.04709055651362149,0.0,0.0,0.14999999999999997,10
shared,switch,holdout,random,8,5,0.15,0.06079364704696508,0.0,0.0,0.14999999999999997,10
shared,switch,holdout,random,8,10,0.16,0.04709055651362149,0.0,0.0,0.14999999999999997,10
shared,switch,holdout,random,8,25,0.174,0.031670200279957386,0.0,0.0,0.14999999999999997,10
shared,switch,holdout,recurrence,0,10,0.14000000000000004,0.03286838155762566,0.0,0.0,0.14999999999999997,10
shared,switch,holdout,recurrence,1,10,0.14000000000000004,0.03286838155762566,0.0,0.0,0.14999999999999997,10
shared,switch,holdout,recurrence,2,10,0.14000000000000004,0.03286838155762566,0.0,0.0,0.14999999999999997,10
shared,switch,holdout,recurrence,3,10,0.14000000000000004,0.03286838155762566,0.0,0.0,0.14999999999999997,10
shared,switch,holdout,recurrence,4,10,0.14000000000000004,0.03286838155762566,0.0,0.0,0.14999999999999997,10
shared,switch,holdout,recurrence,5,10,0.14000000000000004,0.03286838155762566,0.0,0.0,0.14999999999999997,10
shared,switch,holdout,recurrence,6,10,0.14000000000000004,0.03286838155762566,0.0,0.0,0.14999999999999997,10
shared,switch,holdout,recurrence,7,10,0.14000000000000004,0.03286838155762566,0.0,0.0,0.14999999999999997,10
shared,switch,holdout,recurrence,8,5,0.19,0.05278366713326231,0.0,0.0,0.14999999999999997,10
shared,switch,holdout,recurrence,8,10,0.14000000000000004,0.03286838155762566,0.0,0.0,0.14999999999999997,10
shared,switch,holdout,recurrence,8,25,0.14200000000000002,0.029744475539029792,0.0,0.0,0.14999999999999997,10
shared,switch,holdout,similarity,0,10,0.25,0.07153569059883398,0.0,0.0,0.14999999999999997,10
shared,switch,holdout,similarity,1,10,0.25,0.07153569059883398,0.0,0.0,0.14999999999999997,10
shared,switch,holdout,similarity,2,10,0.25,0.07153569059883398,0.0,0.0,0.14999999999999997,10
shared,switch,holdout,similarity,3,10,0.25,0.07153569059883398,0.0,0.0,0.14999999999999997,10
shared,switch,holdout,similarity,4,10,0.25,0.07153569059883398,0.0,0.0,0.14999999999999997,10
shared,switch,holdout,similarity,5,10,0.25,0.07153569059883398,0.0,0.0,0.14999999999999997,10
shared,switch,holdout,similarity,6,10,0.25,0.07153569059883398,0.0,0.0,0.14999999999999997,10
shared,switch,holdout,similarity,7,10,0.25,0.07153569059883398,0.0,0.0,0.14999999999999997,10
shared,switch,holdout,similarity,8,5,0.19,0.09204382406636306,0.0,0.0,0.14999999999999997,10
shared,switch,holdout,similarity,8,10,0.25,0.07153569059883398,0.0,0.0,0.14999999999999997,10
shared,switch,holdout,similarity,8,25,0.23599999999999993,0.039210724156137716,0.0,0.0,0.14999999999999997,10
shared,switch,holdout,value_profile,0,10,0.14000000000000004,0.03286838155762566,0.0,0.0,0.14999999999999997,10
shared,switch,holdout,value_profile,1,10,0.32000000000000006,0.10003635368002588,0.0,0.0,0.14999999999999997,10
shared,switch,holdout,value_profile,2,10,0.5,0.0,0.0,0.0,0.14999999999999997,10
shared,switch,holdout,value_profile,3,10,0.78,0.06573676311525133,0.5850000000000001,0.12396080010809114,0.14999999999999997,10
shared,switch,holdout,value_profile,4,10,0.6649999999999999,0.050723686674056544,0.33499999999999996,0.10400730713396283,0.14999999999999997,10
shared,switch,holdout,value_profile,5,10,0.36,0.05791986290822425,-0.27499999999999997,0.11088673025103979,0.14999999999999997,10
shared,switch,holdout,value_profile,6,10,0.5599999999999999,0.04060696380536377,0.12,0.08121392761072753,0.14999999999999997,10
shared,switch,holdout,value_profile,7,10,0.5,0.0,0.004999999999999999,0.01131078581427049,0.14999999999999997,10
shared,switch,holdout,value_profile,8,5,0.52,0.04524314325708196,0.039999999999999994,0.09048628651416393,0.14999999999999997,10
shared,switch,holdout,value_profile,8,10,0.64,0.06263629556878302,0.27999999999999997,0.12527259113756603,0.14999999999999997,10
shared,switch,holdout,value_profile,8,25,0.512,0.01931316447780456,0.1,0.05722855247906721,0.14999999999999997,10
structural,ambiguous,exposed,association_only,0,10,0.485,0.033932357442811485,0.0,0.0,0.14999999999999997,10
structural,ambiguous,exposed,association_only,1,10,0.5,0.0,0.0,0.0,0.14999999999999997,10
structural,ambiguous,exposed,association_only,2,10,0.495,0.01131078581427049,0.0,0.0,0.14999999999999997,10
structural,ambiguous,exposed,association_only,3,10,0.5,0.0,0.0,0.0,0.14999999999999997,10
structural,ambiguous,exposed,association_only,4,10,0.5,0.0,0.0,0.0,0.14999999999999997,10
structural,ambiguous,exposed,association_only,5,10,0.5,0.0,0.0,0.0,0.14999999999999997,10
structural,ambiguous,exposed,association_only,6,10,0.9400000000000001,0.057919862908224234,0.8800000000000001,0.11583972581644847,0.14999999999999997,10
structural,ambiguous,exposed,association_only,7,10,1.0,0.0,1.0,0.0,0.14999999999999997,10
structural,ambiguous,exposed,association_only,8,5,1.0,0.0,1.0,0.0,0.14999999999999997,10
structural,ambiguous,exposed,association_only,8,10,1.0,0.0,1.0,0.0,0.14999999999999997,10
structural,ambiguous,exposed,association_only,8,25,0.5999999999999999,8.371663225071135e-17,0.22999999999999998,0.01815998628573339,0.14999999999999997,10
structural,ambiguous,exposed,clustering,0,10,0.15999999999999998,0.040606963805363765,0.0,0.0,0.14999999999999997,10
structural,ambiguous,exposed,clustering,1,10,0.15999999999999998,0.040606963805363765,0.0,0.0,0.14999999999999997,10
structural,ambiguous,exposed,clustering,2,10,0.15999999999999998,0.040606963805363765,0.0,0.0,0.14999999999999997,10
structural,ambiguous,exposed,clustering,3,10,0.15999999999999998,0.040606963805363765,0.0,0.0,0.14999999999999997,10
structural,ambiguous,exposed,clustering,4,10,0.15999999999999998,0.040606963805363765,0.0,0.0,0.14999999999999997,10
structural,ambiguous,exposed,clustering,5,10,0.15999999999999998,0.040606963805363765,0.0,0.0,0.14999999999999997,10
structural,ambiguous,exposed,clustering,6,10,0.15999999999999998,0.040606963805363765,0.0,0.0,0.14999999999999997,10
structural,ambiguous,exposed,clustering,7,10,0.15999999999999998,0.040606963805363765,0.0,0.0,0.14999999999999997,10
structural,ambiguous,exposed,clustering,8,5,0.18000000000000002,0.05642811372291081,0.0,0.0,0.14999999999999997,10
structural,ambiguous,exposed,clustering,8,10,0.15999999999999998,0.040606963805363765,0.0,0.0,0.14999999999999997,10
structural,ambiguous,exposed,clustering,8,25,0.12600000000000003,0.016589152527596726,0.0,0.0,0.14999999999999997,10
structural,ambiguous,exposed,competing_models,0,10,0.13999999999999999,0.040606963805363765,0.0,0.0,0.14999999999999997,10
structural,ambiguous,exposed,competing_models,1,10,0.48,0.018470435889915364,0.0,0.0,0.14999999999999997,10
structural,ambiguous,exposed,competing_models,2,10,0.43499999999999994,0.05072368667405657,0.0,0.0,0.14999999999999997,10
structural,ambiguous,exposed,competing_models,3,10,0.475,0.025291685959649125,0.0,0.0,0.14999999999999997,10
structural,ambiguous,exposed,competing_models,4,10,0.48,0.025009088420006466,0.0,0.0,0.14999999999999997,10
structural,ambiguous,exposed,competing_models,5,10,0.48,0.025009088420006466,0.0,0.0,0.14999999999999997,10
structural,ambiguous,exposed,competing_models,6,10,1.0,0.0,1.0,0.0,0.14999999999999997,10
structural,ambiguous,exposed,competing_models,7,10,1.0,0.0,1.0,0.0,0.14999999999999997,10
structural,ambiguous,exposed,competing_models,8,5,1.0,0.0,1.0,0.0,0.14999999999999997,10
structural,ambiguous,exposed,competing_models,8,10,1.0,0.0,1.0,0.0,0.14999999999999997,10
structural,ambiguous,exposed,competing_models,8,25,0.5999999999999999,8.371663225071135e-17,0.27599999999999997,0.05387122512717356,0.14999999999999997,10
structural,ambiguous,exposed,context_oracle,0,10,0.585,0.0585302049775716,0.585,0.0585302049775716,0.14999999999999997,10
structural,ambiguous,exposed,context_oracle,1,10,0.585,0.056048973167046684,0.585,0.056048973167046684,0.14999999999999997,10
structural,ambiguous,exposed,context_oracle,2,10,0.63,0.05889337416010378,0.63,0.05889337416010378,0.14999999999999997,10
structural,ambiguous,exposed,context_oracle,3,10,0.57,0.05642811372291077,0.57,0.05642811372291077,0.14999999999999997,10
structural,ambiguous,exposed,context_oracle,4,10,0.655,0.04602191203318151,0.655,0.04602191203318151,0.14999999999999997,10
structural,ambiguous,exposed,context_oracle,5,10,0.575,0.05128110656114109,0.575,0.05128110656114109,0.14999999999999997,10
structural,ambiguous,exposed,context_oracle,6,10,0.6200000000000001,0.06573676311525131,0.6200000000000001,0.06573676311525131,0.14999999999999997,10
structural,ambiguous,exposed,context_oracle,7,10,0.6050000000000001,0.05450604454644074,0.6050000000000001,0.05450604454644074,0.14999999999999997,10
structural,ambiguous,exposed,context_oracle,8,5,0.64,0.09048628651416393,0.64,0.09048628651416393,0.14999999999999997,10
structural,ambiguous,exposed,context_oracle,8,10,0.605,0.07043430558720785,0.605,0.07043430558720785,0.14999999999999997,10
structural,ambiguous,exposed,context_oracle,8,25,0.5999999999999999,8.371663225071135e-17,0.5999999999999999,8.371663225071135e-17,0.14999999999999997,10
structural,ambiguous,exposed,delta_only,0,10,0.145,0.04602191203318153,0.0,0.0,0.14999999999999997,10
structural,ambiguous,exposed,delta_only,1,10,0.155,0.026391833566631155,0.0,0.0,0.14999999999999997,10
structural,ambiguous,exposed,delta_only,2,10,0.255,0.03131814778439151,0.0,0.0,0.14999999999999997,10
structural,ambiguous,exposed,delta_only,3,10,0.23000000000000004,0.0384492783873558,0.0,0.0,0.14999999999999997,10
structural,ambiguous,exposed,delta_only,4,10,0.23000000000000004,0.06786471488562296,0.0,0.0,0.14999999999999997,10
structural,ambiguous,exposed,delta_only,5,10,0.225,0.05901393390584797,0.0,0.0,0.14999999999999997,10
structural,ambiguous,exposed,delta_only,6,10,0.605,0.05183253216332724,0.6,0.0584086467882516,0.14999999999999997,10
structural,ambiguous,exposed,delta_only,7,10,0.675,0.056553929071352475,0.6649999999999998,0.060910445708045664,0.14999999999999997,10
structural,ambiguous,exposed,delta_only,8,5,0.68,0.1158397258164485,0.67,0.12640221355639317,0.14999999999999997,10
structural,ambiguous,exposed,delta_only,8,10,0.4750000000000001,0.09273618185204682,0.425,0.1121613322290846,0.14999999999999997,10
structural,ambiguous,exposed,delta_only,8,25,0.31799999999999995,0.04445712801537069,0.142,0.04694543889116429,0.14999999999999997,10
structural,ambiguous,exposed,frequency,0,10,0.495,0.011310785814270504,0.0,0.0,0.14999999999999997,10
structural,ambiguous,exposed,frequency,1,10,0.495,0.011310785814270504,0.0,0.0,0.14999999999999997,10
structural,ambiguous,exposed,frequency,2,10,0.495,0.011310785814270504,0.0,0.0,0.14999999999999997,10
structural,ambiguous,exposed,frequency,3,10,0.495,0.011310785814270504,0.0,0.0,0.14999999999999997,10
structural,ambiguous,exposed,frequency,4,10,0.495,0.011310785814270504,0.0,0.0,0.14999999999999997,10
structural,ambiguous,exposed,frequency,5,10,0.495,0.011310785814270504,0.0,0.0,0.14999999999999997,10
structural,ambiguous,exposed,frequency,6,10,0.495,0.011310785814270504,0.0,0.0,0.14999999999999997,10
structural,ambiguous,exposed,frequency,7,10,0.495,0.011310785814270504,0.0,0.0,0.14999999999999997,10
structural,ambiguous,exposed,frequency,8,5,0.5,0.0,0.0,0.0,0.14999999999999997,10
structural,ambiguous,exposed,frequency,8,10,0.495,0.011310785814270504,0.0,0.0,0.14999999999999997,10
structural,ambiguous,exposed,frequency,8,25,0.28400000000000003,0.043080089260368264,0.0,0.0,0.14999999999999997,10
structural,ambiguous,exposed,mdi,0,10,0.5,0.0,0.0,0.0,0.14999999999999997,10
structural,ambiguous,exposed,mdi,1,10,0.5,0.0,0.0,0.0,0.14999999999999997,10
structural,ambiguous,exposed,mdi,2,10,0.49000000000000005,0.022621571628540983,0.0,0.0,0.14999999999999997,10
structural,ambiguous,exposed,mdi,3,10,0.5,0.0,0.0,0.0,0.14999999999999997,10
structural,ambiguous,exposed,mdi,4,10,0.5,0.0,0.0,0.0,0.14999999999999997,10
structural,ambiguous,exposed,mdi,5,10,0.5,0.0,0.0,0.0,0.14999999999999997,10
structural,ambiguous,exposed,mdi,6,10,0.8800000000000001,0.06353758354890779,0.76,0.12707516709781555,0.14999999999999997,10
structural,ambiguous,exposed,mdi,7,10,0.975,0.02529168595964914,0.95,0.05058337191929828,0.14999999999999997,10
structural,ambiguous,exposed,mdi,8,5,1.0,0.0,1.0,0.0,0.14999999999999997,10
structural,ambiguous,exposed,mdi,8,10,0.975,0.02529168595964914,0.95,0.05058337191929828,0.14999999999999997,10
structural,ambiguous,exposed,mdi,8,25,0.5999999999999999,8.371663225071135e-17,0.22400000000000003,0.032902961663515286,0.14999999999999997,10
structural,ambiguous,exposed,mdi_decay0,0,10,0.5,0.0,0.0,0.0,0.14999999999999997,10
structural,ambiguous,exposed,mdi_decay0,1,10,0.5,0.0,0.0,0.0,0.14999999999999997,10
structural,ambiguous,exposed,mdi_decay0,2,10,0.49000000000000005,0.022621571628540983,0.0,0.0,0.14999999999999997,10
structural,ambiguous,exposed,mdi_decay0,3,10,0.5,0.0,0.0,0.0,0.14999999999999997,10
structural,ambiguous,exposed,mdi_decay0,4,10,0.5,0.0,0.0,0.0,0.14999999999999997,10
structural,ambiguous,exposed,mdi_decay0,5,10,0.5,0.0,0.0,0.0,0.14999999999999997,10
structural,ambiguous,exposed,mdi_decay0,6,10,0.805,0.07624882889894681,0.61,0.15249765779789362,0.14999999999999997,10
structural,ambiguous,exposed,mdi_decay0,7,10,0.9800000000000001,0.025009088420006473,0.96,0.050018176840012946,0.14999999999999997,10
structural,ambiguous,exposed,mdi_decay0,8,5,1.0,0.0,1.0,0.0,0.14999999999999997,10
structural,ambiguous,exposed,mdi_decay0,8,10,0.97,0.025009088420006473,0.9400000000000001,0.050018176840012946,0.14999999999999997,10
structural,ambiguous,exposed,mdi_decay0,8,25,0.5999999999999999,8.371663225071135e-17,0.22599999999999998,0.030199774589374336,0.14999999999999997,10
structural,ambiguous,exposed,mdi_decay020,0,10,0.5,0.0,0.0,0.0,0.14999999999999997,10
structural,ambiguous,exposed,mdi_decay020,1,10,0.5,0.0,0.0,0.0,0.14999999999999997,10
structural,ambiguous,exposed,mdi_decay020,2,10,0.49000000000000005,0.022621571628540983,0.0,0.0,0.14999999999999997,10
structural,ambiguous,exposed,mdi_decay020,3,10,0.5,0.0,0.0,0.0,0.14999999999999997,10
structural,ambiguous,exposed,mdi_decay020,4,10,0.5,0.0,0.0,0.0,0.14999999999999997,10
structural,ambiguous,exposed,mdi_decay020,5,10,0.5,0.0,0.0,0.0,0.14999999999999997,10
structural,ambiguous,exposed,mdi_decay020,6,10,0.95,0.047690460399222645,0.9,0.09538092079844529,0.14999999999999997,10
structural,ambiguous,exposed,mdi_decay020,7,10,0.9800000000000001,0.025009088420006473,0.96,0.050018176840012946,0.14999999999999997,10
structural,ambiguous,exposed,mdi_decay020,8,5,1.0,0.0,1.0,0.0,0.14999999999999997,10
structural,ambiguous,exposed,mdi_decay020,8,10,0.9799999999999999,0.025009088420006473,0.96,0.050018176840012946,0.14999999999999997,10
structural,ambiguous,exposed,mdi_decay020,8,25,0.5999999999999999,8.371663225071135e-17,0.24399999999999994,0.032902961663515286,0.14999999999999997,10
structural,ambiguous,exposed,mdi_no_novelty,0,10,0.5,0.0,0.0,0.0,0.14999999999999997,10
structural,ambiguous,exposed,mdi_no_novelty,1,10,0.5,0.0,0.0,0.0,0.14999999999999997,10
structural,ambiguous,exposed,mdi_no_novelty,2,10,0.485,0.024141455597255675,0.0,0.0,0.14999999999999997,10
structural,ambiguous,exposed,mdi_no_novelty,3,10,0.5,0.0,0.0,0.0,0.14999999999999997,10
structural,ambiguous,exposed,mdi_no_novelty,4,10,0.5,0.0,0.0,0.0,0.14999999999999997,10
structural,ambiguous,exposed,mdi_no_novelty,5,10,0.5,0.0,0.0,0.0,0.14999999999999997,10
structural,ambiguous,exposed,mdi_no_novelty,6,10,0.9149999999999998,0.06091044570804563,0.8300000000000001,0.12182089141609129,0.14999999999999997,10
structural,ambiguous,exposed,mdi_no_novelty,7,10,1.0,0.0,1.0,0.0,0.14999999999999997,10
structural,ambiguous,exposed,mdi_no_novelty,8,5,1.0,0.0,1.0,0.0,0.14999999999999997,10
structural,ambiguous,exposed,mdi_no_novelty,8,10,1.0,0.0,1.0,0.0,0.14999999999999997,10
structural,ambiguous,exposed,mdi_no_novelty,8,25,0.5999999999999999,8.371663225071135e-17,0.22800000000000004,0.0364449986643498,0.14999999999999997,10
structural,ambiguous,exposed,mdi_original,0,10,0.48,0.04524314325708196,0.0,0.0,0.14999999999999997,10
structural,ambiguous,exposed,mdi_original,1,10,0.5,0.0,0.0,0.0,0.14999999999999997,10
structural,ambiguous,exposed,mdi_original,2,10,0.47000000000000003,0.03016209550472132,0.0,0.0,0.14999999999999997,10
structural,ambiguous,exposed,mdi_original,3,10,0.5,0.0,0.0,0.0,0.14999999999999997,10
structural,ambiguous,exposed,mdi_original,4,10,0.5,0.0,0.0,0.0,0.14999999999999997,10
structural,ambiguous,exposed,mdi_original,5,10,0.5,0.0,0.0,0.0,0.14999999999999997,10
structural,ambiguous,exposed,mdi_original,6,10,0.8949999999999999,0.04901340519517213,0.7899999999999998,0.09802681039034426,0.14999999999999997,10
structural,ambiguous,exposed,mdi_original,7,10,0.97,0.03455502144221817,0.9400000000000001,0.06911004288443634,0.14999999999999997,10
structural,ambiguous,exposed,mdi_original,8,5,1.0,0.0,1.0,0.0,0.14999999999999997,10
structural,ambiguous,exposed,mdi_original,8,10,0.985,0.024141455597255678,0.97,0.048282911194511356,0.14999999999999997,10
structural,ambiguous,exposed,mdi_original,8,25,0.5800000000000001,0.01508104775236064,0.22800000000000004,0.018097257302832785,0.14999999999999997,10
structural,ambiguous,exposed,mdi_reset,0,10,0.5,0.0,0.0,0.0,0.14999999999999997,10
structural,ambiguous,exposed,mdi_reset,1,10,0.5,0.0,0.0,0.0,0.14999999999999997,10
structural,ambiguous,exposed,mdi_reset,2,10,0.5,0.0,0.0,0.0,0.14999999999999997,10
structural,ambiguous,exposed,mdi_reset,3,10,0.5,0.0,0.0,0.0,0.14999999999999997,10
structural,ambiguous,exposed,mdi_reset,4,10,0.5,0.0,0.0,0.0,0.14999999999999997,10
structural,ambiguous,exposed,mdi_reset,5,10,0.5,0.0,0.0,0.0,0.14999999999999997,10
structural,ambiguous,exposed,mdi_reset,6,10,0.5,0.0,0.0,0.0,0.14999999999999997,10
structural,ambiguous,exposed,mdi_reset,7,10,0.5,0.0,0.0,0.0,0.14999999999999997,10
structural,ambiguous,exposed,mdi_reset,8,5,0.5,0.0,0.0,0.0,0.14999999999999997,10
structural,ambiguous,exposed,mdi_reset,8,10,0.5,0.0,0.0,0.0,0.14999999999999997,10
structural,ambiguous,exposed,mdi_reset,8,25,0.48599999999999993,0.01913570437970502,0.0,0.0,0.14999999999999997,10
structural,ambiguous,exposed,mdi_with_delta,0,10,0.5,0.0,0.0,0.0,0.14999999999999997,10
structural,ambiguous,exposed,mdi_with_delta,1,10,0.5,0.0,0.0,0.0,0.14999999999999997,10
structural,ambiguous,exposed,mdi_with_delta,2,10,0.44000000000000006,0.050018176840012946,0.0,0.0,0.14999999999999997,10
structural,ambiguous,exposed,mdi_with_delta,3,10,0.5,0.0,0.0,0.0,0.14999999999999997,10
structural,ambiguous,exposed,mdi_with_delta,4,10,0.5,0.0,0.0,0.0,0.14999999999999997,10
structural,ambiguous,exposed,mdi_with_delta,5,10,0.47000000000000003,0.048282911194511356,0.0,0.0,0.14999999999999997,10
structural,ambiguous,exposed,mdi_with_delta,6,10,1.0,0.0,1.0,0.0,0.14999999999999997,10
structural,ambiguous,exposed,mdi_with_delta,7,10,1.0,0.0,1.0,0.0,0.14999999999999997,10
structural,ambiguous,exposed,mdi_with_delta,8,5,0.95,0.06952019510772303,0.9199999999999999,0.10003635368002588,0.14999999999999997,10
structural,ambiguous,exposed,mdi_with_delta,8,10,0.8099999999999999,0.05791986290822427,0.635,0.10400730713396285,0.14999999999999997,10
structural,ambiguous,exposed,mdi_with_delta,8,25,0.5979999999999999,0.004524314325708177,0.364,0.025054518227513208,0.14999999999999997,10
structural,ambiguous,exposed,predicate_match,0,10,0.13999999999999999,0.040606963805363765,0.0,0.0,0.14999999999999997,10
structural,ambiguous,exposed,predicate_match,1,10,0.25,0.06952019510772302,0.0,0.0,0.14999999999999997,10
structural,ambiguous,exposed,predicate_match,2,10,0.22999999999999998,0.06353758354890779,0.0,0.0,0.14999999999999997,10
structural,ambiguous,exposed,predicate_match,3,10,0.29500000000000004,0.06183689349415336,0.0,0.0,0.14999999999999997,10
structural,ambiguous,exposed,predicate_match,4,10,0.22999999999999998,0.0564281137229108,0.0,0.0,0.14999999999999997,10
structural,ambiguous,exposed,predicate_match,5,10,0.22999999999999998,0.06353758354890779,0.0,0.0,0.14999999999999997,10
structural,ambiguous,exposed,predicate_match,6,10,0.5900000000000001,0.04396843198393989,0.5900000000000001,0.04396843198393989,0.14999999999999997,10
structural,ambiguous,exposed,predicate_match,7,10,1.0,0.0,1.0,0.0,0.14999999999999997,10
structural,ambiguous,exposed,predicate_match,8,5,0.8800000000000001,0.10003635368002589,0.8800000000000001,0.10003635368002589,0.14999999999999997,10
structural,ambiguous,exposed,predicate_match,8,10,0.7050000000000001,0.07043430558720787,0.7050000000000001,0.07043430558720787,0.14999999999999997,10
structural,ambiguous,exposed,predicate_match,8,25,0.5999999999999999,8.371663225071135e-17,0.5999999999999999,8.371663225071135e-17,0.14999999999999997,10
structural,ambiguous,exposed,random,0,10,0.12000000000000002,0.03844927838735581,0.0,0.0,0.14999999999999997,10
structural,ambiguous,exposed,random,1,10,0.12000000000000002,0.03844927838735581,0.0,0.0,0.14999999999999997,10
structural,ambiguous,exposed,random,2,10,0.12000000000000002,0.03844927838735581,0.0,0.0,0.14999999999999997,10
structural,ambiguous,exposed,random,3,10,0.12000000000000002,0.03844927838735581,0.0,0.0,0.14999999999999997,10
structural,ambiguous,exposed,random,4,10,0.12000000000000002,0.03844927838735581,0.0,0.0,0.14999999999999997,10
structural,ambiguous,exposed,random,5,10,0.12000000000000002,0.03844927838735581,0.0,0.0,0.14999999999999997,10
structural,ambiguous,exposed,random,6,10,0.12000000000000002,0.03844927838735581,0.0,0.0,0.14999999999999997,10
structural,ambiguous,exposed,random,7,10,0.12000000000000002,0.03844927838735581,0.0,0.0,0.14999999999999997,10
structural,ambiguous,exposed,random,8,5,0.08,0.06573676311525133,0.0,0.0,0.14999999999999997,10
structural,ambiguous,exposed,random,8,10,0.12000000000000002,0.03844927838735581,0.0,0.0,0.14999999999999997,10
structural,ambiguous,exposed,random,8,25,0.146,0.030199774589374336,0.0,0.0,0.14999999999999997,10
structural,ambiguous,exposed,recurrence,0,10,0.13999999999999999,0.040606963805363765,0.0,0.0,0.14999999999999997,10
structural,ambiguous,exposed,recurrence,1,10,0.195,0.039362690252540446,0.0,0.0,0.14999999999999997,10
structural,ambiguous,exposed,recurrence,2,10,0.24499999999999997,0.04901340519517213,0.0,0.0,0.14999999999999997,10
structural,ambiguous,exposed,recurrence,3,10,0.265,0.07359257711325337,0.0,0.0,0.14999999999999997,10
structural,ambiguous,exposed,recurrence,4,10,0.255,0.05705441607566246,0.0,0.0,0.14999999999999997,10
structural,ambiguous,exposed,recurrence,5,10,0.24000000000000005,0.06263629556878302,0.0,0.0,0.14999999999999997,10
structural,ambiguous,exposed,recurrence,6,10,0.43499999999999994,0.07917550069989347,0.315,0.09395444335317454,0.14999999999999997,10
structural,ambiguous,exposed,recurrence,7,10,0.6249999999999999,0.08303140619475578,0.57,0.08953876002124235,0.14999999999999997,10
structural,ambiguous,exposed,recurrence,8,5,0.7100000000000001,0.09204382406636306,0.6900000000000002,0.11410883215132492,0.14999999999999997,10
structural,ambiguous,exposed,recurrence,8,10,0.635,0.09395444335317454,0.595,0.09455768835192288,0.14999999999999997,10
structural,ambiguous,exposed,recurrence,8,25,0.44000000000000006,0.02431745881878603,0.296,0.04854129884501504,0.14999999999999997,10
structural,ambiguous,exposed,similarity,0,10,0.40499999999999997,0.049013405195172145,0.0,0.0,0.14999999999999997,10
structural,ambiguous,exposed,similarity,1,10,0.40499999999999997,0.049013405195172145,0.0,0.0,0.14999999999999997,10
structural,ambiguous,exposed,similarity,2,10,0.40499999999999997,0.049013405195172145,0.0,0.0,0.14999999999999997,10
structural,ambiguous,exposed,similarity,3,10,0.40499999999999997,0.049013405195172145,0.0,0.0,0.14999999999999997,10
structural,ambiguous,exposed,similarity,4,10,0.40499999999999997,0.049013405195172145,0.0,0.0,0.14999999999999997,10
structural,ambiguous,exposed,similarity,5,10,0.40499999999999997,0.049013405195172145,0.0,0.0,0.14999999999999997,10
structural,ambiguous,exposed,similarity,6,10,0.40499999999999997,0.049013405195172145,0.0,0.0,0.14999999999999997,10
structural,ambiguous,exposed,similarity,7,10,0.40499999999999997,0.049013405195172145,0.0,0.0,0.14999999999999997,10
structural,ambiguous,exposed,similarity,8,5,0.43,0.05889337416010381,0.0,0.0,0.14999999999999997,10
structural,ambiguous,exposed,similarity,8,10,0.40499999999999997,0.049013405195172145,0.0,0.0,0.14999999999999997,10
structural,ambiguous,exposed,similarity,8,25,0.32599999999999996,0.04160292285358514,0.0,0.0,0.14999999999999997,10
structural,ambiguous,exposed,value_profile,0,10,0.13999999999999999,0.040606963805363765,0.0,0.0,0.14999999999999997,10
structural,ambiguous,exposed,value_profile,1,10,0.465,0.0294466870800519,0.0,0.0,0.14999999999999997,10
structural,ambiguous,exposed,value_profile,2,10,0.425,0.06796936369857164,0.0,0.0,0.14999999999999997,10
structural,ambiguous,exposed,value_profile,3,10,0.48,0.025009088420006466,0.0,0.0,0.14999999999999997,10
structural,ambiguous,exposed,value_profile,4,10,0.48,0.030162095504721306,0.0,0.0,0.14999999999999997,10
structural,ambiguous,exposed,value_profile,5,10,0.465,0.04783926094926254,0.0,0.0,0.14999999999999997,10
structural,ambiguous,exposed,value_profile,6,10,0.95,0.03372224794619884,0.905,0.06409445294753278,0.14999999999999997,10
structural,ambiguous,exposed,value_profile,7,10,1.0,0.0,1.0,0.0,0.14999999999999997,10
structural,ambiguous,exposed,value_profile,8,5,1.0,0.0,1.0,0.0,0.14999999999999997,10
structural,ambiguous,exposed,value_profile,8,10,1.0,0.0,1.0,0.0,0.14999999999999997,10
structural,ambiguous,exposed,value_profile,8,25,0.5999999999999999,8.371663225071135e-17,0.348,0.020456928469555935,0.14999999999999997,10
structural,ambiguous,holdout,association_only,0,10,0.485,0.033932357442811485,0.0,0.0,0.14999999999999997,10
structural,ambiguous,holdout,association_only,1,10,0.5,0.0,0.0,0.0,0.14999999999999997,10
structural,ambiguous,holdout,association_only,2,10,0.485,0.017277510721109085,0.0,0.0,0.14999999999999997,10
structural,ambiguous,holdout,association_only,3,10,0.5,0.0,0.0,0.0,0.14999999999999997,10
structural,ambiguous,holdout,association_only,4,10,0.5,0.0,0.0,0.0,0.14999999999999997,10
structural,ambiguous,holdout,association_only,5,10,0.5,0.0,0.0,0.0,0.14999999999999997,10
structural,ambiguous,holdout,association_only,6,10,0.96,0.032868381557625656,0.9200000000000002,0.06573676311525131,0.14999999999999997,10
structural,ambiguous,holdout,association_only,7,10,1.0,0.0,1.0,0.0,0.14999999999999997,10
structural,ambiguous,holdout,association_only,8,5,1.0,0.0,1.0,0.0,0.14999999999999997,10
structural,ambiguous,holdout,association_only,8,10,1.0,0.0,1.0,0.0,0.14999999999999997,10
structural,ambiguous,holdout,association_only,8,25,0.5999999999999999,8.371663225071135e-17,0.24000000000000005,0.02132782226618473,0.14999999999999997,10
structural,ambiguous,holdout,clustering,0,10,0.15999999999999998,0.040606963805363765,0.0,0.0,0.14999999999999997,10
structural,ambiguous,holdout,clustering,1,10,0.15999999999999998,0.040606963805363765,0.0,0.0,0.14999999999999997,10
structural,ambiguous,holdout,clustering,2,10,0.15999999999999998,0.040606963805363765,0.0,0.0,0.14999999999999997,10
structural,ambiguous,holdout,clustering,3,10,0.15999999999999998,0.040606963805363765,0.0,0.0,0.14999999999999997,10
structural,ambiguous,holdout,clustering,4,10,0.15999999999999998,0.040606963805363765,0.0,0.0,0.14999999999999997,10
structural,ambiguous,holdout,clustering,5,10,0.15999999999999998,0.040606963805363765,0.0,0.0,0.14999999999999997,10
structural,ambiguous,holdout,clustering,6,10,0.15999999999999998,0.040606963805363765,0.0,0.0,0.14999999999999997,10
structural,ambiguous,holdout,clustering,7,10,0.15999999999999998,0.040606963805363765,0.0,0.0,0.14999999999999997,10
structural,ambiguous,holdout,clustering,8,5,0.18000000000000002,0.05642811372291081,0.0,0.0,0.14999999999999997,10
structural,ambiguous,holdout,clustering,8,10,0.15999999999999998,0.040606963805363765,0.0,0.0,0.14999999999999997,10
structural,ambiguous,holdout,clustering,8,25,0.12600000000000003,0.016589152527596726,0.0,0.0,0.14999999999999997,10
structural,ambiguous,holdout,competing_models,0,10,0.13999999999999999,0.040606963805363765,0.0,0.0,0.14999999999999997,10
structural,ambiguous,holdout,competing_models,1,10,0.475,0.03039682352348254,0.0,0.0,0.14999999999999997,10
structural,ambiguous,holdout,competing_models,2,10,0.43499999999999994,0.0585302049775716,0.0,0.0,0.14999999999999997,10
structural,ambiguous,holdout,competing_models,3,10,0.475,0.02529168595964914,0.0,0.0,0.14999999999999997,10
structural,ambiguous,holdout,competing_models,4,10,0.485,0.01727751072110909,0.0,0.0,0.14999999999999997,10
structural,ambiguous,holdout,competing_models,5,10,0.45999999999999996,0.03694087177983075,0.0,0.0,0.14999999999999997,10
structural,ambiguous,holdout,competing_models,6,10,1.0,0.0,1.0,0.0,0.14999999999999997,10
structural,ambiguous,holdout,competing_models,7,10,1.0,0.0,1.0,0.0,0.14999999999999997,10
structural,ambiguous,holdout,competing_models,8,5,1.0,0.0,1.0,0.0,0.14999999999999997,10
structural,ambiguous,holdout,competing_models,8,10,1.0,0.0,1.0,0.0,0.14999999999999997,10
structural,ambiguous,holdout,competing_models,8,25,0.5999999999999999,8.371663225071135e-17,0.25199999999999995,0.029552697423864585,0.14999999999999997,10
structural,ambiguous,holdout,context_oracle,0,10,0.585,0.0585302049775716,0.585,0.0585302049775716,0.14999999999999997,10
structural,ambiguous,holdout,context_oracle,1,10,0.585,0.056048973167046684,0.585,0.056048973167046684,0.14999999999999997,10
structural,ambiguous,holdout,context_oracle,2,10,0.63,0.05889337416010378,0.63,0.05889337416010378,0.14999999999999997,10
structural,ambiguous,holdout,context_oracle,3,10,0.57,0.05642811372291077,0.57,0.05642811372291077,0.14999999999999997,10
structural,ambiguous,holdout,context_oracle,4,10,0.655,0.04602191203318151,0.655,0.04602191203318151,0.14999999999999997,10
structural,ambiguous,holdout,context_oracle,5,10,0.575,0.05128110656114109,0.575,0.05128110656114109,0.14999999999999997,10
structural,ambiguous,holdout,context_oracle,6,10,0.6200000000000001,0.06573676311525131,0.6200000000000001,0.06573676311525131,0.14999999999999997,10
structural,ambiguous,holdout,context_oracle,7,10,0.6050000000000001,0.05450604454644074,0.6050000000000001,0.05450604454644074,0.14999999999999997,10
structural,ambiguous,holdout,context_oracle,8,5,0.64,0.09048628651416393,0.64,0.09048628651416393,0.14999999999999997,10
structural,ambiguous,holdout,context_oracle,8,10,0.605,0.07043430558720785,0.605,0.07043430558720785,0.14999999999999997,10
structural,ambiguous,holdout,context_oracle,8,25,0.5999999999999999,8.371663225071135e-17,0.5999999999999999,8.371663225071135e-17,0.14999999999999997,10
structural,ambiguous,holdout,delta_only,0,10,0.145,0.04602191203318153,0.0,0.0,0.14999999999999997,10
structural,ambiguous,holdout,delta_only,1,10,0.20500000000000002,0.05450604454644074,0.0,0.0,0.14999999999999997,10
structural,ambiguous,holdout,delta_only,2,10,0.255,0.042821943972146684,0.0,0.0,0.14999999999999997,10
structural,ambiguous,holdout,delta_only,3,10,0.225,0.051281106561141106,0.0,0.0,0.14999999999999997,10
structural,ambiguous,holdout,delta_only,4,10,0.2,0.07540523876180329,0.0,0.0,0.14999999999999997,10
structural,ambiguous,holdout,delta_only,5,10,0.25999999999999995,0.055411307669746106,0.0,0.0,0.14999999999999997,10
structural,ambiguous,holdout,delta_only,6,10,0.5850000000000001,0.06962235562588848,0.575,0.07953376271374359,0.14999999999999997,10
structural,ambiguous,holdout,delta_only,7,10,0.61,0.05791986290822424,0.6050000000000001,0.06627515673523317,0.14999999999999997,10
structural,ambiguous,holdout,delta_only,8,5,0.76,0.12707516709781558,0.76,0.12707516709781558,0.14999999999999997,10
structural,ambiguous,holdout,delta_only,8,10,0.48,0.086305240529583,0.45,0.09235217944957685,0.14999999999999997,10
structural,ambiguous,holdout,delta_only,8,25,0.318,0.050222379817334586,0.13999999999999999,0.05224228187692215,0.14999999999999997,10
structural,ambiguous,holdout,frequency,0,10,0.495,0.011310785814270504,0.0,0.0,0.14999999999999997,10
structural,ambiguous,holdout,frequency,1,10,0.495,0.011310785814270504,0.0,0.0,0.14999999999999997,10
structural,ambiguous,holdout,frequency,2,10,0.495,0.011310785814270504,0.0,0.0,0.14999999999999997,10
structural,ambiguous,holdout,frequency,3,10,0.495,0.011310785814270504,0.0,0.0,0.14999999999999997,10
structural,ambiguous,holdout,frequency,4,10,0.495,0.011310785814270504,0.0,0.0,0.14999999999999997,10
structural,ambiguous,holdout,frequency,5,10,0.495,0.011310785814270504,0.0,0.0,0.14999999999999997,10
structural,ambiguous,holdout,frequency,6,10,0.495,0.011310785814270504,0.0,0.0,0.14999999999999997,10
structural,ambiguous,holdout,frequency,7,10,0.495,0.011310785814270504,0.0,0.0,0.14999999999999997,10
structural,ambiguous,holdout,frequency,8,5,0.5,0.0,0.0,0.0,0.14999999999999997,10
structural,ambiguous,holdout,frequency,8,10,0.495,0.011310785814270504,0.0,0.0,0.14999999999999997,10
structural,ambiguous,holdout,frequency,8,25,0.28400000000000003,0.043080089260368264,0.0,0.0,0.14999999999999997,10
structural,ambiguous,holdout,mdi,0,10,0.5,0.0,0.0,0.0,0.14999999999999997,10
structural,ambiguous,holdout,mdi,1,10,0.5,0.0,0.0,0.0,0.14999999999999997,10
structural,ambiguous,holdout,mdi,2,10,0.49000000000000005,0.015081047752360653,0.0,0.0,0.14999999999999997,10
structural,ambiguous,holdout,mdi,3,10,0.5,0.0,0.0,0.0,0.14999999999999997,10
structural,ambiguous,holdout,mdi,4,10,0.5,0.0,0.0,0.0,0.14999999999999997,10
structural,ambiguous,holdout,mdi,5,10,0.5,0.0,0.0,0.0,0.14999999999999997,10
structural,ambiguous,holdout,mdi,6,10,0.925,0.04539996571433342,0.85,0.0907999314286669,0.14999999999999997,10
structural,ambiguous,holdout,mdi,7,10,1.0,0.0,1.0,0.0,0.14999999999999997,10
structural,ambiguous,holdout,mdi,8,5,1.0,0.0,1.0,0.0,0.14999999999999997,10
structural,ambiguous,holdout,mdi,8,10,1.0,0.0,1.0,0.0,0.14999999999999997,10
structural,ambiguous,holdout,mdi,8,25,0.5999999999999999,8.371663225071135e-17,0.22199999999999998,0.02282176643026498,0.14999999999999997,10
structural,ambiguous,holdout,mdi_decay0,0,10,0.5,0.0,0.0,0.0,0.14999999999999997,10
structural,ambiguous,holdout,mdi_decay0,1,10,0.5,0.0,0.0,0.0,0.14999999999999997,10
structural,ambiguous,holdout,mdi_decay0,2,10,0.49000000000000005,0.015081047752360653,0.0,0.0,0.14999999999999997,10
structural,ambiguous,holdout,mdi_decay0,3,10,0.5,0.0,0.0,0.0,0.14999999999999997,10
structural,ambiguous,holdout,mdi_decay0,4,10,0.5,0.0,0.0,0.0,0.14999999999999997,10
structural,ambiguous,holdout,mdi_decay0,5,10,0.5,0.0,0.0,0.0,0.14999999999999997,10
structural,ambiguous,holdout,mdi_decay0,6,10,0.8299999999999998,0.06786471488562297,0.66,0.13572942977124594,0.14999999999999997,10
structural,ambiguous,holdout,mdi_decay0,7,10,1.0,0.0,1.0,0.0,0.14999999999999997,10
structural,ambiguous,holdout,mdi_decay0,8,5,1.0,0.0,1.0,0.0,0.14999999999999997,10
structural,ambiguous,holdout,mdi_decay0,8,10,1.0,0.0,1.0,0.0,0.14999999999999997,10
structural,ambiguous,holdout,mdi_decay0,8,25,0.5999999999999999,8.371663225071135e-17,0.21999999999999997,0.02236880870497491,0.14999999999999997,10
structural,ambiguous,holdout,mdi_decay020,0,10,0.5,0.0,0.0,0.0,0.14999999999999997,10
structural,ambiguous,holdout,mdi_decay020,1,10,0.5,0.0,0.0,0.0,0.14999999999999997,10
structural,ambiguous,holdout,mdi_decay020,2,10,0.49000000000000005,0.015081047752360664,0.0,0.0,0.14999999999999997,10
structural,ambiguous,holdout,mdi_decay020,3,10,0.495,0.011310785814270504,0.0,0.0,0.14999999999999997,10
structural,ambiguous,holdout,mdi_decay020,4,10,0.5,0.0,0.0,0.0,0.14999999999999997,10
structural,ambiguous,holdout,mdi_decay020,5,10,0.495,0.01131078581427049,0.0,0.0,0.14999999999999997,10
structural,ambiguous,holdout,mdi_decay020,6,10,1.0,0.0,1.0,0.0,0.14999999999999997,10
structural,ambiguous,holdout,mdi_decay020,7,10,1.0,0.0,1.0,0.0,0.14999999999999997,10
structural,ambiguous,holdout,mdi_decay020,8,5,1.0,0.0,1.0,0.0,0.14999999999999997,10
structural,ambiguous,holdout,mdi_decay020,8,10,1.0,0.0,1.0,0.0,0.14999999999999997,10
structural,ambiguous,holdout,mdi_decay020,8,25,0.5999999999999999,8.371663225071135e-17,0.242,0.02896974671670681,0.14999999999999997,10
structural,ambiguous,holdout,mdi_no_novelty,0,10,0.5,0.0,0.0,0.0,0.14999999999999997,10
structural,ambiguous,holdout,mdi_no_novelty,1,10,0.5,0.0,0.0,0.0,0.14999999999999997,10
structural,ambiguous,holdout,mdi_no_novelty,2,10,0.485,0.01727751072110909,0.0,0.0,0.14999999999999997,10
structural,ambiguous,holdout,mdi_no_novelty,3,10,0.5,0.0,0.0,0.0,0.14999999999999997,10
structural,ambiguous,holdout,mdi_no_novelty,4,10,0.5,0.0,0.0,0.0,0.14999999999999997,10
structural,ambiguous,holdout,mdi_no_novelty,5,10,0.495,0.011310785814270504,0.0,0.0,0.14999999999999997,10
structural,ambiguous,holdout,mdi_no_novelty,6,10,0.97,0.03844927838735579,0.9400000000000001,0.0768985567747116,0.14999999999999997,10
structural,ambiguous,holdout,mdi_no_novelty,7,10,1.0,0.0,1.0,0.0,0.14999999999999997,10
structural,ambiguous,holdout,mdi_no_novelty,8,5,1.0,0.0,1.0,0.0,0.14999999999999997,10
structural,ambiguous,holdout,mdi_no_novelty,8,10,1.0,0.0,1.0,0.0,0.14999999999999997,10
structural,ambiguous,holdout,mdi_no_novelty,8,25,0.5999999999999999,8.371663225071135e-17,0.22800000000000004,0.029552697423864592,0.14999999999999997,10
structural,ambiguous,holdout,mdi_original,0,10,0.48,0.04524314325708196,0.0,0.0,0.14999999999999997,10
structural,ambiguous,holdout,mdi_original,1,10,0.5,0.0,0.0,0.0,0.14999999999999997,10
structural,ambiguous,holdout,mdi_original,2,10,0.47000000000000003,0.03016209550472131,0.0,0.0,0.14999999999999997,10
structural,ambiguous,holdout,mdi_original,3,10,0.495,0.011310785814270504,0.0,0.0,0.14999999999999997,10
structural,ambiguous,holdout,mdi_original,4,10,0.5,0.0,0.0,0.0,0.14999999999999997,10
structural,ambiguous,holdout,mdi_original,5,10,0.495,0.011310785814270504,0.0,0.0,0.14999999999999997,10
structural,ambiguous,holdout,mdi_original,6,10,0.845,0.06627515673523318,0.69,0.13255031347046634,0.14999999999999997,10
structural,ambiguous,holdout,mdi_original,7,10,0.945,0.03556857998685376,0.89,0.07113715997370754,0.14999999999999997,10
structural,ambiguous,holdout,mdi_original,8,5,1.0,0.0,1.0,0.0,0.14999999999999997,10
structural,ambiguous,holdout,mdi_original,8,10,0.9550000000000001,0.03131814778439151,0.9099999999999999,0.06263629556878302,0.14999999999999997,10
structural,ambiguous,holdout,mdi_original,8,25,0.578,0.018408764813272593,0.23800000000000004,0.03266013205942571,0.14999999999999997,10
structural,ambiguous,holdout,mdi_reset,0,10,0.5,0.0,0.0,0.0,0.14999999999999997,10
structural,ambiguous,holdout,mdi_reset,1,10,0.5,0.0,0.0,0.0,0.14999999999999997,10
structural,ambiguous,holdout,mdi_reset,2,10,0.5,0.0,0.0,0.0,0.14999999999999997,10
structural,ambiguous,holdout,mdi_reset,3,10,0.5,0.0,0.0,0.0,0.14999999999999997,10
structural,ambiguous,holdout,mdi_reset,4,10,0.5,0.0,0.0,0.0,0.14999999999999997,10
structural,ambiguous,holdout,mdi_reset,5,10,0.5,0.0,0.0,0.0,0.14999999999999997,10
structural,ambiguous,holdout,mdi_reset,6,10,0.5,0.0,0.0,0.0,0.14999999999999997,10
structural,ambiguous,holdout,mdi_reset,7,10,0.5,0.0,0.0,0.0,0.14999999999999997,10
structural,ambiguous,holdout,mdi_reset,8,5,0.5,0.0,0.0,0.0,0.14999999999999997,10
structural,ambiguous,holdout,mdi_reset,8,10,0.5,0.0,0.0,0.0,0.14999999999999997,10
structural,ambiguous,holdout,mdi_reset,8,25,0.48599999999999993,0.01913570437970502,0.0,0.0,0.14999999999999997,10
structural,ambiguous,holdout,mdi_with_delta,0,10,0.5,0.0,0.0,0.0,0.14999999999999997,10
structural,ambiguous,holdout,mdi_with_delta,1,10,0.5,0.0,0.0,0.0,0.14999999999999997,10
structural,ambiguous,holdout,mdi_with_delta,2,10,0.44000000000000006,0.050018176840012946,0.0,0.0,0.14999999999999997,10
structural,ambiguous,holdout,mdi_with_delta,3,10,0.49000000000000005,0.022621571628540997,0.0,0.0,0.14999999999999997,10
structural,ambiguous,holdout,mdi_with_delta,4,10,0.495,0.01131078581427049,0.0,0.0,0.14999999999999997,10
structural,ambiguous,holdout,mdi_with_delta,5,10,0.485,0.033932357442811485,0.0,0.0,0.14999999999999997,10
structural,ambiguous,holdout,mdi_with_delta,6,10,1.0,0.0,1.0,0.0,0.14999999999999997,10
structural,ambiguous,holdout,mdi_with_delta,7,10,1.0,0.0,1.0,0.0,0.14999999999999997,10
structural,ambiguous,holdout,mdi_with_delta,8,5,0.95,0.06952019510772303,0.9,0.13904039021544606,0.14999999999999997,10
structural,ambiguous,holdout,mdi_with_delta,8,10,0.8400000000000001,0.07113715997370755,0.6950000000000001,0.1353623802260248,0.14999999999999997,10
structural,ambiguous,holdout,mdi_with_delta,8,25,0.5979999999999999,0.004524314325708177,0.37,0.02545973887789502,0.14999999999999997,10
structural,ambiguous,holdout,predicate_match,0,10,0.13999999999999999,0.040606963805363765,0.0,0.0,0.14999999999999997,10
structural,ambiguous,holdout,predicate_match,1,10,0.25,0.06952019510772302,0.0,0.0,0.14999999999999997,10
structural,ambiguous,holdout,predicate_match,2,10,0.22999999999999998,0.06353758354890779,0.0,0.0,0.14999999999999997,10
structural,ambiguous,holdout,predicate_match,3,10,0.29500000000000004,0.06183689349415336,0.0,0.0,0.14999999999999997,10
structural,ambiguous,holdout,predicate_match,4,10,0.22999999999999998,0.0564281137229108,0.0,0.0,0.14999999999999997,10
structural,ambiguous,holdout,predicate_match,5,10,0.22999999999999998,0.06353758354890779,0.0,0.0,0.14999999999999997,10
structural,ambiguous,holdout,predicate_match,6,10,0.5900000000000001,0.04396843198393989,0.5900000000000001,0.04396843198393989,0.14999999999999997,10
structural,ambiguous,holdout,predicate_match,7,10,1.0,0.0,1.0,0.0,0.14999999999999997,10
structural,ambiguous,holdout,predicate_match,8,5,0.8800000000000001,0.10003635368002589,0.8800000000000001,0.10003635368002589,0.14999999999999997,10
structural,ambiguous,holdout,predicate_match,8,10,0.7050000000000001,0.07043430558720787,0.7050000000000001,0.07043430558720787,0.14999999999999997,10
structural,ambiguous,holdout,predicate_match,8,25,0.5999999999999999,8.371663225071135e-17,0.5999999999999999,8.371663225071135e-17,0.14999999999999997,10
structural,ambiguous,holdout,random,0,10,0.12000000000000002,0.03844927838735581,0.0,0.0,0.14999999999999997,10
structural,ambiguous,holdout,random,1,10,0.12000000000000002,0.03844927838735581,0.0,0.0,0.14999999999999997,10
structural,ambiguous,holdout,random,2,10,0.12000000000000002,0.03844927838735581,0.0,0.0,0.14999999999999997,10
structural,ambiguous,holdout,random,3,10,0.12000000000000002,0.03844927838735581,0.0,0.0,0.14999999999999997,10
structural,ambiguous,holdout,random,4,10,0.12000000000000002,0.03844927838735581,0.0,0.0,0.14999999999999997,10
structural,ambiguous,holdout,random,5,10,0.12000000000000002,0.03844927838735581,0.0,0.0,0.14999999999999997,10
structural,ambiguous,holdout,random,6,10,0.12000000000000002,0.03844927838735581,0.0,0.0,0.14999999999999997,10
structural,ambiguous,holdout,random,7,10,0.12000000000000002,0.03844927838735581,0.0,0.0,0.14999999999999997,10
structural,ambiguous,holdout,random,8,5,0.08,0.06573676311525133,0.0,0.0,0.14999999999999997,10
structural,ambiguous,holdout,random,8,10,0.12000000000000002,0.03844927838735581,0.0,0.0,0.14999999999999997,10
structural,ambiguous,holdout,random,8,25,0.146,0.030199774589374336,0.0,0.0,0.14999999999999997,10
structural,ambiguous,holdout,recurrence,0,10,0.13999999999999999,0.040606963805363765,0.0,0.0,0.14999999999999997,10
structural,ambiguous,holdout,recurrence,1,10,0.13999999999999999,0.040606963805363765,0.0,0.0,0.14999999999999997,10
structural,ambiguous,holdout,recurrence,2,10,0.13999999999999999,0.040606963805363765,0.0,0.0,0.14999999999999997,10
structural,ambiguous,holdout,recurrence,3,10,0.13999999999999999,0.040606963805363765,0.0,0.0,0.14999999999999997,10
structural,ambiguous,holdout,recurrence,4,10,0.13999999999999999,0.040606963805363765,0.0,0.0,0.14999999999999997,10
structural,ambiguous,holdout,recurrence,5,10,0.13999999999999999,0.040606963805363765,0.0,0.0,0.14999999999999997,10
structural,ambiguous,holdout,recurrence,6,10,0.13999999999999999,0.040606963805363765,0.0,0.0,0.14999999999999997,10
structural,ambiguous,holdout,recurrence,7,10,0.13999999999999999,0.040606963805363765,0.0,0.0,0.14999999999999997,10
structural,ambiguous,holdout,recurrence,8,5,0.13999999999999999,0.06032419100944265,0.0,0.0,0.14999999999999997,10
structural,ambiguous,holdout,recurrence,8,10,0.13999999999999999,0.040606963805363765,0.0,0.0,0.14999999999999997,10
structural,ambiguous,holdout,recurrence,8,25,0.156,0.03803295529307615,0.0,0.0,0.14999999999999997,10
structural,ambiguous,holdout,similarity,0,10,0.40499999999999997,0.049013405195172145,0.0,0.0,0.14999999999999997,10
structural,ambiguous,holdout,similarity,1,10,0.40499999999999997,0.049013405195172145,0.0,0.0,0.14999999999999997,10
structural,ambiguous,holdout,similarity,2,10,0.40499999999999997,0.049013405195172145,0.0,0.0,0.14999999999999997,10
structural,ambiguous,holdout,similarity,3,10,0.40499999999999997,0.049013405195172145,0.0,0.0,0.14999999999999997,10
structural,ambiguous,holdout,similarity,4,10,0.40499999999999997,0.049013405195172145,0.0,0.0,0.14999999999999997,10
structural,ambiguous,holdout,similarity,5,10,0.40499999999999997,0.049013405195172145,0.0,0.0,0.14999999999999997,10
structural,ambiguous,holdout,similarity,6,10,0.40499999999999997,0.049013405195172145,0.0,0.0,0.14999999999999997,10
structural,ambiguous,holdout,similarity,7,10,0.40499999999999997,0.049013405195172145,0.0,0.0,0.14999999999999997,10
structural,ambiguous,holdout,similarity,8,5,0.43,0.05889337416010381,0.0,0.0,0.14999999999999997,10
structural,ambiguous,holdout,similarity,8,10,0.40499999999999997,0.049013405195172145,0.0,0.0,0.14999999999999997,10
structural,ambiguous,holdout,similarity,8,25,0.32599999999999996,0.04160292285358514,0.0,0.0,0.14999999999999997,10
structural,ambiguous,holdout,value_profile,0,10,0.13999999999999999,0.040606963805363765,0.0,0.0,0.14999999999999997,10
structural,ambiguous,holdout,value_profile,1,10,0.45999999999999996,0.032868381557625656,0.0,0.0,0.14999999999999997,10
structural,ambiguous,holdout,value_profile,2,10,0.425,0.06796936369857164,0.0,0.0,0.14999999999999997,10
structural,ambiguous,holdout,value_profile,3,10,0.475,0.02529168595964914,0.0,0.0,0.14999999999999997,10
structural,ambiguous,holdout,value_profile,4,10,0.46499999999999997,0.024141455597255675,0.0,0.0,0.14999999999999997,10
structural,ambiguous,holdout,value_profile,5,10,0.45,0.0446103408578504,0.0,0.0,0.14999999999999997,10
structural,ambiguous,holdout,value_profile,6,10,0.9799999999999999,0.025009088420006473,0.9650000000000001,0.04147288131899183,0.14999999999999997,10
structural,ambiguous,holdout,value_profile,7,10,1.0,0.0,1.0,0.0,0.14999999999999997,10
structural,ambiguous,holdout,value_profile,8,5,1.0,0.0,1.0,0.0,0.14999999999999997,10
structural,ambiguous,holdout,value_profile,8,10,1.0,0.0,1.0,0.0,0.14999999999999997,10
structural,ambiguous,holdout,value_profile,8,25,0.5999999999999999,8.371663225071135e-17,0.352,0.02045692846955594,0.14999999999999997,10
structural,clear,exposed,association_only,0,10,0.485,0.033932357442811485,0.0,0.0,0.14999999999999997,10
structural,clear,exposed,association_only,1,10,0.5,0.0,0.0,0.0,0.14999999999999997,10
structural,clear,exposed,association_only,2,10,1.0,0.0,1.0,0.0,0.14999999999999997,10
structural,clear,exposed,association_only,3,10,1.0,0.0,1.0,0.0,0.14999999999999997,10
structural,clear,exposed,association_only,4,10,1.0,0.0,1.0,0.0,0.14999999999999997,10
structural,clear,exposed,association_only,5,10,1.0,0.0,1.0,0.0,0.14999999999999997,10
structural,clear,exposed,association_only,6,10,1.0,0.0,1.0,0.0,0.14999999999999997,10
structural,clear,exposed,association_only,7,10,1.0,0.0,1.0,0.0,0.14999999999999997,10
structural,clear,exposed,association_only,8,5,1.0,0.0,1.0,0.0,0.14999999999999997,10
structural,clear,exposed,association_only,8,10,1.0,0.0,1.0,0.0,0.14999999999999997,10
structural,clear,exposed,association_only,8,25,0.5999999999999999,8.371663225071135e-17,0.32999999999999996,0.027187745479428656,0.14999999999999997,10
structural,clear,exposed,clustering,0,10,0.15999999999999998,0.040606963805363765,0.0,0.0,0.14999999999999997,10
structural,clear,exposed,clustering,1,10,0.15999999999999998,0.040606963805363765,0.0,0.0,0.14999999999999997,10
structural,clear,exposed,clustering,2,10,0.15999999999999998,0.040606963805363765,0.0,0.0,0.14999999999999997,10
structural,clear,exposed,clustering,3,10,0.15999999999999998,0.040606963805363765,0.0,0.0,0.14999999999999997,10
structural,clear,exposed,clustering,4,10,0.15999999999999998,0.040606963805363765,0.0,0.0,0.14999999999999997,10
structural,clear,exposed,clustering,5,10,0.15999999999999998,0.040606963805363765,0.0,0.0,0.14999999999999997,10
structural,clear,exposed,clustering,6,10,0.15999999999999998,0.040606963805363765,0.0,0.0,0.14999999999999997,10
structural,clear,exposed,clustering,7,10,0.15999999999999998,0.040606963805363765,0.0,0.0,0.14999999999999997,10
structural,clear,exposed,clustering,8,5,0.18000000000000002,0.05642811372291081,0.0,0.0,0.14999999999999997,10
structural,clear,exposed,clustering,8,10,0.15999999999999998,0.040606963805363765,0.0,0.0,0.14999999999999997,10
structural,clear,exposed,clustering,8,25,0.12600000000000003,0.016589152527596726,0.0,0.0,0.14999999999999997,10
structural,clear,exposed,competing_models,0,10,0.13999999999999999,0.040606963805363765,0.0,0.0,0.14999999999999997,10
structural,clear,exposed,competing_models,1,10,0.485,0.024141455597255685,0.0,0.0,0.14999999999999997,10
structural,clear,exposed,competing_models,2,10,1.0,0.0,1.0,0.0,0.14999999999999997,10
structural,clear,exposed,competing_models,3,10,1.0,0.0,1.0,0.0,0.14999999999999997,10
structural,clear,exposed,competing_models,4,10,1.0,0.0,1.0,0.0,0.14999999999999997,10
structural,clear,exposed,competing_models,5,10,1.0,0.0,1.0,0.0,0.14999999999999997,10
structural,clear,exposed,competing_models,6,10,1.0,0.0,1.0,0.0,0.14999999999999997,10
structural,clear,exposed,competing_models,7,10,1.0,0.0,1.0,0.0,0.14999999999999997,10
structural,clear,exposed,competing_models,8,5,1.0,0.0,1.0,0.0,0.14999999999999997,10
structural,clear,exposed,competing_models,8,10,1.0,0.0,1.0,0.0,0.14999999999999997,10
structural,clear,exposed,competing_models,8,25,0.5999999999999999,8.371663225071135e-17,0.5999999999999999,8.371663225071135e-17,0.14999999999999997,10
structural,clear,exposed,context_oracle,0,10,0.585,0.0585302049775716,0.585,0.0585302049775716,0.14999999999999997,10
structural,clear,exposed,context_oracle,1,10,0.585,0.056048973167046684,0.585,0.056048973167046684,0.14999999999999997,10
structural,clear,exposed,context_oracle,2,10,0.63,0.05889337416010378,0.63,0.05889337416010378,0.14999999999999997,10
structural,clear,exposed,context_oracle,3,10,0.57,0.05642811372291077,0.57,0.05642811372291077,0.14999999999999997,10
structural,clear,exposed,context_oracle,4,10,0.655,0.04602191203318151,0.655,0.04602191203318151,0.14999999999999997,10
structural,clear,exposed,context_oracle,5,10,0.575,0.05128110656114109,0.575,0.05128110656114109,0.14999999999999997,10
structural,clear,exposed,context_oracle,6,10,0.6200000000000001,0.06573676311525131,0.6200000000000001,0.06573676311525131,0.14999999999999997,10
structural,clear,exposed,context_oracle,7,10,0.6050000000000001,0.05450604454644074,0.6050000000000001,0.05450604454644074,0.14999999999999997,10
structural,clear,exposed,context_oracle,8,5,0.64,0.09048628651416393,0.64,0.09048628651416393,0.14999999999999997,10
structural,clear,exposed,context_oracle,8,10,0.605,0.07043430558720785,0.605,0.07043430558720785,0.14999999999999997,10
structural,clear,exposed,context_oracle,8,25,0.5999999999999999,8.371663225071135e-17,0.5999999999999999,8.371663225071135e-17,0.14999999999999997,10
structural,clear,exposed,delta_only,0,10,0.145,0.04602191203318153,0.0,0.0,0.14999999999999997,10
structural,clear,exposed,delta_only,1,10,0.18,0.03455502144221818,0.0,0.0,0.14999999999999997,10
structural,clear,exposed,delta_only,2,10,0.835,0.0585302049775716,0.835,0.0585302049775716,0.14999999999999997,10
structural,clear,exposed,delta_only,3,10,0.805,0.07624882889894678,0.805,0.07624882889894678,0.14999999999999997,10
structural,clear,exposed,delta_only,4,10,0.565,0.06320110677819656,0.565,0.06320110677819656,0.14999999999999997,10
structural,clear,exposed,delta_only,5,10,0.5549999999999999,0.06627515673523317,0.5549999999999999,0.06627515673523317,0.14999999999999997,10
structural,clear,exposed,delta_only,6,10,0.5599999999999999,0.05541130766974609,0.5599999999999999,0.05541130766974609,0.14999999999999997,10
structural,clear,exposed,delta_only,7,10,0.595,0.04901340519517211,0.585,0.053452688346275805,0.14999999999999997,10
structural,clear,exposed,delta_only,8,5,0.59,0.1633006602971286,0.57,0.16190191367263151,0.14999999999999997,10
structural,clear,exposed,delta_only,8,10,0.58,0.061259505561163385,0.56,0.07310809141785254,0.14999999999999997,10
structural,clear,exposed,delta_only,8,25,0.51,0.03520706047277952,0.41600000000000004,0.05793949343341362,0.14999999999999997,10
structural,clear,exposed,frequency,0,10,0.495,0.011310785814270504,0.0,0.0,0.14999999999999997,10
structural,clear,exposed,frequency,1,10,0.495,0.011310785814270504,0.0,0.0,0.14999999999999997,10
structural,clear,exposed,frequency,2,10,0.495,0.011310785814270504,0.0,0.0,0.14999999999999997,10
structural,clear,exposed,frequency,3,10,0.495,0.011310785814270504,0.0,0.0,0.14999999999999997,10
structural,clear,exposed,frequency,4,10,0.495,0.011310785814270504,0.0,0.0,0.14999999999999997,10
structural,clear,exposed,frequency,5,10,0.495,0.011310785814270504,0.0,0.0,0.14999999999999997,10
structural,clear,exposed,frequency,6,10,0.495,0.011310785814270504,0.0,0.0,0.14999999999999997,10
structural,clear,exposed,frequency,7,10,0.495,0.011310785814270504,0.0,0.0,0.14999999999999997,10
structural,clear,exposed,frequency,8,5,0.5,0.0,0.0,0.0,0.14999999999999997,10
structural,clear,exposed,frequency,8,10,0.495,0.011310785814270504,0.0,0.0,0.14999999999999997,10
structural,clear,exposed,frequency,8,25,0.28400000000000003,0.043080089260368264,0.0,0.0,0.14999999999999997,10
structural,clear,exposed,mdi,0,10,0.5,0.0,0.0,0.0,0.14999999999999997,10
structural,clear,exposed,mdi,1,10,0.5,0.0,0.0,0.0,0.14999999999999997,10
structural,clear,exposed,mdi,2,10,1.0,0.0,1.0,0.0,0.14999999999999997,10
structural,clear,exposed,mdi,3,10,0.985,0.024141455597255678,0.9700000000000001,0.04828291119451135,0.14999999999999997,10
structural,clear,exposed,mdi,4,10,1.0,0.0,1.0,0.0,0.14999999999999997,10
structural,clear,exposed,mdi,5,10,0.9949999999999999,0.011310785814270504,0.99,0.022621571628541007,0.14999999999999997,10
structural,clear,exposed,mdi,6,10,1.0,0.0,1.0,0.0,0.14999999999999997,10
structural,clear,exposed,mdi,7,10,1.0,0.0,1.0,0.0,0.14999999999999997,10
structural,clear,exposed,mdi,8,5,1.0,0.0,1.0,0.0,0.14999999999999997,10
structural,clear,exposed,mdi,8,10,1.0,0.0,1.0,0.0,0.14999999999999997,10
structural,clear,exposed,mdi,8,25,0.5999999999999999,8.371663225071135e-17,0.366,0.02701991828636485,0.14999999999999997,10
structural,clear,exposed,mdi_decay0,0,10,0.5,0.0,0.0,0.0,0.14999999999999997,10
structural,clear,exposed,mdi_decay0,1,10,0.5,0.0,0.0,0.0,0.14999999999999997,10
structural,clear,exposed,mdi_decay0,2,10,1.0,0.0,1.0,0.0,0.14999999999999997,10
structural,clear,exposed,mdi_decay0,3,10,0.9899999999999999,0.01508104775236067,0.9800000000000001,0.03016209550472134,0.14999999999999997,10
structural,clear,exposed,mdi_decay0,4,10,1.0,0.0,1.0,0.0,0.14999999999999997,10
structural,clear,exposed,mdi_decay0,5,10,0.99,0.01508104775236067,0.9800000000000001,0.03016209550472134,0.14999999999999997,10
structural,clear,exposed,mdi_decay0,6,10,1.0,0.0,1.0,0.0,0.14999999999999997,10
structural,clear,exposed,mdi_decay0,7,10,1.0,0.0,1.0,0.0,0.14999999999999997,10
structural,clear,exposed,mdi_decay0,8,5,1.0,0.0,1.0,0.0,0.14999999999999997,10
structural,clear,exposed,mdi_decay0,8,10,1.0,0.0,1.0,0.0,0.14999999999999997,10
structural,clear,exposed,mdi_decay0,8,25,0.5999999999999999,8.371663225071135e-17,0.36,0.028614276239533595,0.14999999999999997,10
structural,clear,exposed,mdi_decay020,0,10,0.5,0.0,0.0,0.0,0.14999999999999997,10
structural,clear,exposed,mdi_decay020,1,10,0.5,0.0,0.0,0.0,0.14999999999999997,10
structural,clear,exposed,mdi_decay020,2,10,1.0,0.0,1.0,0.0,0.14999999999999997,10
structural,clear,exposed,mdi_decay020,3,10,0.985,0.024141455597255678,0.9700000000000001,0.04828291119451135,0.14999999999999997,10
structural,clear,exposed,mdi_decay020,4,10,1.0,0.0,1.0,0.0,0.14999999999999997,10
structural,clear,exposed,mdi_decay020,5,10,0.99,0.02262157162854098,0.9800000000000001,0.045243143257081966,0.14999999999999997,10
structural,clear,exposed,mdi_decay020,6,10,1.0,0.0,1.0,0.0,0.14999999999999997,10
structural,clear,exposed,mdi_decay020,7,10,1.0,0.0,1.0,0.0,0.14999999999999997,10
structural,clear,exposed,mdi_decay020,8,5,1.0,0.0,1.0,0.0,0.14999999999999997,10
structural,clear,exposed,mdi_decay020,8,10,1.0,0.0,1.0,0.0,0.14999999999999997,10
structural,clear,exposed,mdi_decay020,8,25,0.5999999999999999,8.371663225071135e-17,0.362,0.03533602449606229,0.14999999999999997,10
structural,clear,exposed,mdi_no_novelty,0,10,0.5,0.0,0.0,0.0,0.14999999999999997,10
structural,clear,exposed,mdi_no_novelty,1,10,0.5,0.0,0.0,0.0,0.14999999999999997,10
structural,clear,exposed,mdi_no_novelty,2,10,1.0,0.0,1.0,0.0,0.14999999999999997,10
structural,clear,exposed,mdi_no_novelty,3,10,1.0,0.0,1.0,0.0,0.14999999999999997,10
structural,clear,exposed,mdi_no_novelty,4,10,1.0,0.0,1.0,0.0,0.14999999999999997,10
structural,clear,exposed,mdi_no_novelty,5,10,1.0,0.0,1.0,0.0,0.14999999999999997,10
structural,clear,exposed,mdi_no_novelty,6,10,1.0,0.0,1.0,0.0,0.14999999999999997,10
structural,clear,exposed,mdi_no_novelty,7,10,1.0,0.0,1.0,0.0,0.14999999999999997,10
structural,clear,exposed,mdi_no_novelty,8,5,1.0,0.0,1.0,0.0,0.14999999999999997,10
structural,clear,exposed,mdi_no_novelty,8,10,1.0,0.0,1.0,0.0,0.14999999999999997,10
structural,clear,exposed,mdi_no_novelty,8,25,0.5999999999999999,8.371663225071135e-17,0.4119999999999999,0.019313164477804533,0.14999999999999997,10
structural,clear,exposed,mdi_original,0,10,0.48,0.04524314325708196,0.0,0.0,0.14999999999999997,10
structural,clear,exposed,mdi_original,1,10,0.485,0.033932357442811485,0.0,0.0,0.14999999999999997,10
structural,clear,exposed,mdi_original,2,10,0.96,0.047090556513621484,0.9199999999999999,0.09418111302724297,0.14999999999999997,10
structural,clear,exposed,mdi_original,3,10,1.0,0.0,1.0,0.0,0.14999999999999997,10
structural,clear,exposed,mdi_original,4,10,1.0,0.0,1.0,0.0,0.14999999999999997,10
structural,clear,exposed,mdi_original,5,10,1.0,0.0,1.0,0.0,0.14999999999999997,10
structural,clear,exposed,mdi_original,6,10,1.0,0.0,1.0,0.0,0.14999999999999997,10
structural,clear,exposed,mdi_original,7,10,1.0,0.0,1.0,0.0,0.14999999999999997,10
structural,clear,exposed,mdi_original,8,5,1.0,0.0,1.0,0.0,0.14999999999999997,10
structural,clear,exposed,mdi_original,8,10,1.0,0.0,1.0,0.0,0.14999999999999997,10
structural,clear,exposed,mdi_original,8,25,0.5999999999999999,8.371663225071135e-17,0.364,0.02412967640377706,0.14999999999999997,10
structural,clear,exposed,mdi_reset,0,10,0.5,0.0,0.0,0.0,0.14999999999999997,10
structural,clear,exposed,mdi_reset,1,10,0.5,0.0,0.0,0.0,0.14999999999999997,10
structural,clear,exposed,mdi_reset,2,10,0.5,0.0,0.0,0.0,0.14999999999999997,10
structural,clear,exposed,mdi_reset,3,10,0.5,0.0,0.0,0.0,0.14999999999999997,10
structural,clear,exposed,mdi_reset,4,10,0.5,0.0,0.0,0.0,0.14999999999999997,10
structural,clear,exposed,mdi_reset,5,10,0.5,0.0,0.0,0.0,0.14999999999999997,10
structural,clear,exposed,mdi_reset,6,10,0.5,0.0,0.0,0.0,0.14999999999999997,10
structural,clear,exposed,mdi_reset,7,10,0.5,0.0,0.0,0.0,0.14999999999999997,10
structural,clear,exposed,mdi_reset,8,5,0.5,0.0,0.0,0.0,0.14999999999999997,10
structural,clear,exposed,mdi_reset,8,10,0.5,0.0,0.0,0.0,0.14999999999999997,10
structural,clear,exposed,mdi_reset,8,25,0.48599999999999993,0.01913570437970502,0.0,0.0,0.14999999999999997,10
structural,clear,exposed,mdi_with_delta,0,10,0.5,0.0,0.0,0.0,0.14999999999999997,10
structural,clear,exposed,mdi_with_delta,1,10,0.5,0.0,0.0,0.0,0.14999999999999997,10
structural,clear,exposed,mdi_with_delta,2,10,1.0,0.0,1.0,0.0,0.14999999999999997,10
structural,clear,exposed,mdi_with_delta,3,10,1.0,0.0,1.0,0.0,0.14999999999999997,10
structural,clear,exposed,mdi_with_delta,4,10,0.9899999999999999,0.01508104775236067,0.9899999999999999,0.01508104775236067,0.14999999999999997,10
structural,clear,exposed,mdi_with_delta,5,10,0.9949999999999999,0.011310785814270504,0.9949999999999999,0.011310785814270504,0.14999999999999997,10
structural,clear,exposed,mdi_with_delta,6,10,1.0,0.0,1.0,0.0,0.14999999999999997,10
structural,clear,exposed,mdi_with_delta,7,10,0.9799999999999999,0.025009088420006473,0.9799999999999999,0.025009088420006473,0.14999999999999997,10
structural,clear,exposed,mdi_with_delta,8,5,1.0,0.0,1.0,0.0,0.14999999999999997,10
structural,clear,exposed,mdi_with_delta,8,10,0.99,0.01508104775236067,0.99,0.01508104775236067,0.14999999999999997,10
structural,clear,exposed,mdi_with_delta,8,25,0.5999999999999999,8.371663225071135e-17,0.466,0.031670200279957386,0.14999999999999997,10
structural,clear,exposed,predicate_match,0,10,0.13999999999999999,0.040606963805363765,0.0,0.0,0.14999999999999997,10
structural,clear,exposed,predicate_match,1,10,0.25,0.06952019510772302,0.0,0.0,0.14999999999999997,10
structural,clear,exposed,predicate_match,2,10,0.61,0.06911004288443634,0.61,0.06911004288443634,0.14999999999999997,10
structural,clear,exposed,predicate_match,3,10,1.0,0.0,1.0,0.0,0.14999999999999997,10
structural,clear,exposed,predicate_match,4,10,0.7050000000000001,0.07043430558720787,0.7050000000000001,0.07043430558720787,0.14999999999999997,10
structural,clear,exposed,predicate_match,5,10,1.0,0.0,1.0,0.0,0.14999999999999997,10
structural,clear,exposed,predicate_match,6,10,1.0,0.0,1.0,0.0,0.14999999999999997,10
structural,clear,exposed,predicate_match,7,10,1.0,0.0,1.0,0.0,0.14999999999999997,10
structural,clear,exposed,predicate_match,8,5,1.0,0.0,1.0,0.0,0.14999999999999997,10
structural,clear,exposed,predicate_match,8,10,1.0,0.0,1.0,0.0,0.14999999999999997,10
structural,clear,exposed,predicate_match,8,25,0.5999999999999999,8.371663225071135e-17,0.5999999999999999,8.371663225071135e-17,0.14999999999999997,10
structural,clear,exposed,random,0,10,0.12000000000000002,0.03844927838735581,0.0,0.0,0.14999999999999997,10
structural,clear,exposed,random,1,10,0.12000000000000002,0.03844927838735581,0.0,0.0,0.14999999999999997,10
structural,clear,exposed,random,2,10,0.12000000000000002,0.03844927838735581,0.0,0.0,0.14999999999999997,10
structural,clear,exposed,random,3,10,0.12000000000000002,0.03844927838735581,0.0,0.0,0.14999999999999997,10
structural,clear,exposed,random,4,10,0.12000000000000002,0.03844927838735581,0.0,0.0,0.14999999999999997,10
structural,clear,exposed,random,5,10,0.12000000000000002,0.03844927838735581,0.0,0.0,0.14999999999999997,10
structural,clear,exposed,random,6,10,0.12000000000000002,0.03844927838735581,0.0,0.0,0.14999999999999997,10
structural,clear,exposed,random,7,10,0.12000000000000002,0.03844927838735581,0.0,0.0,0.14999999999999997,10
structural,clear,exposed,random,8,5,0.08,0.06573676311525133,0.0,0.0,0.14999999999999997,10
structural,clear,exposed,random,8,10,0.12000000000000002,0.03844927838735581,0.0,0.0,0.14999999999999997,10
structural,clear,exposed,random,8,25,0.146,0.030199774589374336,0.0,0.0,0.14999999999999997,10
structural,clear,exposed,recurrence,0,10,0.13999999999999999,0.040606963805363765,0.0,0.0,0.14999999999999997,10
structural,clear,exposed,recurrence,1,10,0.19,0.05791986290822425,0.0,0.0,0.14999999999999997,10
structural,clear,exposed,recurrence,2,10,0.45499999999999996,0.08506098645467265,0.37,0.07763444489843432,0.14999999999999997,10
structural,clear,exposed,recurrence,3,10,0.6749999999999999,0.06137541769047298,0.625,0.06584479402316086,0.14999999999999997,10
structural,clear,exposed,recurrence,4,10,0.7150000000000001,0.053452688346275846,0.7,0.05058337191929828,0.14999999999999997,10
structural,clear,exposed,recurrence,5,10,0.8400000000000001,0.06263629556878302,0.835,0.06320110677819656,0.14999999999999997,10
structural,clear,exposed,recurrence,6,10,0.79,0.06263629556878303,0.79,0.06263629556878303,0.14999999999999997,10
structural,clear,exposed,recurrence,7,10,0.875,0.06137541769047296,0.875,0.06137541769047296,0.14999999999999997,10
structural,clear,exposed,recurrence,8,5,1.0,0.0,1.0,0.0,0.14999999999999997,10
structural,clear,exposed,recurrence,8,10,0.9199999999999999,0.05889337416010379,0.9199999999999999,0.05889337416010379,0.14999999999999997,10
structural,clear,exposed,recurrence,8,25,0.5860000000000001,0.009656582238902242,0.556,0.018836222605448587,0.14999999999999997,10
structural,clear,exposed,similarity,0,10,0.40499999999999997,0.049013405195172145,0.0,0.0,0.14999999999999997,10
structural,clear,exposed,similarity,1,10,0.40499999999999997,0.049013405195172145,0.0,0.0,0.14999999999999997,10
structural,clear,exposed,similarity,2,10,0.40499999999999997,0.049013405195172145,0.0,0.0,0.14999999999999997,10
structural,clear,exposed,similarity,3,10,0.40499999999999997,0.049013405195172145,0.0,0.0,0.14999999999999997,10
structural,clear,exposed,similarity,4,10,0.40499999999999997,0.049013405195172145,0.0,0.0,0.14999999999999997,10
structural,clear,exposed,similarity,5,10,0.40499999999999997,0.049013405195172145,0.0,0.0,0.14999999999999997,10
structural,clear,exposed,similarity,6,10,0.40499999999999997,0.049013405195172145,0.0,0.0,0.14999999999999997,10
structural,clear,exposed,similarity,7,10,0.40499999999999997,0.049013405195172145,0.0,0.0,0.14999999999999997,10
structural,clear,exposed,similarity,8,5,0.43,0.05889337416010381,0.0,0.0,0.14999999999999997,10
structural,clear,exposed,similarity,8,10,0.40499999999999997,0.049013405195172145,0.0,0.0,0.14999999999999997,10
structural,clear,exposed,similarity,8,25,0.32599999999999996,0.04160292285358514,0.0,0.0,0.14999999999999997,10
structural,clear,exposed,value_profile,0,10,0.13999999999999999,0.040606963805363765,0.0,0.0,0.14999999999999997,10
structural,clear,exposed,value_profile,1,10,0.4699999999999999,0.02500908842000647,0.0,0.0,0.14999999999999997,10
structural,clear,exposed,value_profile,2,10,1.0,0.0,1.0,0.0,0.14999999999999997,10
structural,clear,exposed,value_profile,3,10,1.0,0.0,1.0,0.0,0.14999999999999997,10
structural,clear,exposed,value_profile,4,10,1.0,0.0,1.0,0.0,0.14999999999999997,10
structural,clear,exposed,value_profile,5,10,1.0,0.0,1.0,0.0,0.14999999999999997,10
structural,clear,exposed,value_profile,6,10,1.0,0.0,1.0,0.0,0.14999999999999997,10
structural,clear,exposed,value_profile,7,10,1.0,0.0,1.0,0.0,0.14999999999999997,10
structural,clear,exposed,value_profile,8,5,1.0,0.0,1.0,0.0,0.14999999999999997,10
structural,clear,exposed,value_profile,8,10,1.0,0.0,1.0,0.0,0.14999999999999997,10
structural,clear,exposed,value_profile,8,25,0.5999999999999999,8.371663225071135e-17,0.458,0.025637781179013126,0.14999999999999997,10
structural,clear,holdout,association_only,0,10,0.485,0.033932357442811485,0.0,0.0,0.14999999999999997,10
structural,clear,holdout,association_only,1,10,0.5,0.0,0.0,0.0,0.14999999999999997,10
structural,clear,holdout,association_only,2,10,1.0,0.0,1.0,0.0,0.14999999999999997,10
structural,clear,holdout,association_only,3,10,1.0,0.0,1.0,0.0,0.14999999999999997,10
structural,clear,holdout,association_only,4,10,1.0,0.0,1.0,0.0,0.14999999999999997,10
structural,clear,holdout,association_only,5,10,1.0,0.0,1.0,0.0,0.14999999999999997,10
structural,clear,holdout,association_only,6,10,1.0,0.0,1.0,0.0,0.14999999999999997,10
structural,clear,holdout,association_only,7,10,1.0,0.0,1.0,0.0,0.14999999999999997,10
structural,clear,holdout,association_only,8,5,1.0,0.0,1.0,0.0,0.14999999999999997,10
structural,clear,holdout,association_only,8,10,1.0,0.0,1.0,0.0,0.14999999999999997,10
structural,clear,holdout,association_only,8,25,0.5999999999999999,8.371663225071135e-17,0.32599999999999996,0.016589152527596726,0.14999999999999997,10
structural,clear,holdout,clustering,0,10,0.15999999999999998,0.040606963805363765,0.0,0.0,0.14999999999999997,10
structural,clear,holdout,clustering,1,10,0.15999999999999998,0.040606963805363765,0.0,0.0,0.14999999999999997,10
structural,clear,holdout,clustering,2,10,0.15999999999999998,0.040606963805363765,0.0,0.0,0.14999999999999997,10
structural,clear,holdout,clustering,3,10,0.15999999999999998,0.040606963805363765,0.0,0.0,0.14999999999999997,10
structural,clear,holdout,clustering,4,10,0.15999999999999998,0.040606963805363765,0.0,0.0,0.14999999999999997,10
structural,clear,holdout,clustering,5,10,0.15999999999999998,0.040606963805363765,0.0,0.0,0.14999999999999997,10
structural,clear,holdout,clustering,6,10,0.15999999999999998,0.040606963805363765,0.0,0.0,0.14999999999999997,10
structural,clear,holdout,clustering,7,10,0.15999999999999998,0.040606963805363765,0.0,0.0,0.14999999999999997,10
structural,clear,holdout,clustering,8,5,0.18000000000000002,0.05642811372291081,0.0,0.0,0.14999999999999997,10
structural,clear,holdout,clustering,8,10,0.15999999999999998,0.040606963805363765,0.0,0.0,0.14999999999999997,10
structural,clear,holdout,clustering,8,25,0.12600000000000003,0.016589152527596726,0.0,0.0,0.14999999999999997,10
structural,clear,holdout,competing_models,0,10,0.13999999999999999,0.040606963805363765,0.0,0.0,0.14999999999999997,10
structural,clear,holdout,competing_models,1,10,0.48,0.030162095504721324,0.0,0.0,0.14999999999999997,10
structural,clear,holdout,competing_models,2,10,1.0,0.0,1.0,0.0,0.14999999999999997,10
structural,clear,holdout,competing_models,3,10,1.0,0.0,1.0,0.0,0.14999999999999997,10
structural,clear,holdout,competing_models,4,10,1.0,0.0,1.0,0.0,0.14999999999999997,10
structural,clear,holdout,competing_models,5,10,1.0,0.0,1.0,0.0,0.14999999999999997,10
structural,clear,holdout,competing_models,6,10,1.0,0.0,1.0,0.0,0.14999999999999997,10
structural,clear,holdout,competing_models,7,10,1.0,0.0,1.0,0.0,0.14999999999999997,10
structural,clear,holdout,competing_models,8,5,1.0,0.0,1.0,0.0,0.14999999999999997,10
structural,clear,holdout,competing_models,8,10,1.0,0.0,1.0,0.0,0.14999999999999997,10
structural,clear,holdout,competing_models,8,25,0.5999999999999999,8.371663225071135e-17,0.5999999999999999,8.371663225071135e-17,0.14999999999999997,10
structural,clear,holdout,context_oracle,0,10,0.585,0.0585302049775716,0.585,0.0585302049775716,0.14999999999999997,10
structural,clear,holdout,context_oracle,1,10,0.585,0.056048973167046684,0.585,0.056048973167046684,0.14999999999999997,10
structural,clear,holdout,context_oracle,2,10,0.63,0.05889337416010378,0.63,0.05889337416010378,0.14999999999999997,10
structural,clear,holdout,context_oracle,3,10,0.57,0.05642811372291077,0.57,0.05642811372291077,0.14999999999999997,10
structural,clear,holdout,context_oracle,4,10,0.655,0.04602191203318151,0.655,0.04602191203318151,0.14999999999999997,10
structural,clear,holdout,context_oracle,5,10,0.575,0.05128110656114109,0.575,0.05128110656114109,0.14999999999999997,10
structural,clear,holdout,context_oracle,6,10,0.6200000000000001,0.06573676311525131,0.6200000000000001,0.06573676311525131,0.14999999999999997,10
structural,clear,holdout,context_oracle,7,10,0.6050000000000001,0.05450604454644074,0.6050000000000001,0.05450604454644074,0.14999999999999997,10
structural,clear,holdout,context_oracle,8,5,0.64,0.09048628651416393,0.64,0.09048628651416393,0.14999999999999997,10
structural,clear,holdout,context_oracle,8,10,0.605,0.07043430558720785,0.605,0.07043430558720785,0.14999999999999997,10
structural,clear,holdout,context_oracle,8,25,0.5999999999999999,8.371663225071135e-17,0.5999999999999999,8.371663225071135e-17,0.14999999999999997,10
structural,clear,holdout,delta_only,0,10,0.145,0.04602191203318153,0.0,0.0,0.14999999999999997,10
structural,clear,holdout,delta_only,1,10,0.185,0.0414728813189918,0.0,0.0,0.14999999999999997,10
structural,clear,holdout,delta_only,2,10,0.8150000000000001,0.06541159988584007,0.8150000000000001,0.06541159988584007,0.14999999999999997,10
structural,clear,holdout,delta_only,3,10,0.7700000000000001,0.06786471488562297,0.7700000000000001,0.06786471488562297,0.14999999999999997,10
structural,clear,holdout,delta_only,4,10,0.5399999999999999,0.06263629556878303,0.5399999999999999,0.06263629556878303,0.14999999999999997,10
structural,clear,holdout,delta_only,5,10,0.56,0.06911004288443635,0.56,0.06911004288443635,0.14999999999999997,10
structural,clear,holdout,delta_only,6,10,0.55,0.0653028523461527,0.545,0.06627515673523318,0.14999999999999997,10
structural,clear,holdout,delta_only,7,10,0.55,0.05592202176243729,0.545,0.05705441607566246,0.14999999999999997,10
structural,clear,holdout,delta_only,8,5,0.61,0.1281889058950656,0.6,0.13488899178479538,0.14999999999999997,10
structural,clear,holdout,delta_only,8,10,0.55,0.06308854906325866,0.53,0.08121392761072753,0.14999999999999997,10
structural,clear,holdout,delta_only,8,25,0.504,0.07382014976524513,0.43600000000000005,0.07351140667339612,0.14999999999999997,10
structural,clear,holdout,frequency,0,10,0.495,0.011310785814270504,0.0,0.0,0.14999999999999997,10
structural,clear,holdout,frequency,1,10,0.495,0.011310785814270504,0.0,0.0,0.14999999999999997,10
structural,clear,holdout,frequency,2,10,0.495,0.011310785814270504,0.0,0.0,0.14999999999999997,10
structural,clear,holdout,frequency,3,10,0.495,0.011310785814270504,0.0,0.0,0.14999999999999997,10
structural,clear,holdout,frequency,4,10,0.495,0.011310785814270504,0.0,0.0,0.14999999999999997,10
structural,clear,holdout,frequency,5,10,0.495,0.011310785814270504,0.0,0.0,0.14999999999999997,10
structural,clear,holdout,frequency,6,10,0.495,0.011310785814270504,0.0,0.0,0.14999999999999997,10
structural,clear,holdout,frequency,7,10,0.495,0.011310785814270504,0.0,0.0,0.14999999999999997,10
structural,clear,holdout,frequency,8,5,0.5,0.0,0.0,0.0,0.14999999999999997,10
structural,clear,holdout,frequency,8,10,0.495,0.011310785814270504,0.0,0.0,0.14999999999999997,10
structural,clear,holdout,frequency,8,25,0.28400000000000003,0.043080089260368264,0.0,0.0,0.14999999999999997,10
structural,clear,holdout,mdi,0,10,0.5,0.0,0.0,0.0,0.14999999999999997,10
structural,clear,holdout,mdi,1,10,0.5,0.0,0.0,0.0,0.14999999999999997,10
structural,clear,holdout,mdi,2,10,1.0,0.0,1.0,0.0,0.14999999999999997,10
structural,clear,holdout,mdi,3,10,1.0,0.0,1.0,0.0,0.14999999999999997,10
structural,clear,holdout,mdi,4,10,1.0,0.0,1.0,0.0,0.14999999999999997,10
structural,clear,holdout,mdi,5,10,1.0,0.0,1.0,0.0,0.14999999999999997,10
structural,clear,holdout,mdi,6,10,1.0,0.0,1.0,0.0,0.14999999999999997,10
structural,clear,holdout,mdi,7,10,1.0,0.0,1.0,0.0,0.14999999999999997,10
structural,clear,holdout,mdi,8,5,1.0,0.0,1.0,0.0,0.14999999999999997,10
structural,clear,holdout,mdi,8,10,1.0,0.0,1.0,0.0,0.14999999999999997,10
structural,clear,holdout,mdi,8,25,0.5999999999999999,8.371663225071135e-17,0.374,0.017907752004248476,0.14999999999999997,10
structural,clear,holdout,mdi_decay0,0,10,0.5,0.0,0.0,0.0,0.14999999999999997,10
structural,clear,holdout,mdi_decay0,1,10,0.5,0.0,0.0,0.0,0.14999999999999997,10
structural,clear,holdout,mdi_decay0,2,10,1.0,0.0,1.0,0.0,0.14999999999999997,10
structural,clear,holdout,mdi_decay0,3,10,1.0,0.0,1.0,0.0,0.14999999999999997,10
structural,clear,holdout,mdi_decay0,4,10,1.0,0.0,1.0,0.0,0.14999999999999997,10
structural,clear,holdout,mdi_decay0,5,10,1.0,0.0,1.0,0.0,0.14999999999999997,10
structural,clear,holdout,mdi_decay0,6,10,1.0,0.0,1.0,0.0,0.14999999999999997,10
structural,clear,holdout,mdi_decay0,7,10,1.0,0.0,1.0,0.0,0.14999999999999997,10
structural,clear,holdout,mdi_decay0,8,5,1.0,0.0,1.0,0.0,0.14999999999999997,10
structural,clear,holdout,mdi_decay0,8,10,1.0,0.0,1.0,0.0,0.14999999999999997,10
structural,clear,holdout,mdi_decay0,8,25,0.5999999999999999,8.371663225071135e-17,0.364,0.023167945163289707,0.14999999999999997,10
structural,clear,holdout,mdi_decay020,0,10,0.5,0.0,0.0,0.0,0.14999999999999997,10
structural,clear,holdout,mdi_decay020,1,10,0.5,0.0,0.0,0.0,0.14999999999999997,10
structural,clear,holdout,mdi_decay020,2,10,1.0,0.0,1.0,0.0,0.14999999999999997,10
structural,clear,holdout,mdi_decay020,3,10,1.0,0.0,1.0,0.0,0.14999999999999997,10
structural,clear,holdout,mdi_decay020,4,10,1.0,0.0,1.0,0.0,0.14999999999999997,10
structural,clear,holdout,mdi_decay020,5,10,0.9949999999999999,0.011310785814270504,0.99,0.022621571628541007,0.14999999999999997,10
structural,clear,holdout,mdi_decay020,6,10,1.0,0.0,1.0,0.0,0.14999999999999997,10
structural,clear,holdout,mdi_decay020,7,10,1.0,0.0,1.0,0.0,0.14999999999999997,10
structural,clear,holdout,mdi_decay020,8,5,1.0,0.0,1.0,0.0,0.14999999999999997,10
structural,clear,holdout,mdi_decay020,8,10,1.0,0.0,1.0,0.0,0.14999999999999997,10
structural,clear,holdout,mdi_decay020,8,25,0.5999999999999999,8.371663225071135e-17,0.366,0.01913570437970502,0.14999999999999997,10
structural,clear,holdout,mdi_no_novelty,0,10,0.5,0.0,0.0,0.0,0.14999999999999997,10
structural,clear,holdout,mdi_no_novelty,1,10,0.5,0.0,0.0,0.0,0.14999999999999997,10
structural,clear,holdout,mdi_no_novelty,2,10,1.0,0.0,1.0,0.0,0.14999999999999997,10
structural,clear,holdout,mdi_no_novelty,3,10,1.0,0.0,1.0,0.0,0.14999999999999997,10
structural,clear,holdout,mdi_no_novelty,4,10,1.0,0.0,1.0,0.0,0.14999999999999997,10
structural,clear,holdout,mdi_no_novelty,5,10,1.0,0.0,1.0,0.0,0.14999999999999997,10
structural,clear,holdout,mdi_no_novelty,6,10,1.0,0.0,1.0,0.0,0.14999999999999997,10
structural,clear,holdout,mdi_no_novelty,7,10,1.0,0.0,1.0,0.0,0.14999999999999997,10
structural,clear,holdout,mdi_no_novelty,8,5,1.0,0.0,1.0,0.0,0.14999999999999997,10
structural,clear,holdout,mdi_no_novelty,8,10,1.0,0.0,1.0,0.0,0.14999999999999997,10
structural,clear,holdout,mdi_no_novelty,8,25,0.5999999999999999,8.371663225071135e-17,0.39399999999999996,0.024364178283218248,0.14999999999999997,10
structural,clear,holdout,mdi_original,0,10,0.48,0.04524314325708196,0.0,0.0,0.14999999999999997,10
structural,clear,holdout,mdi_original,1,10,0.5,0.0,0.0,0.0,0.14999999999999997,10
structural,clear,holdout,mdi_original,2,10,0.9650000000000001,0.0585302049775716,0.93,0.11706040995514319,0.14999999999999997,10
structural,clear,holdout,mdi_original,3,10,1.0,0.0,1.0,0.0,0.14999999999999997,10
structural,clear,holdout,mdi_original,4,10,1.0,0.0,1.0,0.0,0.14999999999999997,10
structural,clear,holdout,mdi_original,5,10,1.0,0.0,1.0,0.0,0.14999999999999997,10
structural,clear,holdout,mdi_original,6,10,1.0,0.0,1.0,0.0,0.14999999999999997,10
structural,clear,holdout,mdi_original,7,10,1.0,0.0,1.0,0.0,0.14999999999999997,10
structural,clear,holdout,mdi_original,8,5,1.0,0.0,1.0,0.0,0.14999999999999997,10
structural,clear,holdout,mdi_original,8,10,1.0,0.0,1.0,0.0,0.14999999999999997,10
structural,clear,holdout,mdi_original,8,25,0.5999999999999999,8.371663225071135e-17,0.356,0.025946415626721713,0.14999999999999997,10
structural,clear,holdout,mdi_reset,0,10,0.5,0.0,0.0,0.0,0.14999999999999997,10
structural,clear,holdout,mdi_reset,1,10,0.5,0.0,0.0,0.0,0.14999999999999997,10
structural,clear,holdout,mdi_reset,2,10,0.5,0.0,0.0,0.0,0.14999999999999997,10
structural,clear,holdout,mdi_reset,3,10,0.5,0.0,0.0,0.0,0.14999999999999997,10
structural,clear,holdout,mdi_reset,4,10,0.5,0.0,0.0,0.0,0.14999999999999997,10
structural,clear,holdout,mdi_reset,5,10,0.5,0.0,0.0,0.0,0.14999999999999997,10
structural,clear,holdout,mdi_reset,6,10,0.5,0.0,0.0,0.0,0.14999999999999997,10
structural,clear,holdout,mdi_reset,7,10,0.5,0.0,0.0,0.0,0.14999999999999997,10
structural,clear,holdout,mdi_reset,8,5,0.5,0.0,0.0,0.0,0.14999999999999997,10
structural,clear,holdout,mdi_reset,8,10,0.5,0.0,0.0,0.0,0.14999999999999997,10
structural,clear,holdout,mdi_reset,8,25,0.48599999999999993,0.01913570437970502,0.0,0.0,0.14999999999999997,10
structural,clear,holdout,mdi_with_delta,0,10,0.5,0.0,0.0,0.0,0.14999999999999997,10
structural,clear,holdout,mdi_with_delta,1,10,0.5,0.0,0.0,0.0,0.14999999999999997,10
structural,clear,holdout,mdi_with_delta,2,10,1.0,0.0,1.0,0.0,0.14999999999999997,10
structural,clear,holdout,mdi_with_delta,3,10,1.0,0.0,1.0,0.0,0.14999999999999997,10
structural,clear,holdout,mdi_with_delta,4,10,0.9899999999999999,0.01508104775236067,0.9899999999999999,0.01508104775236067,0.14999999999999997,10
structural,clear,holdout,mdi_with_delta,5,10,1.0,0.0,1.0,0.0,0.14999999999999997,10
structural,clear,holdout,mdi_with_delta,6,10,1.0,0.0,1.0,0.0,0.14999999999999997,10
structural,clear,holdout,mdi_with_delta,7,10,0.985,0.024141455597255675,0.985,0.024141455597255675,0.14999999999999997,10
structural,clear,holdout,mdi_with_delta,8,5,1.0,0.0,1.0,0.0,0.14999999999999997,10
structural,clear,holdout,mdi_with_delta,8,10,0.9949999999999999,0.011310785814270504,0.9949999999999999,0.011310785814270504,0.14999999999999997,10
structural,clear,holdout,mdi_with_delta,8,25,0.5999999999999999,8.371663225071135e-17,0.47800000000000004,0.023797491953131664,0.14999999999999997,10
structural,clear,holdout,predicate_match,0,10,0.13999999999999999,0.040606963805363765,0.0,0.0,0.14999999999999997,10
structural,clear,holdout,predicate_match,1,10,0.25,0.06952019510772302,0.0,0.0,0.14999999999999997,10
structural,clear,holdout,predicate_match,2,10,0.61,0.06911004288443634,0.61,0.06911004288443634,0.14999999999999997,10
structural,clear,holdout,predicate_match,3,10,1.0,0.0,1.0,0.0,0.14999999999999997,10
structural,clear,holdout,predicate_match,4,10,0.7050000000000001,0.07043430558720787,0.7050000000000001,0.07043430558720787,0.14999999999999997,10
structural,clear,holdout,predicate_match,5,10,1.0,0.0,1.0,0.0,0.14999999999999997,10
structural,clear,holdout,predicate_match,6,10,1.0,0.0,1.0,0.0,0.14999999999999997,10
structural,clear,holdout,predicate_match,7,10,1.0,0.0,1.0,0.0,0.14999999999999997,10
structural,clear,holdout,predicate_match,8,5,1.0,0.0,1.0,0.0,0.14999999999999997,10
structural,clear,holdout,predicate_match,8,10,1.0,0.0,1.0,0.0,0.14999999999999997,10
structural,clear,holdout,predicate_match,8,25,0.5999999999999999,8.371663225071135e-17,0.5999999999999999,8.371663225071135e-17,0.14999999999999997,10
structural,clear,holdout,random,0,10,0.12000000000000002,0.03844927838735581,0.0,0.0,0.14999999999999997,10
structural,clear,holdout,random,1,10,0.12000000000000002,0.03844927838735581,0.0,0.0,0.14999999999999997,10
structural,clear,holdout,random,2,10,0.12000000000000002,0.03844927838735581,0.0,0.0,0.14999999999999997,10
structural,clear,holdout,random,3,10,0.12000000000000002,0.03844927838735581,0.0,0.0,0.14999999999999997,10
structural,clear,holdout,random,4,10,0.12000000000000002,0.03844927838735581,0.0,0.0,0.14999999999999997,10
structural,clear,holdout,random,5,10,0.12000000000000002,0.03844927838735581,0.0,0.0,0.14999999999999997,10
structural,clear,holdout,random,6,10,0.12000000000000002,0.03844927838735581,0.0,0.0,0.14999999999999997,10
structural,clear,holdout,random,7,10,0.12000000000000002,0.03844927838735581,0.0,0.0,0.14999999999999997,10
structural,clear,holdout,random,8,5,0.08,0.06573676311525133,0.0,0.0,0.14999999999999997,10
structural,clear,holdout,random,8,10,0.12000000000000002,0.03844927838735581,0.0,0.0,0.14999999999999997,10
structural,clear,holdout,random,8,25,0.146,0.030199774589374336,0.0,0.0,0.14999999999999997,10
structural,clear,holdout,recurrence,0,10,0.13999999999999999,0.040606963805363765,0.0,0.0,0.14999999999999997,10
structural,clear,holdout,recurrence,1,10,0.13999999999999999,0.040606963805363765,0.0,0.0,0.14999999999999997,10
structural,clear,holdout,recurrence,2,10,0.13999999999999999,0.040606963805363765,0.0,0.0,0.14999999999999997,10
structural,clear,holdout,recurrence,3,10,0.13999999999999999,0.040606963805363765,0.0,0.0,0.14999999999999997,10
structural,clear,holdout,recurrence,4,10,0.13999999999999999,0.040606963805363765,0.0,0.0,0.14999999999999997,10
structural,clear,holdout,recurrence,5,10,0.13999999999999999,0.040606963805363765,0.0,0.0,0.14999999999999997,10
structural,clear,holdout,recurrence,6,10,0.13999999999999999,0.040606963805363765,0.0,0.0,0.14999999999999997,10
structural,clear,holdout,recurrence,7,10,0.13999999999999999,0.040606963805363765,0.0,0.0,0.14999999999999997,10
structural,clear,holdout,recurrence,8,5,0.13999999999999999,0.06032419100944265,0.0,0.0,0.14999999999999997,10
structural,clear,holdout,recurrence,8,10,0.13999999999999999,0.040606963805363765,0.0,0.0,0.14999999999999997,10
structural,clear,holdout,recurrence,8,25,0.156,0.03803295529307615,0.0,0.0,0.14999999999999997,10
structural,clear,holdout,similarity,0,10,0.40499999999999997,0.049013405195172145,0.0,0.0,0.14999999999999997,10
structural,clear,holdout,similarity,1,10,0.40499999999999997,0.049013405195172145,0.0,0.0,0.14999999999999997,10
structural,clear,holdout,similarity,2,10,0.40499999999999997,0.049013405195172145,0.0,0.0,0.14999999999999997,10
structural,clear,holdout,similarity,3,10,0.40499999999999997,0.049013405195172145,0.0,0.0,0.14999999999999997,10
structural,clear,holdout,similarity,4,10,0.40499999999999997,0.049013405195172145,0.0,0.0,0.14999999999999997,10
structural,clear,holdout,similarity,5,10,0.40499999999999997,0.049013405195172145,0.0,0.0,0.14999999999999997,10
structural,clear,holdout,similarity,6,10,0.40499999999999997,0.049013405195172145,0.0,0.0,0.14999999999999997,10
structural,clear,holdout,similarity,7,10,0.40499999999999997,0.049013405195172145,0.0,0.0,0.14999999999999997,10
structural,clear,holdout,similarity,8,5,0.43,0.05889337416010381,0.0,0.0,0.14999999999999997,10
structural,clear,holdout,similarity,8,10,0.40499999999999997,0.049013405195172145,0.0,0.0,0.14999999999999997,10
structural,clear,holdout,similarity,8,25,0.32599999999999996,0.04160292285358514,0.0,0.0,0.14999999999999997,10
structural,clear,holdout,value_profile,0,10,0.13999999999999999,0.040606963805363765,0.0,0.0,0.14999999999999997,10
structural,clear,holdout,value_profile,1,10,0.43499999999999994,0.0560489731670467,0.0,0.0,0.14999999999999997,10
structural,clear,holdout,value_profile,2,10,1.0,0.0,1.0,0.0,0.14999999999999997,10
structural,clear,holdout,value_profile,3,10,1.0,0.0,1.0,0.0,0.14999999999999997,10
structural,clear,holdout,value_profile,4,10,1.0,0.0,1.0,0.0,0.14999999999999997,10
structural,clear,holdout,value_profile,5,10,1.0,0.0,1.0,0.0,0.14999999999999997,10
structural,clear,holdout,value_profile,6,10,1.0,0.0,1.0,0.0,0.14999999999999997,10
structural,clear,holdout,value_profile,7,10,1.0,0.0,1.0,0.0,0.14999999999999997,10
structural,clear,holdout,value_profile,8,5,1.0,0.0,1.0,0.0,0.14999999999999997,10
structural,clear,holdout,value_profile,8,10,1.0,0.0,1.0,0.0,0.14999999999999997,10
structural,clear,holdout,value_profile,8,25,0.5999999999999999,8.371663225071135e-17,0.446,0.02616463995433603,0.14999999999999997,10
structural,detour,exposed,association_only,0,10,0.485,0.033932357442811485,0.0,0.0,0.14999999999999997,10
structural,detour,exposed,association_only,1,10,0.5,0.0,0.0,0.0,0.14999999999999997,10
structural,detour,exposed,association_only,2,10,1.0,0.0,1.0,0.0,0.14999999999999997,10
structural,detour,exposed,association_only,3,10,1.0,0.0,1.0,0.0,0.14999999999999997,10
structural,detour,exposed,association_only,4,10,0.99,0.01508104775236067,0.9800000000000001,0.03016209550472134,0.14999999999999997,10
structural,detour,exposed,association_only,5,10,0.985,0.017277510721109102,0.97,0.034555021442218205,0.14999999999999997,10
structural,detour,exposed,association_only,6,10,1.0,0.0,1.0,0.0,0.14999999999999997,10
structural,detour,exposed,association_only,7,10,0.9099999999999999,0.047090556513621463,0.82,0.09418111302724294,0.14999999999999997,10
structural,detour,exposed,association_only,8,5,1.0,0.0,1.0,0.0,0.14999999999999997,10
structural,detour,exposed,association_only,8,10,0.95,0.033722247946198845,0.9,0.06744449589239768,0.14999999999999997,10
structural,detour,exposed,association_only,8,25,0.592,0.0073881743559661124,0.184,0.014776348711932267,0.14999999999999997,10
structural,detour,exposed,clustering,0,10,0.15999999999999998,0.040606963805363765,0.0,0.0,0.14999999999999997,10
structural,detour,exposed,clustering,1,10,0.15999999999999998,0.040606963805363765,0.0,0.0,0.14999999999999997,10
structural,detour,exposed,clustering,2,10,0.15999999999999998,0.040606963805363765,0.0,0.0,0.14999999999999997,10
structural,detour,exposed,clustering,3,10,0.15999999999999998,0.040606963805363765,0.0,0.0,0.14999999999999997,10
structural,detour,exposed,clustering,4,10,0.15999999999999998,0.040606963805363765,0.0,0.0,0.14999999999999997,10
structural,detour,exposed,clustering,5,10,0.15999999999999998,0.040606963805363765,0.0,0.0,0.14999999999999997,10
structural,detour,exposed,clustering,6,10,0.15999999999999998,0.040606963805363765,0.0,0.0,0.14999999999999997,10
structural,detour,exposed,clustering,7,10,0.15999999999999998,0.040606963805363765,0.0,0.0,0.14999999999999997,10
structural,detour,exposed,clustering,8,5,0.18000000000000002,0.05642811372291081,0.0,0.0,0.14999999999999997,10
structural,detour,exposed,clustering,8,10,0.15999999999999998,0.040606963805363765,0.0,0.0,0.14999999999999997,10
structural,detour,exposed,clustering,8,25,0.12600000000000003,0.016589152527596726,0.0,0.0,0.14999999999999997,10
structural,detour,exposed,competing_models,0,10,0.13999999999999999,0.040606963805363765,0.0,0.0,0.14999999999999997,10
structural,detour,exposed,competing_models,1,10,0.49000000000000005,0.015081047752360664,0.0,0.0,0.14999999999999997,10
structural,detour,exposed,competing_models,2,10,1.0,0.0,1.0,0.0,0.14999999999999997,10
structural,detour,exposed,competing_models,3,10,1.0,0.0,1.0,0.0,0.14999999999999997,10
structural,detour,exposed,competing_models,4,10,1.0,0.0,1.0,0.0,0.14999999999999997,10
structural,detour,exposed,competing_models,5,10,1.0,0.0,1.0,0.0,0.14999999999999997,10
structural,detour,exposed,competing_models,6,10,1.0,0.0,1.0,0.0,0.14999999999999997,10
structural,detour,exposed,competing_models,7,10,1.0,0.0,1.0,0.0,0.14999999999999997,10
structural,detour,exposed,competing_models,8,5,1.0,0.0,1.0,0.0,0.14999999999999997,10
structural,detour,exposed,competing_models,8,10,1.0,0.0,1.0,0.0,0.14999999999999997,10
structural,detour,exposed,competing_models,8,25,0.5999999999999999,8.371663225071135e-17,0.19999999999999996,0.0,0.14999999999999997,10
structural,detour,exposed,context_oracle,0,10,0.585,0.0585302049775716,0.585,0.0585302049775716,0.14999999999999997,10
structural,detour,exposed,context_oracle,1,10,0.585,0.056048973167046684,0.585,0.056048973167046684,0.14999999999999997,10
structural,detour,exposed,context_oracle,2,10,0.63,0.05889337416010378,0.63,0.05889337416010378,0.14999999999999997,10
structural,detour,exposed,context_oracle,3,10,0.57,0.05642811372291077,0.57,0.05642811372291077,0.14999999999999997,10
structural,detour,exposed,context_oracle,4,10,0.655,0.04602191203318151,0.655,0.04602191203318151,0.14999999999999997,10
structural,detour,exposed,context_oracle,5,10,0.575,0.05128110656114109,0.575,0.05128110656114109,0.14999999999999997,10
structural,detour,exposed,context_oracle,6,10,0.6200000000000001,0.06573676311525131,0.6200000000000001,0.06573676311525131,0.14999999999999997,10
structural,detour,exposed,context_oracle,7,10,0.6050000000000001,0.05450604454644074,0.6050000000000001,0.05450604454644074,0.14999999999999997,10
structural,detour,exposed,context_oracle,8,5,0.64,0.09048628651416393,0.64,0.09048628651416393,0.14999999999999997,10
structural,detour,exposed,context_oracle,8,10,0.605,0.07043430558720785,0.605,0.07043430558720785,0.14999999999999997,10
structural,detour,exposed,context_oracle,8,25,0.5999999999999999,8.371663225071135e-17,0.5999999999999999,8.371663225071135e-17,0.14999999999999997,10
structural,detour,exposed,delta_only,0,10,0.145,0.04602191203318153,0.0,0.0,0.14999999999999997,10
structural,detour,exposed,delta_only,1,10,0.215,0.058530204977571595,0.0,0.0,0.14999999999999997,10
structural,detour,exposed,delta_only,2,10,0.775,0.0911904705704476,0.775,0.0911904705704476,0.14999999999999997,10
structural,detour,exposed,delta_only,3,10,0.79,0.057919862908224276,0.79,0.057919862908224276,0.14999999999999997,10
structural,detour,exposed,delta_only,4,10,0.7849999999999999,0.05604897316704671,0.7849999999999999,0.05604897316704671,0.14999999999999997,10
structural,detour,exposed,delta_only,5,10,0.545,0.10039096788558363,0.54,0.10366506432665452,0.14999999999999997,10
structural,detour,exposed,delta_only,6,10,0.5549999999999999,0.10455256542961042,0.5449999999999999,0.09896488736601511,0.14999999999999997,10
structural,detour,exposed,delta_only,7,10,0.575,0.10151740951340939,0.5599999999999999,0.10228464234777962,0.14999999999999997,10
structural,detour,exposed,delta_only,8,5,0.69,0.12367378698830676,0.69,0.12367378698830676,0.14999999999999997,10
structural,detour,exposed,delta_only,8,10,0.5399999999999999,0.1063721794696427,0.515,0.11317067839644716,0.14999999999999997,10
structural,detour,exposed,delta_only,8,25,0.22800000000000004,0.04113561388552297,0.030000000000000006,0.020512442624456454,0.14999999999999997,10
structural,detour,exposed,frequency,0,10,0.495,0.011310785814270504,0.0,0.0,0.14999999999999997,10
structural,detour,exposed,frequency,1,10,0.495,0.011310785814270504,0.0,0.0,0.14999999999999997,10
structural,detour,exposed,frequency,2,10,0.495,0.011310785814270504,0.0,0.0,0.14999999999999997,10
structural,detour,exposed,frequency,3,10,0.495,0.011310785814270504,0.0,0.0,0.14999999999999997,10
structural,detour,exposed,frequency,4,10,0.495,0.011310785814270504,0.0,0.0,0.14999999999999997,10
structural,detour,exposed,frequency,5,10,0.495,0.011310785814270504,0.0,0.0,0.14999999999999997,10
structural,detour,exposed,frequency,6,10,0.495,0.011310785814270504,0.0,0.0,0.14999999999999997,10
structural,detour,exposed,frequency,7,10,0.495,0.011310785814270504,0.0,0.0,0.14999999999999997,10
structural,detour,exposed,frequency,8,5,0.5,0.0,0.0,0.0,0.14999999999999997,10
structural,detour,exposed,frequency,8,10,0.495,0.011310785814270504,0.0,0.0,0.14999999999999997,10
structural,detour,exposed,frequency,8,25,0.28400000000000003,0.043080089260368264,0.0,0.0,0.14999999999999997,10
structural,detour,exposed,mdi,0,10,0.5,0.0,0.0,0.0,0.14999999999999997,10
structural,detour,exposed,mdi,1,10,0.5,0.0,0.0,0.0,0.14999999999999997,10
structural,detour,exposed,mdi,2,10,0.9949999999999999,0.011310785814270504,0.99,0.022621571628541007,0.14999999999999997,10
structural,detour,exposed,mdi,3,10,0.9949999999999999,0.011310785814270504,0.99,0.022621571628541007,0.14999999999999997,10
structural,detour,exposed,mdi,4,10,0.9549999999999998,0.03936269025254043,0.9099999999999999,0.07872538050508089,0.14999999999999997,10
structural,detour,exposed,mdi,5,10,0.9649999999999999,0.024141455597255685,0.9299999999999999,0.04828291119451137,0.14999999999999997,10
structural,detour,exposed,mdi,6,10,0.9799999999999999,0.025009088420006473,0.96,0.050018176840012946,0.14999999999999997,10
structural,detour,exposed,mdi,7,10,0.915,0.04476938001062117,0.8300000000000001,0.08953876002124235,0.14999999999999997,10
structural,detour,exposed,mdi,8,5,0.9800000000000001,0.030162095504721306,0.96,0.06032419100944261,0.14999999999999997,10
structural,detour,exposed,mdi,8,10,0.9349999999999999,0.02414145559725566,0.8699999999999999,0.04828291119451132,0.14999999999999997,10
structural,detour,exposed,mdi,8,25,0.5999999999999999,8.371663225071135e-17,0.21399999999999997,0.01515626541474095,0.14999999999999997,10
structural,detour,exposed,mdi_decay0,0,10,0.5,0.0,0.0,0.0,0.14999999999999997,10
structural,detour,exposed,mdi_decay0,1,10,0.5,0.0,0.0,0.0,0.14999999999999997,10
structural,detour,exposed,mdi_decay0,2,10,0.9949999999999999,0.011310785814270504,0.99,0.022621571628541007,0.14999999999999997,10
structural,detour,exposed,mdi_decay0,3,10,0.9949999999999999,0.011310785814270504,0.99,0.022621571628541007,0.14999999999999997,10
structural,detour,exposed,mdi_decay0,4,10,0.9650000000000001,0.033932357442811464,0.93,0.06786471488562296,0.14999999999999997,10
structural,detour,exposed,mdi_decay0,5,10,0.99,0.01508104775236067,0.9800000000000001,0.03016209550472134,0.14999999999999997,10
structural,detour,exposed,mdi_decay0,6,10,0.985,0.017277510721109102,0.9700000000000001,0.03455502144221821,0.14999999999999997,10
structural,detour,exposed,mdi_decay0,7,10,0.925,0.04539996571433344,0.85,0.0907999314286669,0.14999999999999997,10
structural,detour,exposed,mdi_decay0,8,5,0.99,0.02262157162854098,0.9800000000000001,0.045243143257081966,0.14999999999999997,10
structural,detour,exposed,mdi_decay0,8,10,0.945,0.02639183356663114,0.8899999999999999,0.05278366713326228,0.14999999999999997,10
structural,detour,exposed,mdi_decay0,8,25,0.5999999999999999,8.371663225071135e-17,0.21599999999999997,0.014776348711932305,0.14999999999999997,10
structural,detour,exposed,mdi_decay020,0,10,0.5,0.0,0.0,0.0,0.14999999999999997,10
structural,detour,exposed,mdi_decay020,1,10,0.5,0.0,0.0,0.0,0.14999999999999997,10
structural,detour,exposed,mdi_decay020,2,10,1.0,0.0,1.0,0.0,0.14999999999999997,10
structural,detour,exposed,mdi_decay020,3,10,0.99,0.01508104775236067,0.9800000000000001,0.03016209550472134,0.14999999999999997,10
structural,detour,exposed,mdi_decay020,4,10,0.925,0.048429891477256896,0.85,0.09685978295451382,0.14999999999999997,10
structural,detour,exposed,mdi_decay020,5,10,0.9400000000000001,0.04396843198393991,0.8799999999999999,0.08793686396787982,0.14999999999999997,10
structural,detour,exposed,mdi_decay020,6,10,0.975,0.02529168595964914,0.95,0.05058337191929828,0.14999999999999997,10
structural,detour,exposed,mdi_decay020,7,10,0.8150000000000001,0.056048973167046705,0.6300000000000001,0.1120979463340934,0.14999999999999997,10
structural,detour,exposed,mdi_decay020,8,5,0.9400000000000001,0.03694087177983073,0.8800000000000001,0.07388174355966146,0.14999999999999997,10
structural,detour,exposed,mdi_decay020,8,10,0.8700000000000001,0.030162095504721292,0.74,0.060324191009442606,0.14999999999999997,10
structural,detour,exposed,mdi_decay020,8,25,0.5959999999999999,0.006032419100944235,0.20400000000000001,0.02000727073600517,0.14999999999999997,10
structural,detour,exposed,mdi_no_novelty,0,10,0.5,0.0,0.0,0.0,0.14999999999999997,10
structural,detour,exposed,mdi_no_novelty,1,10,0.5,0.0,0.0,0.0,0.14999999999999997,10
structural,detour,exposed,mdi_no_novelty,2,10,1.0,0.0,1.0,0.0,0.14999999999999997,10
structural,detour,exposed,mdi_no_novelty,3,10,1.0,0.0,1.0,0.0,0.14999999999999997,10
structural,detour,exposed,mdi_no_novelty,4,10,1.0,0.0,1.0,0.0,0.14999999999999997,10
structural,detour,exposed,mdi_no_novelty,5,10,0.9949999999999999,0.011310785814270504,0.99,0.022621571628541007,0.14999999999999997,10
structural,detour,exposed,mdi_no_novelty,6,10,1.0,0.0,1.0,0.0,0.14999999999999997,10
structural,detour,exposed,mdi_no_novelty,7,10,0.9949999999999999,0.011310785814270504,0.99,0.022621571628541007,0.14999999999999997,10
structural,detour,exposed,mdi_no_novelty,8,5,1.0,0.0,1.0,0.0,0.14999999999999997,10
structural,detour,exposed,mdi_no_novelty,8,10,0.9949999999999999,0.011310785814270504,0.99,0.022621571628541007,0.14999999999999997,10
structural,detour,exposed,mdi_no_novelty,8,25,0.5999999999999999,8.371663225071135e-17,0.19999999999999996,0.0,0.14999999999999997,10
structural,detour,exposed,mdi_original,0,10,0.48,0.04524314325708196,0.0,0.0,0.14999999999999997,10
structural,detour,exposed,mdi_original,1,10,0.5,0.0,0.0,0.0,0.14999999999999997,10
structural,detour,exposed,mdi_original,2,10,0.9800000000000001,0.045243143257081966,0.96,0.09048628651416392,0.14999999999999997,10
structural,detour,exposed,mdi_original,3,10,0.99,0.02262157162854098,0.9800000000000001,0.045243143257081966,0.14999999999999997,10
structural,detour,exposed,mdi_original,4,10,0.8149999999999998,0.08268829974277671,0.63,0.16537659948555342,0.14999999999999997,10
structural,detour,exposed,mdi_original,5,10,0.905,0.05183253216332725,0.8099999999999999,0.1036650643266545,0.14999999999999997,10
structural,detour,exposed,mdi_original,6,10,0.96,0.04709055651362147,0.9200000000000002,0.09418111302724294,0.14999999999999997,10
structural,detour,exposed,mdi_original,7,10,0.78,0.07388174355966151,0.5599999999999999,0.14776348711932297,0.14999999999999997,10
structural,detour,exposed,mdi_original,8,5,1.0,0.0,1.0,0.0,0.14999999999999997,10
structural,detour,exposed,mdi_original,8,10,0.8699999999999999,0.07193201324708877,0.74,0.14386402649417748,0.14999999999999997,10
structural,detour,exposed,mdi_original,8,25,0.558,0.012527259113756614,0.12200000000000007,0.0218024178185763,0.14999999999999997,10
structural,detour,exposed,mdi_reset,0,10,0.5,0.0,0.0,0.0,0.14999999999999997,10
structural,detour,exposed,mdi_reset,1,10,0.5,0.0,0.0,0.0,0.14999999999999997,10
structural,detour,exposed,mdi_reset,2,10,0.5,0.0,0.0,0.0,0.14999999999999997,10
structural,detour,exposed,mdi_reset,3,10,0.5,0.0,0.0,0.0,0.14999999999999997,10
structural,detour,exposed,mdi_reset,4,10,0.5,0.0,0.0,0.0,0.14999999999999997,10
structural,detour,exposed,mdi_reset,5,10,0.5,0.0,0.0,0.0,0.14999999999999997,10
structural,detour,exposed,mdi_reset,6,10,0.5,0.0,0.0,0.0,0.14999999999999997,10
structural,detour,exposed,mdi_reset,7,10,0.5,0.0,0.0,0.0,0.14999999999999997,10
structural,detour,exposed,mdi_reset,8,5,0.5,0.0,0.0,0.0,0.14999999999999997,10
structural,detour,exposed,mdi_reset,8,10,0.5,0.0,0.0,0.0,0.14999999999999997,10
structural,detour,exposed,mdi_reset,8,25,0.48599999999999993,0.01913570437970502,0.0,0.0,0.14999999999999997,10
structural,detour,exposed,mdi_with_delta,0,10,0.5,0.0,0.0,0.0,0.14999999999999997,10
structural,detour,exposed,mdi_with_delta,1,10,0.5,0.0,0.0,0.0,0.14999999999999997,10
structural,detour,exposed,mdi_with_delta,2,10,1.0,0.0,1.0,0.0,0.14999999999999997,10
structural,detour,exposed,mdi_with_delta,3,10,1.0,0.0,1.0,0.0,0.14999999999999997,10
structural,detour,exposed,mdi_with_delta,4,10,1.0,0.0,1.0,0.0,0.14999999999999997,10
structural,detour,exposed,mdi_with_delta,5,10,0.9400000000000001,0.02262157162854097,0.8800000000000001,0.04524314325708194,0.14999999999999997,10
structural,detour,exposed,mdi_with_delta,6,10,0.9799999999999999,0.025009088420006473,0.96,0.050018176840012946,0.14999999999999997,10
structural,detour,exposed,mdi_with_delta,7,10,0.95,0.03372224794619884,0.9,0.06744449589239768,0.14999999999999997,10
structural,detour,exposed,mdi_with_delta,8,5,0.89,0.07113715997370754,0.78,0.14227431994741507,0.14999999999999997,10
structural,detour,exposed,mdi_with_delta,8,10,0.6950000000000001,0.03556857998685378,0.38999999999999996,0.07113715997370756,0.14999999999999997,10
structural,detour,exposed,mdi_with_delta,8,25,0.588,0.0153797113549423,0.346,0.04160292285358514,0.14999999999999997,10
structural,detour,exposed,predicate_match,0,10,0.13999999999999999,0.040606963805363765,0.0,0.0,0.14999999999999997,10
structural,detour,exposed,predicate_match,1,10,0.25,0.06952019510772302,0.0,0.0,0.14999999999999997,10
structural,detour,exposed,predicate_match,2,10,0.61,0.06911004288443634,0.61,0.06911004288443634,0.14999999999999997,10
structural,detour,exposed,predicate_match,3,10,1.0,0.0,1.0,0.0,0.14999999999999997,10
structural,detour,exposed,predicate_match,4,10,1.0,0.0,1.0,0.0,0.14999999999999997,10
structural,detour,exposed,predicate_match,5,10,1.0,0.0,1.0,0.0,0.14999999999999997,10
structural,detour,exposed,predicate_match,6,10,1.0,0.0,1.0,0.0,0.14999999999999997,10
structural,detour,exposed,predicate_match,7,10,1.0,0.0,1.0,0.0,0.14999999999999997,10
structural,detour,exposed,predicate_match,8,5,1.0,0.0,1.0,0.0,0.14999999999999997,10
structural,detour,exposed,predicate_match,8,10,1.0,0.0,1.0,0.0,0.14999999999999997,10
structural,detour,exposed,predicate_match,8,25,0.5999999999999999,8.371663225071135e-17,0.29999999999999993,0.030906950763505067,0.14999999999999997,10
structural,detour,exposed,random,0,10,0.12000000000000002,0.03844927838735581,0.0,0.0,0.14999999999999997,10
structural,detour,exposed,random,1,10,0.12000000000000002,0.03844927838735581,0.0,0.0,0.14999999999999997,10
structural,detour,exposed,random,2,10,0.12000000000000002,0.03844927838735581,0.0,0.0,0.14999999999999997,10
structural,detour,exposed,random,3,10,0.12000000000000002,0.03844927838735581,0.0,0.0,0.14999999999999997,10
structural,detour,exposed,random,4,10,0.12000000000000002,0.03844927838735581,0.0,0.0,0.14999999999999997,10
structural,detour,exposed,random,5,10,0.12000000000000002,0.03844927838735581,0.0,0.0,0.14999999999999997,10
structural,detour,exposed,random,6,10,0.12000000000000002,0.03844927838735581,0.0,0.0,0.14999999999999997,10
structural,detour,exposed,random,7,10,0.12000000000000002,0.03844927838735581,0.0,0.0,0.14999999999999997,10
structural,detour,exposed,random,8,5,0.08,0.06573676311525133,0.0,0.0,0.14999999999999997,10
structural,detour,exposed,random,8,10,0.12000000000000002,0.03844927838735581,0.0,0.0,0.14999999999999997,10
structural,detour,exposed,random,8,25,0.146,0.030199774589374336,0.0,0.0,0.14999999999999997,10
structural,detour,exposed,recurrence,0,10,0.13999999999999999,0.040606963805363765,0.0,0.0,0.14999999999999997,10
structural,detour,exposed,recurrence,1,10,0.19,0.040606963805363765,0.0,0.0,0.14999999999999997,10
structural,detour,exposed,recurrence,2,10,0.52,0.0829457626379836,0.45,0.09387876517468188,0.14999999999999997,10
structural,detour,exposed,recurrence,3,10,0.7300000000000001,0.09418111302724298,0.7,0.10796387158251299,0.14999999999999997,10
structural,detour,exposed,recurrence,4,10,0.5900000000000001,0.06486603906680426,0.4,0.10529768546275313,0.14999999999999997,10
structural,detour,exposed,recurrence,5,10,0.73,0.06992794168387287,0.6000000000000001,0.13801424785009436,0.14999999999999997,10
structural,detour,exposed,recurrence,6,10,0.76,0.04709055651362152,0.7100000000000001,0.07689855677471162,0.14999999999999997,10
structural,detour,exposed,recurrence,7,10,0.6799999999999999,0.06786471488562296,0.49000000000000005,0.13147352623050262,0.14999999999999997,10
structural,detour,exposed,recurrence,8,5,0.9199999999999999,0.08793686396787985,0.85,0.17603530236389764,0.14999999999999997,10
structural,detour,exposed,recurrence,8,10,0.745,0.07043430558720787,0.61,0.12135324711253759,0.14999999999999997,10
structural,detour,exposed,recurrence,8,25,0.476,0.026808656887960365,0.23399999999999999,0.047714299671093516,0.14999999999999997,10
structural,detour,exposed,similarity,0,10,0.40499999999999997,0.049013405195172145,0.0,0.0,0.14999999999999997,10
structural,detour,exposed,similarity,1,10,0.40499999999999997,0.049013405195172145,0.0,0.0,0.14999999999999997,10
structural,detour,exposed,similarity,2,10,0.40499999999999997,0.049013405195172145,0.0,0.0,0.14999999999999997,10
structural,detour,exposed,similarity,3,10,0.40499999999999997,0.049013405195172145,0.0,0.0,0.14999999999999997,10
structural,detour,exposed,similarity,4,10,0.40499999999999997,0.049013405195172145,0.0,0.0,0.14999999999999997,10
structural,detour,exposed,similarity,5,10,0.40499999999999997,0.049013405195172145,0.0,0.0,0.14999999999999997,10
structural,detour,exposed,similarity,6,10,0.40499999999999997,0.049013405195172145,0.0,0.0,0.14999999999999997,10
structural,detour,exposed,similarity,7,10,0.40499999999999997,0.049013405195172145,0.0,0.0,0.14999999999999997,10
structural,detour,exposed,similarity,8,5,0.43,0.05889337416010381,0.0,0.0,0.14999999999999997,10
structural,detour,exposed,similarity,8,10,0.40499999999999997,0.049013405195172145,0.0,0.0,0.14999999999999997,10
structural,detour,exposed,similarity,8,25,0.32599999999999996,0.04160292285358514,0.0,0.0,0.14999999999999997,10
structural,detour,exposed,value_profile,0,10,0.13999999999999999,0.040606963805363765,0.0,0.0,0.14999999999999997,10
structural,detour,exposed,value_profile,1,10,0.485,0.024141455597255678,0.0,0.0,0.14999999999999997,10
structural,detour,exposed,value_profile,2,10,1.0,0.0,1.0,0.0,0.14999999999999997,10
structural,detour,exposed,value_profile,3,10,1.0,0.0,1.0,0.0,0.14999999999999997,10
structural,detour,exposed,value_profile,4,10,1.0,0.0,1.0,0.0,0.14999999999999997,10
structural,detour,exposed,value_profile,5,10,1.0,0.0,1.0,0.0,0.14999999999999997,10
structural,detour,exposed,value_profile,6,10,1.0,0.0,1.0,0.0,0.14999999999999997,10
structural,detour,exposed,value_profile,7,10,1.0,0.0,1.0,0.0,0.14999999999999997,10
structural,detour,exposed,value_profile,8,5,1.0,0.0,1.0,0.0,0.14999999999999997,10
structural,detour,exposed,value_profile,8,10,1.0,0.0,1.0,0.0,0.14999999999999997,10
structural,detour,exposed,value_profile,8,25,0.5999999999999999,8.371663225071135e-17,0.19999999999999996,0.0,0.14999999999999997,10
structural,detour,holdout,association_only,0,10,0.485,0.033932357442811485,0.0,0.0,0.14999999999999997,10
structural,detour,holdout,association_only,1,10,0.5,0.0,0.0,0.0,0.14999999999999997,10
structural,detour,holdout,association_only,2,10,1.0,0.0,1.0,0.0,0.14999999999999997,10
structural,detour,holdout,association_only,3,10,1.0,0.0,1.0,0.0,0.14999999999999997,10
structural,detour,holdout,association_only,4,10,0.97,0.025009088420006473,0.9400000000000001,0.050018176840012946,0.14999999999999997,10
structural,detour,holdout,association_only,5,10,0.9949999999999999,0.011310785814270504,0.99,0.022621571628541007,0.14999999999999997,10
structural,detour,holdout,association_only,6,10,1.0,0.0,1.0,0.0,0.14999999999999997,10
structural,detour,holdout,association_only,7,10,0.9299999999999999,0.03844927838735578,0.86,0.07689855677471158,0.14999999999999997,10
structural,detour,holdout,association_only,8,5,1.0,0.0,1.0,0.0,0.14999999999999997,10
structural,detour,holdout,association_only,8,10,0.9549999999999998,0.020303481902681882,0.9099999999999999,0.040606963805363765,0.14999999999999997,10
structural,detour,holdout,association_only,8,25,0.5900000000000001,0.010116674383859625,0.18,0.02023334876771928,0.14999999999999997,10
structural,detour,holdout,clustering,0,10,0.15999999999999998,0.040606963805363765,0.0,0.0,0.14999999999999997,10
structural,detour,holdout,clustering,1,10,0.15999999999999998,0.040606963805363765,0.0,0.0,0.14999999999999997,10
structural,detour,holdout,clustering,2,10,0.15999999999999998,0.040606963805363765,0.0,0.0,0.14999999999999997,10
structural,detour,holdout,clustering,3,10,0.15999999999999998,0.040606963805363765,0.0,0.0,0.14999999999999997,10
structural,detour,holdout,clustering,4,10,0.15999999999999998,0.040606963805363765,0.0,0.0,0.14999999999999997,10
structural,detour,holdout,clustering,5,10,0.15999999999999998,0.040606963805363765,0.0,0.0,0.14999999999999997,10
structural,detour,holdout,clustering,6,10,0.15999999999999998,0.040606963805363765,0.0,0.0,0.14999999999999997,10
structural,detour,holdout,clustering,7,10,0.15999999999999998,0.040606963805363765,0.0,0.0,0.14999999999999997,10
structural,detour,holdout,clustering,8,5,0.18000000000000002,0.05642811372291081,0.0,0.0,0.14999999999999997,10
structural,detour,holdout,clustering,8,10,0.15999999999999998,0.040606963805363765,0.0,0.0,0.14999999999999997,10
structural,detour,holdout,clustering,8,25,0.12600000000000003,0.016589152527596726,0.0,0.0,0.14999999999999997,10
structural,detour,holdout,competing_models,0,10,0.13999999999999999,0.040606963805363765,0.0,0.0,0.14999999999999997,10
structural,detour,holdout,competing_models,1,10,0.48,0.030162095504721324,0.0,0.0,0.14999999999999997,10
structural,detour,holdout,competing_models,2,10,1.0,0.0,1.0,0.0,0.14999999999999997,10
structural,detour,holdout,competing_models,3,10,1.0,0.0,1.0,0.0,0.14999999999999997,10
structural,detour,holdout,competing_models,4,10,1.0,0.0,1.0,0.0,0.14999999999999997,10
structural,detour,holdout,competing_models,5,10,1.0,0.0,1.0,0.0,0.14999999999999997,10
structural,detour,holdout,competing_models,6,10,1.0,0.0,1.0,0.0,0.14999999999999997,10
structural,detour,holdout,competing_models,7,10,1.0,0.0,1.0,0.0,0.14999999999999997,10
structural,detour,holdout,competing_models,8,5,1.0,0.0,1.0,0.0,0.14999999999999997,10
structural,detour,holdout,competing_models,8,10,1.0,0.0,1.0,0.0,0.14999999999999997,10
structural,detour,holdout,competing_models,8,25,0.5999999999999999,8.371663225071135e-17,0.19999999999999996,0.0,0.14999999999999997,10
structural,detour,holdout,context_oracle,0,10,0.585,0.0585302049775716,0.585,0.0585302049775716,0.14999999999999997,10
structural,detour,holdout,context_oracle,1,10,0.585,0.056048973167046684,0.585,0.056048973167046684,0.14999999999999997,10
structural,detour,holdout,context_oracle,2,10,0.63,0.05889337416010378,0.63,0.05889337416010378,0.14999999999999997,10
structural,detour,holdout,context_oracle,3,10,0.57,0.05642811372291077,0.57,0.05642811372291077,0.14999999999999997,10
structural,detour,holdout,context_oracle,4,10,0.655,0.04602191203318151,0.655,0.04602191203318151,0.14999999999999997,10
structural,detour,holdout,context_oracle,5,10,0.575,0.05128110656114109,0.575,0.05128110656114109,0.14999999999999997,10
structural,detour,holdout,context_oracle,6,10,0.6200000000000001,0.06573676311525131,0.6200000000000001,0.06573676311525131,0.14999999999999997,10
structural,detour,holdout,context_oracle,7,10,0.6050000000000001,0.05450604454644074,0.6050000000000001,0.05450604454644074,0.14999999999999997,10
structural,detour,holdout,context_oracle,8,5,0.64,0.09048628651416393,0.64,0.09048628651416393,0.14999999999999997,10
structural,detour,holdout,context_oracle,8,10,0.605,0.07043430558720785,0.605,0.07043430558720785,0.14999999999999997,10
structural,detour,holdout,context_oracle,8,25,0.5999999999999999,8.371663225071135e-17,0.5999999999999999,8.371663225071135e-17,0.14999999999999997,10
structural,detour,holdout,delta_only,0,10,0.145,0.04602191203318153,0.0,0.0,0.14999999999999997,10
structural,detour,holdout,delta_only,1,10,0.205,0.059493729882829166,0.0,0.0,0.14999999999999997,10
structural,detour,holdout,delta_only,2,10,0.775,0.08472609938097445,0.775,0.08472609938097445,0.14999999999999997,10
structural,detour,holdout,delta_only,3,10,0.7700000000000001,0.1146060407465232,0.7700000000000001,0.1146060407465232,0.14999999999999997,10
structural,detour,holdout,delta_only,4,10,0.78,0.07944434867455497,0.78,0.07944434867455497,0.14999999999999997,10
structural,detour,holdout,delta_only,5,10,0.595,0.10318401734899035,0.5850000000000002,0.11190757323378898,0.14999999999999997,10
structural,detour,holdout,delta_only,6,10,0.5599999999999999,0.10502734436081705,0.5349999999999999,0.10536516235879254,0.14999999999999997,10
structural,detour,holdout,delta_only,7,10,0.64,0.09508238823269037,0.62,0.10690537669255168,0.14999999999999997,10
structural,detour,holdout,delta_only,8,5,0.71,0.13677271514327632,0.71,0.13677271514327632,0.14999999999999997,10
structural,detour,holdout,delta_only,8,10,0.5149999999999999,0.11063004766083949,0.45999999999999996,0.12481787968742818,0.14999999999999997,10
structural,detour,holdout,delta_only,8,25,0.22200000000000003,0.03958595494640605,0.020000000000000007,0.024317458818786036,0.14999999999999997,10
structural,detour,holdout,frequency,0,10,0.495,0.011310785814270504,0.0,0.0,0.14999999999999997,10
structural,detour,holdout,frequency,1,10,0.495,0.011310785814270504,0.0,0.0,0.14999999999999997,10
structural,detour,holdout,frequency,2,10,0.495,0.011310785814270504,0.0,0.0,0.14999999999999997,10
structural,detour,holdout,frequency,3,10,0.495,0.011310785814270504,0.0,0.0,0.14999999999999997,10
structural,detour,holdout,frequency,4,10,0.495,0.011310785814270504,0.0,0.0,0.14999999999999997,10
structural,detour,holdout,frequency,5,10,0.495,0.011310785814270504,0.0,0.0,0.14999999999999997,10
structural,detour,holdout,frequency,6,10,0.495,0.011310785814270504,0.0,0.0,0.14999999999999997,10
structural,detour,holdout,frequency,7,10,0.495,0.011310785814270504,0.0,0.0,0.14999999999999997,10
structural,detour,holdout,frequency,8,5,0.5,0.0,0.0,0.0,0.14999999999999997,10
structural,detour,holdout,frequency,8,10,0.495,0.011310785814270504,0.0,0.0,0.14999999999999997,10
structural,detour,holdout,frequency,8,25,0.28400000000000003,0.043080089260368264,0.0,0.0,0.14999999999999997,10
structural,detour,holdout,mdi,0,10,0.5,0.0,0.0,0.0,0.14999999999999997,10
structural,detour,holdout,mdi,1,10,0.5,0.0,0.0,0.0,0.14999999999999997,10
structural,detour,holdout,mdi,2,10,0.9949999999999999,0.011310785814270504,0.99,0.022621571628541007,0.14999999999999997,10
structural,detour,holdout,mdi,3,10,1.0,0.0,1.0,0.0,0.14999999999999997,10
structural,detour,holdout,mdi,4,10,0.975,0.02529168595964914,0.95,0.05058337191929828,0.14999999999999997,10
structural,detour,holdout,mdi,5,10,1.0,0.0,1.0,0.0,0.14999999999999997,10
structural,detour,holdout,mdi,6,10,1.0,0.0,1.0,0.0,0.14999999999999997,10
structural,detour,holdout,mdi,7,10,0.985,0.017277510721109102,0.9700000000000001,0.03455502144221821,0.14999999999999997,10
structural,detour,holdout,mdi,8,5,1.0,0.0,1.0,0.0,0.14999999999999997,10
structural,detour,holdout,mdi,8,10,0.9949999999999999,0.011310785814270504,0.99,0.022621571628541007,0.14999999999999997,10
structural,detour,holdout,mdi,8,25,0.5979999999999999,0.004524314325708177,0.21399999999999997,0.013572942977124589,0.14999999999999997,10
structural,detour,holdout,mdi_decay0,0,10,0.5,0.0,0.0,0.0,0.14999999999999997,10
structural,detour,holdout,mdi_decay0,1,10,0.5,0.0,0.0,0.0,0.14999999999999997,10
structural,detour,holdout,mdi_decay0,2,10,0.9949999999999999,0.011310785814270504,0.99,0.022621571628541007,0.14999999999999997,10
structural,detour,holdout,mdi_decay0,3,10,1.0,0.0,1.0,0.0,0.14999999999999997,10
structural,detour,holdout,mdi_decay0,4,10,0.9949999999999999,0.011310785814270504,0.99,0.022621571628541007,0.14999999999999997,10
structural,detour,holdout,mdi_decay0,5,10,1.0,0.0,1.0,0.0,0.14999999999999997,10
structural,detour,holdout,mdi_decay0,6,10,1.0,0.0,1.0,0.0,0.14999999999999997,10
structural,detour,holdout,mdi_decay0,7,10,0.99,0.01508104775236067,0.9800000000000001,0.03016209550472134,0.14999999999999997,10
structural,detour,holdout,mdi_decay0,8,5,1.0,0.0,1.0,0.0,0.14999999999999997,10
structural,detour,holdout,mdi_decay0,8,10,0.9949999999999999,0.011310785814270504,0.99,0.022621571628541007,0.14999999999999997,10
structural,detour,holdout,mdi_decay0,8,25,0.5979999999999999,0.004524314325708177,0.21599999999999997,0.014776348711932293,0.14999999999999997,10
structural,detour,holdout,mdi_decay020,0,10,0.5,0.0,0.0,0.0,0.14999999999999997,10
structural,detour,holdout,mdi_decay020,1,10,0.5,0.0,0.0,0.0,0.14999999999999997,10
structural,detour,holdout,mdi_decay020,2,10,0.9949999999999999,0.011310785814270504,0.99,0.022621571628541007,0.14999999999999997,10
structural,detour,holdout,mdi_decay020,3,10,1.0,0.0,1.0,0.0,0.14999999999999997,10
structural,detour,holdout,mdi_decay020,4,10,0.9399999999999998,0.032868381557625635,0.8799999999999999,0.0657367631152513,0.14999999999999997,10
structural,detour,holdout,mdi_decay020,5,10,0.9800000000000001,0.025009088420006473,0.9600000000000002,0.050018176840012946,0.14999999999999997,10
structural,detour,holdout,mdi_decay020,6,10,1.0,0.0,1.0,0.0,0.14999999999999997,10
structural,detour,holdout,mdi_decay020,7,10,0.865,0.04783926094926253,0.7300000000000001,0.09567852189852506,0.14999999999999997,10
structural,detour,holdout,mdi_decay020,8,5,1.0,0.0,1.0,0.0,0.14999999999999997,10
structural,detour,holdout,mdi_decay020,8,10,0.97,0.03016209550472131,0.9400000000000001,0.06032419100944264,0.14999999999999997,10
structural,detour,holdout,mdi_decay020,8,25,0.5959999999999999,0.006032419100944235,0.20800000000000002,0.018097257302832778,0.14999999999999997,10
structural,detour,holdout,mdi_no_novelty,0,10,0.5,0.0,0.0,0.0,0.14999999999999997,10
structural,detour,holdout,mdi_no_novelty,1,10,0.5,0.0,0.0,0.0,0.14999999999999997,10
structural,detour,holdout,mdi_no_novelty,2,10,1.0,0.0,1.0,0.0,0.14999999999999997,10
structural,detour,holdout,mdi_no_novelty,3,10,1.0,0.0,1.0,0.0,0.14999999999999997,10
structural,detour,holdout,mdi_no_novelty,4,10,1.0,0.0,1.0,0.0,0.14999999999999997,10
structural,detour,holdout,mdi_no_novelty,5,10,1.0,0.0,1.0,0.0,0.14999999999999997,10
structural,detour,holdout,mdi_no_novelty,6,10,1.0,0.0,1.0,0.0,0.14999999999999997,10
structural,detour,holdout,mdi_no_novelty,7,10,0.985,0.017277510721109102,0.9700000000000001,0.03455502144221821,0.14999999999999997,10
structural,detour,holdout,mdi_no_novelty,8,5,1.0,0.0,1.0,0.0,0.14999999999999997,10
structural,detour,holdout,mdi_no_novelty,8,10,1.0,0.0,1.0,0.0,0.14999999999999997,10
structural,detour,holdout,mdi_no_novelty,8,25,0.5999999999999999,8.371663225071135e-17,0.19999999999999996,0.0,0.14999999999999997,10
structural,detour,holdout,mdi_original,0,10,0.48,0.04524314325708196,0.0,0.0,0.14999999999999997,10
structural,detour,holdout,mdi_original,1,10,0.5,0.0,0.0,0.0,0.14999999999999997,10
structural,detour,holdout,mdi_original,2,10,0.99,0.02262157162854098,0.9800000000000001,0.045243143257081966,0.14999999999999997,10
structural,detour,holdout,mdi_original,3,10,1.0,0.0,1.0,0.0,0.14999999999999997,10
structural,detour,holdout,mdi_original,4,10,0.8300000000000001,0.07944434867455495,0.6599999999999999,0.1588886973491099,0.14999999999999997,10
structural,detour,holdout,mdi_original,5,10,0.9149999999999998,0.03789066353685232,0.8300000000000001,0.07578132707370465,0.14999999999999997,10
structural,detour,holdout,mdi_original,6,10,0.975,0.02529168595964914,0.95,0.05058337191929828,0.14999999999999997,10
structural,detour,holdout,mdi_original,7,10,0.805,0.059493729882829145,0.61,0.11898745976565829,0.14999999999999997,10
structural,detour,holdout,mdi_original,8,5,0.99,0.02262157162854098,0.9800000000000001,0.045243143257081966,0.14999999999999997,10
structural,detour,holdout,mdi_original,8,10,0.865,0.044769380010621175,0.7300000000000001,0.08953876002124235,0.14999999999999997,10
structural,detour,holdout,mdi_original,8,25,0.562,0.01055673342665247,0.12800000000000006,0.02154004463018412,0.14999999999999997,10
structural,detour,holdout,mdi_reset,0,10,0.5,0.0,0.0,0.0,0.14999999999999997,10
structural,detour,holdout,mdi_reset,1,10,0.5,0.0,0.0,0.0,0.14999999999999997,10
structural,detour,holdout,mdi_reset,2,10,0.5,0.0,0.0,0.0,0.14999999999999997,10
structural,detour,holdout,mdi_reset,3,10,0.5,0.0,0.0,0.0,0.14999999999999997,10
structural,detour,holdout,mdi_reset,4,10,0.5,0.0,0.0,0.0,0.14999999999999997,10
structural,detour,holdout,mdi_reset,5,10,0.5,0.0,0.0,0.0,0.14999999999999997,10
structural,detour,holdout,mdi_reset,6,10,0.5,0.0,0.0,0.0,0.14999999999999997,10
structural,detour,holdout,mdi_reset,7,10,0.5,0.0,0.0,0.0,0.14999999999999997,10
structural,detour,holdout,mdi_reset,8,5,0.5,0.0,0.0,0.0,0.14999999999999997,10
structural,detour,holdout,mdi_reset,8,10,0.5,0.0,0.0,0.0,0.14999999999999997,10
structural,detour,holdout,mdi_reset,8,25,0.48599999999999993,0.01913570437970502,0.0,0.0,0.14999999999999997,10
structural,detour,holdout,mdi_with_delta,0,10,0.5,0.0,0.0,0.0,0.14999999999999997,10
structural,detour,holdout,mdi_with_delta,1,10,0.5,0.0,0.0,0.0,0.14999999999999997,10
structural,detour,holdout,mdi_with_delta,2,10,1.0,0.0,1.0,0.0,0.14999999999999997,10
structural,detour,holdout,mdi_with_delta,3,10,1.0,0.0,1.0,0.0,0.14999999999999997,10
structural,detour,holdout,mdi_with_delta,4,10,1.0,0.0,1.0,0.0,0.14999999999999997,10
structural,detour,holdout,mdi_with_delta,5,10,0.9799999999999999,0.025009088420006473,0.96,0.050018176840012946,0.14999999999999997,10
structural,detour,holdout,mdi_with_delta,6,10,0.9949999999999999,0.011310785814270504,0.99,0.022621571628541007,0.14999999999999997,10
structural,detour,holdout,mdi_with_delta,7,10,0.9949999999999999,0.011310785814270504,0.99,0.022621571628541007,0.14999999999999997,10
structural,detour,holdout,mdi_with_delta,8,5,0.9099999999999999,0.07113715997370754,0.82,0.14227431994741507,0.14999999999999997,10
structural,detour,holdout,mdi_with_delta,8,10,0.7,0.05592202176243728,0.4,0.11184404352487458,0.14999999999999997,10
structural,detour,holdout,mdi_with_delta,8,25,0.5800000000000001,0.01652046008956101,0.33199999999999996,0.04329075109981362,0.14999999999999997,10
structural,detour,holdout,predicate_match,0,10,0.13999999999999999,0.040606963805363765,0.0,0.0,0.14999999999999997,10
structural,detour,holdout,predicate_match,1,10,0.25,0.06952019510772302,0.0,0.0,0.14999999999999997,10
structural,detour,holdout,predicate_match,2,10,0.61,0.06911004288443634,0.61,0.06911004288443634,0.14999999999999997,10
structural,detour,holdout,predicate_match,3,10,1.0,0.0,1.0,0.0,0.14999999999999997,10
structural,detour,holdout,predicate_match,4,10,1.0,0.0,1.0,0.0,0.14999999999999997,10
structural,detour,holdout,predicate_match,5,10,1.0,0.0,1.0,0.0,0.14999999999999997,10
structural,detour,holdout,predicate_match,6,10,1.0,0.0,1.0,0.0,0.14999999999999997,10
structural,detour,holdout,predicate_match,7,10,1.0,0.0,1.0,0.0,0.14999999999999997,10
structural,detour,holdout,predicate_match,8,5,1.0,0.0,1.0,0.0,0.14999999999999997,10
structural,detour,holdout,predicate_match,8,10,1.0,0.0,1.0,0.0,0.14999999999999997,10
structural,detour,holdout,predicate_match,8,25,0.5999999999999999,8.371663225071135e-17,0.29999999999999993,0.030906950763505067,0.14999999999999997,10
structural,detour,holdout,random,0,10,0.12000000000000002,0.03844927838735581,0.0,0.0,0.14999999999999997,10
structural,detour,holdout,random,1,10,0.12000000000000002,0.03844927838735581,0.0,0.0,0.14999999999999997,10
structural,detour,holdout,random,2,10,0.12000000000000002,0.03844927838735581,0.0,0.0,0.14999999999999997,10
structural,detour,holdout,random,3,10,0.12000000000000002,0.03844927838735581,0.0,0.0,0.14999999999999997,10
structural,detour,holdout,random,4,10,0.12000000000000002,0.03844927838735581,0.0,0.0,0.14999999999999997,10
structural,detour,holdout,random,5,10,0.12000000000000002,0.03844927838735581,0.0,0.0,0.14999999999999997,10
structural,detour,holdout,random,6,10,0.12000000000000002,0.03844927838735581,0.0,0.0,0.14999999999999997,10
structural,detour,holdout,random,7,10,0.12000000000000002,0.03844927838735581,0.0,0.0,0.14999999999999997,10
structural,detour,holdout,random,8,5,0.08,0.06573676311525133,0.0,0.0,0.14999999999999997,10
structural,detour,holdout,random,8,10,0.12000000000000002,0.03844927838735581,0.0,0.0,0.14999999999999997,10
structural,detour,holdout,random,8,25,0.146,0.030199774589374336,0.0,0.0,0.14999999999999997,10
structural,detour,holdout,recurrence,0,10,0.13999999999999999,0.040606963805363765,0.0,0.0,0.14999999999999997,10
structural,detour,holdout,recurrence,1,10,0.13999999999999999,0.040606963805363765,0.0,0.0,0.14999999999999997,10
structural,detour,holdout,recurrence,2,10,0.13999999999999999,0.040606963805363765,0.0,0.0,0.14999999999999997,10
structural,detour,holdout,recurrence,3,10,0.13999999999999999,0.040606963805363765,0.0,0.0,0.14999999999999997,10
structural,detour,holdout,recurrence,4,10,0.13999999999999999,0.040606963805363765,0.0,0.0,0.14999999999999997,10
structural,detour,holdout,recurrence,5,10,0.13999999999999999,0.040606963805363765,0.0,0.0,0.14999999999999997,10
structural,detour,holdout,recurrence,6,10,0.13999999999999999,0.040606963805363765,0.0,0.0,0.14999999999999997,10
structural,detour,holdout,recurrence,7,10,0.13999999999999999,0.040606963805363765,0.0,0.0,0.14999999999999997,10
structural,detour,holdout,recurrence,8,5,0.13999999999999999,0.06032419100944265,0.0,0.0,0.14999999999999997,10
structural,detour,holdout,recurrence,8,10,0.13999999999999999,0.040606963805363765,0.0,0.0,0.14999999999999997,10
structural,detour,holdout,recurrence,8,25,0.156,0.03803295529307615,0.0,0.0,0.14999999999999997,10
structural,detour,holdout,similarity,0,10,0.40499999999999997,0.049013405195172145,0.0,0.0,0.14999999999999997,10
structural,detour,holdout,similarity,1,10,0.40499999999999997,0.049013405195172145,0.0,0.0,0.14999999999999997,10
structural,detour,holdout,similarity,2,10,0.40499999999999997,0.049013405195172145,0.0,0.0,0.14999999999999997,10
structural,detour,holdout,similarity,3,10,0.40499999999999997,0.049013405195172145,0.0,0.0,0.14999999999999997,10
structural,detour,holdout,similarity,4,10,0.40499999999999997,0.049013405195172145,0.0,0.0,0.14999999999999997,10
structural,detour,holdout,similarity,5,10,0.40499999999999997,0.049013405195172145,0.0,0.0,0.14999999999999997,10
structural,detour,holdout,similarity,6,10,0.40499999999999997,0.049013405195172145,0.0,0.0,0.14999999999999997,10
structural,detour,holdout,similarity,7,10,0.40499999999999997,0.049013405195172145,0.0,0.0,0.14999999999999997,10
structural,detour,holdout,similarity,8,5,0.43,0.05889337416010381,0.0,0.0,0.14999999999999997,10
structural,detour,holdout,similarity,8,10,0.40499999999999997,0.049013405195172145,0.0,0.0,0.14999999999999997,10
structural,detour,holdout,similarity,8,25,0.32599999999999996,0.04160292285358514,0.0,0.0,0.14999999999999997,10
structural,detour,holdout,value_profile,0,10,0.13999999999999999,0.040606963805363765,0.0,0.0,0.14999999999999997,10
structural,detour,holdout,value_profile,1,10,0.45500000000000007,0.042821943972146705,0.0,0.0,0.14999999999999997,10
structural,detour,holdout,value_profile,2,10,1.0,0.0,1.0,0.0,0.14999999999999997,10
structural,detour,holdout,value_profile,3,10,1.0,0.0,1.0,0.0,0.14999999999999997,10
structural,detour,holdout,value_profile,4,10,1.0,0.0,1.0,0.0,0.14999999999999997,10
structural,detour,holdout,value_profile,5,10,1.0,0.0,1.0,0.0,0.14999999999999997,10
structural,detour,holdout,value_profile,6,10,1.0,0.0,1.0,0.0,0.14999999999999997,10
structural,detour,holdout,value_profile,7,10,1.0,0.0,1.0,0.0,0.14999999999999997,10
structural,detour,holdout,value_profile,8,5,1.0,0.0,1.0,0.0,0.14999999999999997,10
structural,detour,holdout,value_profile,8,10,1.0,0.0,1.0,0.0,0.14999999999999997,10
structural,detour,holdout,value_profile,8,25,0.5999999999999999,8.371663225071135e-17,0.19999999999999996,0.0,0.14999999999999997,10
structural,null,exposed,association_only,0,10,0.485,0.033932357442811485,0.0,0.0,0.14999999999999997,10
structural,null,exposed,association_only,1,10,0.495,0.011310785814270504,0.0,0.0,0.14999999999999997,10
structural,null,exposed,association_only,2,10,0.475,0.045399965714333454,0.0,0.0,0.14999999999999997,10
structural,null,exposed,association_only,3,10,0.5,0.0,0.0,0.0,0.14999999999999997,10
structural,null,exposed,association_only,4,10,0.5,0.0,0.0,0.0,0.14999999999999997,10
structural,null,exposed,association_only,5,10,0.5,0.0,0.0,0.0,0.14999999999999997,10
structural,null,exposed,association_only,6,10,0.5,0.0,0.0,0.0,0.14999999999999997,10
structural,null,exposed,association_only,7,10,0.5,0.0,0.0,0.0,0.14999999999999997,10
structural,null,exposed,association_only,8,5,0.5,0.0,0.0,0.0,0.14999999999999997,10
structural,null,exposed,association_only,8,10,0.5,0.0,0.0,0.0,0.14999999999999997,10
structural,null,exposed,association_only,8,25,0.49800000000000005,0.0045243143257082015,0.0,0.0,0.14999999999999997,10
structural,null,exposed,clustering,0,10,0.15999999999999998,0.040606963805363765,0.0,0.0,0.14999999999999997,10
structural,null,exposed,clustering,1,10,0.15999999999999998,0.040606963805363765,0.0,0.0,0.14999999999999997,10
structural,null,exposed,clustering,2,10,0.15999999999999998,0.040606963805363765,0.0,0.0,0.14999999999999997,10
structural,null,exposed,clustering,3,10,0.15999999999999998,0.040606963805363765,0.0,0.0,0.14999999999999997,10
structural,null,exposed,clustering,4,10,0.15999999999999998,0.040606963805363765,0.0,0.0,0.14999999999999997,10
structural,null,exposed,clustering,5,10,0.15999999999999998,0.040606963805363765,0.0,0.0,0.14999999999999997,10
structural,null,exposed,clustering,6,10,0.15999999999999998,0.040606963805363765,0.0,0.0,0.14999999999999997,10
structural,null,exposed,clustering,7,10,0.15999999999999998,0.040606963805363765,0.0,0.0,0.14999999999999997,10
structural,null,exposed,clustering,8,5,0.18000000000000002,0.05642811372291081,0.0,0.0,0.14999999999999997,10
structural,null,exposed,clustering,8,10,0.15999999999999998,0.040606963805363765,0.0,0.0,0.14999999999999997,10
structural,null,exposed,clustering,8,25,0.12600000000000003,0.016589152527596726,0.0,0.0,0.14999999999999997,10
structural,null,exposed,competing_models,0,10,0.13999999999999999,0.040606963805363765,0.0,0.0,0.14999999999999997,10
structural,null,exposed,competing_models,1,10,0.49000000000000005,0.015081047752360664,0.0,0.0,0.14999999999999997,10
structural,null,exposed,competing_models,2,10,0.43000000000000005,0.048282911194511356,0.0,0.0,0.14999999999999997,10
structural,null,exposed,competing_models,3,10,0.475,0.01885130969045083,0.0,0.0,0.14999999999999997,10
structural,null,exposed,competing_models,4,10,0.445,0.042821943972146705,0.0,0.0,0.14999999999999997,10
structural,null,exposed,competing_models,5,10,0.445,0.042821943972146705,0.0,0.0,0.14999999999999997,10
structural,null,exposed,competing_models,6,10,0.45,0.03770261938090165,0.0,0.0,0.14999999999999997,10
structural,null,exposed,competing_models,7,10,0.45500000000000007,0.039362690252540446,0.0,0.0,0.14999999999999997,10
structural,null,exposed,competing_models,8,5,0.43000000000000005,0.07578132707370468,0.0,0.0,0.14999999999999997,10
structural,null,exposed,competing_models,8,10,0.45,0.03770261938090165,0.0,0.0,0.14999999999999997,10
structural,null,exposed,competing_models,8,25,0.458,0.03195616725887714,0.0,0.0,0.14999999999999997,10
structural,null,exposed,context_oracle,0,10,0.585,0.0585302049775716,0.585,0.0585302049775716,0.14999999999999997,10
structural,null,exposed,context_oracle,1,10,0.585,0.056048973167046684,0.585,0.056048973167046684,0.14999999999999997,10
structural,null,exposed,context_oracle,2,10,0.63,0.05889337416010378,0.63,0.05889337416010378,0.14999999999999997,10
structural,null,exposed,context_oracle,3,10,0.57,0.05642811372291077,0.57,0.05642811372291077,0.14999999999999997,10
structural,null,exposed,context_oracle,4,10,0.655,0.04602191203318151,0.655,0.04602191203318151,0.14999999999999997,10
structural,null,exposed,context_oracle,5,10,0.575,0.05128110656114109,0.575,0.05128110656114109,0.14999999999999997,10
structural,null,exposed,context_oracle,6,10,0.6200000000000001,0.06573676311525131,0.6200000000000001,0.06573676311525131,0.14999999999999997,10
structural,null,exposed,context_oracle,7,10,0.6050000000000001,0.05450604454644074,0.6050000000000001,0.05450604454644074,0.14999999999999997,10
structural,null,exposed,context_oracle,8,5,0.64,0.09048628651416393,0.64,0.09048628651416393,0.14999999999999997,10
structural,null,exposed,context_oracle,8,10,0.605,0.07043430558720785,0.605,0.07043430558720785,0.14999999999999997,10
structural,null,exposed,context_oracle,8,25,0.5999999999999999,8.371663225071135e-17,0.5999999999999999,8.371663225071135e-17,0.14999999999999997,10
structural,null,exposed,delta_only,0,10,0.145,0.04602191203318153,0.0,0.0,0.14999999999999997,10
structural,null,exposed,delta_only,1,10,0.185,0.05345268834627583,0.0,0.0,0.14999999999999997,10
structural,null,exposed,delta_only,2,10,0.24,0.10088533371395947,0.0,0.0,0.14999999999999997,10
structural,null,exposed,delta_only,3,10,0.25,0.0533195556654618,0.0,0.0,0.14999999999999997,10
structural,null,exposed,delta_only,4,10,0.26,0.07689855677471161,0.0,0.0,0.14999999999999997,10
structural,null,exposed,delta_only,5,10,0.23500000000000001,0.06754979571591213,0.0,0.0,0.14999999999999997,10
structural,null,exposed,delta_only,6,10,0.275,0.05655392907135247,0.0,0.0,0.14999999999999997,10
structural,null,exposed,delta_only,7,10,0.26999999999999996,0.04828291119451135,0.0,0.0,0.14999999999999997,10
structural,null,exposed,delta_only,8,5,0.3,0.0754052387618033,0.0,0.0,0.14999999999999997,10
structural,null,exposed,delta_only,8,10,0.26499999999999996,0.05072368667405657,0.0,0.0,0.14999999999999997,10
structural,null,exposed,delta_only,8,25,0.22000000000000003,0.030906950763505067,0.0,0.0,0.14999999999999997,10
structural,null,exposed,frequency,0,10,0.495,0.011310785814270504,0.0,0.0,0.14999999999999997,10
structural,null,exposed,frequency,1,10,0.495,0.011310785814270504,0.0,0.0,0.14999999999999997,10
structural,null,exposed,frequency,2,10,0.495,0.011310785814270504,0.0,0.0,0.14999999999999997,10
structural,null,exposed,frequency,3,10,0.495,0.011310785814270504,0.0,0.0,0.14999999999999997,10
structural,null,exposed,frequency,4,10,0.495,0.011310785814270504,0.0,0.0,0.14999999999999997,10
structural,null,exposed,frequency,5,10,0.495,0.011310785814270504,0.0,0.0,0.14999999999999997,10
structural,null,exposed,frequency,6,10,0.495,0.011310785814270504,0.0,0.0,0.14999999999999997,10
structural,null,exposed,frequency,7,10,0.495,0.011310785814270504,0.0,0.0,0.14999999999999997,10
structural,null,exposed,frequency,8,5,0.5,0.0,0.0,0.0,0.14999999999999997,10
structural,null,exposed,frequency,8,10,0.495,0.011310785814270504,0.0,0.0,0.14999999999999997,10
structural,null,exposed,frequency,8,25,0.28400000000000003,0.043080089260368264,0.0,0.0,0.14999999999999997,10
structural,null,exposed,mdi,0,10,0.5,0.0,0.0,0.0,0.14999999999999997,10
structural,null,exposed,mdi,1,10,0.5,0.0,0.0,0.0,0.14999999999999997,10
structural,null,exposed,mdi,2,10,0.47000000000000003,0.045243143257081966,0.0,0.0,0.14999999999999997,10
structural,null,exposed,mdi,3,10,0.5,0.0,0.0,0.0,0.14999999999999997,10
structural,null,exposed,mdi,4,10,0.5,0.0,0.0,0.0,0.14999999999999997,10
structural,null,exposed,mdi,5,10,0.5,0.0,0.0,0.0,0.14999999999999997,10
structural,null,exposed,mdi,6,10,0.5,0.0,0.0,0.0,0.14999999999999997,10
structural,null,exposed,mdi,7,10,0.495,0.01131078581427049,0.0,0.0,0.14999999999999997,10
structural,null,exposed,mdi,8,5,0.5,0.0,0.0,0.0,0.14999999999999997,10
structural,null,exposed,mdi,8,10,0.5,0.0,0.0,0.0,0.14999999999999997,10
structural,null,exposed,mdi,8,25,0.472,0.019313164477804536,0.0,0.0,0.14999999999999997,10
structural,null,exposed,mdi_decay0,0,10,0.5,0.0,0.0,0.0,0.14999999999999997,10
structural,null,exposed,mdi_decay0,1,10,0.5,0.0,0.0,0.0,0.14999999999999997,10
structural,null,exposed,mdi_decay0,2,10,0.47000000000000003,0.045243143257081966,0.0,0.0,0.14999999999999997,10
structural,null,exposed,mdi_decay0,3,10,0.5,0.0,0.0,0.0,0.14999999999999997,10
structural,null,exposed,mdi_decay0,4,10,0.5,0.0,0.0,0.0,0.14999999999999997,10
structural,null,exposed,mdi_decay0,5,10,0.5,0.0,0.0,0.0,0.14999999999999997,10
structural,null,exposed,mdi_decay0,6,10,0.5,0.0,0.0,0.0,0.14999999999999997,10
structural,null,exposed,mdi_decay0,7,10,0.5,0.0,0.0,0.0,0.14999999999999997,10
structural,null,exposed,mdi_decay0,8,5,0.5,0.0,0.0,0.0,0.14999999999999997,10
structural,null,exposed,mdi_decay0,8,10,0.5,0.0,0.0,0.0,0.14999999999999997,10
structural,null,exposed,mdi_decay0,8,25,0.4720000000000001,0.019313164477804536,0.0,0.0,0.14999999999999997,10
structural,null,exposed,mdi_decay020,0,10,0.5,0.0,0.0,0.0,0.14999999999999997,10
structural,null,exposed,mdi_decay020,1,10,0.5,0.0,0.0,0.0,0.14999999999999997,10
structural,null,exposed,mdi_decay020,2,10,0.47000000000000003,0.045243143257081966,0.0,0.0,0.14999999999999997,10
structural,null,exposed,mdi_decay020,3,10,0.5,0.0,0.0,0.0,0.14999999999999997,10
structural,null,exposed,mdi_decay020,4,10,0.5,0.0,0.0,0.0,0.14999999999999997,10
structural,null,exposed,mdi_decay020,5,10,0.5,0.0,0.0,0.0,0.14999999999999997,10
structural,null,exposed,mdi_decay020,6,10,0.5,0.0,0.0,0.0,0.14999999999999997,10
structural,null,exposed,mdi_decay020,7,10,0.495,0.01131078581427049,0.0,0.0,0.14999999999999997,10
structural,null,exposed,mdi_decay020,8,5,0.5,0.0,0.0,0.0,0.14999999999999997,10
structural,null,exposed,mdi_decay020,8,10,0.5,0.0,0.0,0.0,0.14999999999999997,10
structural,null,exposed,mdi_decay020,8,25,0.472,0.015379711354942323,0.0,0.0,0.14999999999999997,10
structural,null,exposed,mdi_no_novelty,0,10,0.5,0.0,0.0,0.0,0.14999999999999997,10
structural,null,exposed,mdi_no_novelty,1,10,0.5,0.0,0.0,0.0,0.14999999999999997,10
structural,null,exposed,mdi_no_novelty,2,10,0.47000000000000003,0.045243143257081966,0.0,0.0,0.14999999999999997,10
structural,null,exposed,mdi_no_novelty,3,10,0.5,0.0,0.0,0.0,0.14999999999999997,10
structural,null,exposed,mdi_no_novelty,4,10,0.5,0.0,0.0,0.0,0.14999999999999997,10
structural,null,exposed,mdi_no_novelty,5,10,0.495,0.011310785814270504,0.0,0.0,0.14999999999999997,10
structural,null,exposed,mdi_no_novelty,6,10,0.5,0.0,0.0,0.0,0.14999999999999997,10
structural,null,exposed,mdi_no_novelty,7,10,0.5,0.0,0.0,0.0,0.14999999999999997,10
structural,null,exposed,mdi_no_novelty,8,5,0.5,0.0,0.0,0.0,0.14999999999999997,10
structural,null,exposed,mdi_no_novelty,8,10,0.5,0.0,0.0,0.0,0.14999999999999997,10
structural,null,exposed,mdi_no_novelty,8,25,0.476,0.020007270736005184,0.0,0.0,0.14999999999999997,10
structural,null,exposed,mdi_original,0,10,0.48,0.04524314325708196,0.0,0.0,0.14999999999999997,10
structural,null,exposed,mdi_original,1,10,0.48,0.045243143257081966,0.0,0.0,0.14999999999999997,10
structural,null,exposed,mdi_original,2,10,0.45,0.0446103408578504,0.0,0.0,0.14999999999999997,10
structural,null,exposed,mdi_original,3,10,0.5,0.0,0.0,0.0,0.14999999999999997,10
structural,null,exposed,mdi_original,4,10,0.5,0.0,0.0,0.0,0.14999999999999997,10
structural,null,exposed,mdi_original,5,10,0.49000000000000005,0.015081047752360664,0.0,0.0,0.14999999999999997,10
structural,null,exposed,mdi_original,6,10,0.5,0.0,0.0,0.0,0.14999999999999997,10
structural,null,exposed,mdi_original,7,10,0.5,0.0,0.0,0.0,0.14999999999999997,10
structural,null,exposed,mdi_original,8,5,0.5,0.0,0.0,0.0,0.14999999999999997,10
structural,null,exposed,mdi_original,8,10,0.5,0.0,0.0,0.0,0.14999999999999997,10
structural,null,exposed,mdi_original,8,25,0.476,0.01758737279357596,0.0,0.0,0.14999999999999997,10
structural,null,exposed,mdi_reset,0,10,0.5,0.0,0.0,0.0,0.14999999999999997,10
structural,null,exposed,mdi_reset,1,10,0.5,0.0,0.0,0.0,0.14999999999999997,10
structural,null,exposed,mdi_reset,2,10,0.5,0.0,0.0,0.0,0.14999999999999997,10
structural,null,exposed,mdi_reset,3,10,0.5,0.0,0.0,0.0,0.14999999999999997,10
structural,null,exposed,mdi_reset,4,10,0.5,0.0,0.0,0.0,0.14999999999999997,10
structural,null,exposed,mdi_reset,5,10,0.5,0.0,0.0,0.0,0.14999999999999997,10
structural,null,exposed,mdi_reset,6,10,0.5,0.0,0.0,0.0,0.14999999999999997,10
structural,null,exposed,mdi_reset,7,10,0.5,0.0,0.0,0.0,0.14999999999999997,10
structural,null,exposed,mdi_reset,8,5,0.5,0.0,0.0,0.0,0.14999999999999997,10
structural,null,exposed,mdi_reset,8,10,0.5,0.0,0.0,0.0,0.14999999999999997,10
structural,null,exposed,mdi_reset,8,25,0.48599999999999993,0.01913570437970502,0.0,0.0,0.14999999999999997,10
structural,null,exposed,mdi_with_delta,0,10,0.5,0.0,0.0,0.0,0.14999999999999997,10
structural,null,exposed,mdi_with_delta,1,10,0.5,0.0,0.0,0.0,0.14999999999999997,10
structural,null,exposed,mdi_with_delta,2,10,0.425,0.05128110656114112,0.0,0.0,0.14999999999999997,10
structural,null,exposed,mdi_with_delta,3,10,0.49000000000000005,0.022621571628540997,0.0,0.0,0.14999999999999997,10
structural,null,exposed,mdi_with_delta,4,10,0.5,0.0,0.0,0.0,0.14999999999999997,10
structural,null,exposed,mdi_with_delta,5,10,0.47000000000000003,0.045243143257081966,0.0,0.0,0.14999999999999997,10
structural,null,exposed,mdi_with_delta,6,10,0.495,0.011310785814270504,0.0,0.0,0.14999999999999997,10
structural,null,exposed,mdi_with_delta,7,10,0.5,0.0,0.0,0.0,0.14999999999999997,10
structural,null,exposed,mdi_with_delta,8,5,0.5,0.0,0.0,0.0,0.14999999999999997,10
structural,null,exposed,mdi_with_delta,8,10,0.49000000000000005,0.022621571628540983,0.0,0.0,0.14999999999999997,10
structural,null,exposed,mdi_with_delta,8,25,0.40800000000000003,0.031053777959373734,0.0,0.0,0.14999999999999997,10
structural,null,exposed,predicate_match,0,10,0.13999999999999999,0.040606963805363765,0.0,0.0,0.14999999999999997,10
structural,null,exposed,predicate_match,1,10,0.25,0.06952019510772302,0.0,0.0,0.14999999999999997,10
structural,null,exposed,predicate_match,2,10,0.22999999999999998,0.06353758354890779,0.0,0.0,0.14999999999999997,10
structural,null,exposed,predicate_match,3,10,0.29500000000000004,0.06183689349415336,0.0,0.0,0.14999999999999997,10
structural,null,exposed,predicate_match,4,10,0.22999999999999998,0.0564281137229108,0.0,0.0,0.14999999999999997,10
structural,null,exposed,predicate_match,5,10,0.22999999999999998,0.06353758354890779,0.0,0.0,0.14999999999999997,10
structural,null,exposed,predicate_match,6,10,0.29500000000000004,0.06183689349415336,0.0,0.0,0.14999999999999997,10
structural,null,exposed,predicate_match,7,10,0.22999999999999998,0.0564281137229108,0.0,0.0,0.14999999999999997,10
structural,null,exposed,predicate_match,8,5,0.27,0.10144737334811316,0.0,0.0,0.14999999999999997,10
structural,null,exposed,predicate_match,8,10,0.22999999999999998,0.06353758354890779,0.0,0.0,0.14999999999999997,10
structural,null,exposed,predicate_match,8,25,0.248,0.02355734966404152,0.0,0.0,0.14999999999999997,10
structural,null,exposed,random,0,10,0.12000000000000002,0.03844927838735581,0.0,0.0,0.14999999999999997,10
structural,null,exposed,random,1,10,0.12000000000000002,0.03844927838735581,0.0,0.0,0.14999999999999997,10
structural,null,exposed,random,2,10,0.12000000000000002,0.03844927838735581,0.0,0.0,0.14999999999999997,10
structural,null,exposed,random,3,10,0.12000000000000002,0.03844927838735581,0.0,0.0,0.14999999999999997,10
structural,null,exposed,random,4,10,0.12000000000000002,0.03844927838735581,0.0,0.0,0.14999999999999997,10
structural,null,exposed,random,5,10,0.12000000000000002,0.03844927838735581,0.0,0.0,0.14999999999999997,10
structural,null,exposed,random,6,10,0.12000000000000002,0.03844927838735581,0.0,0.0,0.14999999999999997,10
structural,null,exposed,random,7,10,0.12000000000000002,0.03844927838735581,0.0,0.0,0.14999999999999997,10
structural,null,exposed,random,8,5,0.08,0.06573676311525133,0.0,0.0,0.14999999999999997,10
structural,null,exposed,random,8,10,0.12000000000000002,0.03844927838735581,0.0,0.0,0.14999999999999997,10
structural,null,exposed,random,8,25,0.146,0.030199774589374336,0.0,0.0,0.14999999999999997,10
structural,null,exposed,recurrence,0,10,0.13999999999999999,0.040606963805363765,0.0,0.0,0.14999999999999997,10
structural,null,exposed,recurrence,1,10,0.195,0.04282194397214669,0.0,0.0,0.14999999999999997,10
structural,null,exposed,recurrence,2,10,0.215,0.044769380010621175,0.0,0.0,0.14999999999999997,10
structural,null,exposed,recurrence,3,10,0.27999999999999997,0.0588933741601038,0.0,0.0,0.14999999999999997,10
structural,null,exposed,recurrence,4,10,0.255,0.04602191203318153,0.0,0.0,0.14999999999999997,10
structural,null,exposed,recurrence,5,10,0.24499999999999997,0.04901340519517214,0.0,0.0,0.14999999999999997,10
structural,null,exposed,recurrence,6,10,0.25,0.04769046039922266,0.0,0.0,0.14999999999999997,10
structural,null,exposed,recurrence,7,10,0.24000000000000005,0.06032419100944264,0.0,0.0,0.14999999999999997,10
structural,null,exposed,recurrence,8,5,0.23000000000000004,0.0757813270737047,0.0,0.0,0.14999999999999997,10
structural,null,exposed,recurrence,8,10,0.24499999999999997,0.05705441607566246,0.0,0.0,0.14999999999999997,10
structural,null,exposed,recurrence,8,25,0.254,0.030199774589374336,0.0,0.0,0.14999999999999997,10
structural,null,exposed,similarity,0,10,0.40499999999999997,0.049013405195172145,0.0,0.0,0.14999999999999997,10
structural,null,exposed,similarity,1,10,0.40499999999999997,0.049013405195172145,0.0,0.0,0.14999999999999997,10
structural,null,exposed,similarity,2,10,0.40499999999999997,0.049013405195172145,0.0,0.0,0.14999999999999997,10
structural,null,exposed,similarity,3,10,0.40499999999999997,0.049013405195172145,0.0,0.0,0.14999999999999997,10
structural,null,exposed,similarity,4,10,0.40499999999999997,0.049013405195172145,0.0,0.0,0.14999999999999997,10
structural,null,exposed,similarity,5,10,0.40499999999999997,0.049013405195172145,0.0,0.0,0.14999999999999997,10
structural,null,exposed,similarity,6,10,0.40499999999999997,0.049013405195172145,0.0,0.0,0.14999999999999997,10
structural,null,exposed,similarity,7,10,0.40499999999999997,0.049013405195172145,0.0,0.0,0.14999999999999997,10
structural,null,exposed,similarity,8,5,0.43,0.05889337416010381,0.0,0.0,0.14999999999999997,10
structural,null,exposed,similarity,8,10,0.40499999999999997,0.049013405195172145,0.0,0.0,0.14999999999999997,10
structural,null,exposed,similarity,8,25,0.32599999999999996,0.04160292285358514,0.0,0.0,0.14999999999999997,10
structural,null,exposed,value_profile,0,10,0.13999999999999999,0.040606963805363765,0.0,0.0,0.14999999999999997,10
structural,null,exposed,value_profile,1,10,0.47000000000000003,0.02500908842000647,0.0,0.0,0.14999999999999997,10
structural,null,exposed,value_profile,2,10,0.42000000000000004,0.06573676311525131,0.0,0.0,0.14999999999999997,10
structural,null,exposed,value_profile,3,10,0.47000000000000003,0.030162095504721324,0.0,0.0,0.14999999999999997,10
structural,null,exposed,value_profile,4,10,0.45999999999999996,0.043968431983939925,0.0,0.0,0.14999999999999997,10
structural,null,exposed,value_profile,5,10,0.4600000000000001,0.04709055651362149,0.0,0.0,0.14999999999999997,10
structural,null,exposed,value_profile,6,10,0.475,0.01885130969045083,0.0,0.0,0.14999999999999997,10
structural,null,exposed,value_profile,7,10,0.45,0.04769046039922267,0.0,0.0,0.14999999999999997,10
structural,null,exposed,value_profile,8,5,0.45999999999999996,0.06911004288443635,0.0,0.0,0.14999999999999997,10
structural,null,exposed,value_profile,8,10,0.45499999999999996,0.046021912033181525,0.0,0.0,0.14999999999999997,10
structural,null,exposed,value_profile,8,25,0.45999999999999996,0.032345243947469605,0.0,0.0,0.14999999999999997,10
structural,null,holdout,association_only,0,10,0.485,0.033932357442811485,0.0,0.0,0.14999999999999997,10
structural,null,holdout,association_only,1,10,0.5,0.0,0.0,0.0,0.14999999999999997,10
structural,null,holdout,association_only,2,10,0.485,0.033932357442811485,0.0,0.0,0.14999999999999997,10
structural,null,holdout,association_only,3,10,0.5,0.0,0.0,0.0,0.14999999999999997,10
structural,null,holdout,association_only,4,10,0.5,0.0,0.0,0.0,0.14999999999999997,10
structural,null,holdout,association_only,5,10,0.5,0.0,0.0,0.0,0.14999999999999997,10
structural,null,holdout,association_only,6,10,0.5,0.0,0.0,0.0,0.14999999999999997,10
structural,null,holdout,association_only,7,10,0.5,0.0,0.0,0.0,0.14999999999999997,10
structural,null,holdout,association_only,8,5,0.5,0.0,0.0,0.0,0.14999999999999997,10
structural,null,holdout,association_only,8,10,0.5,0.0,0.0,0.0,0.14999999999999997,10
structural,null,holdout,association_only,8,25,0.49800000000000005,0.0045243143257082015,0.0,0.0,0.14999999999999997,10
structural,null,holdout,clustering,0,10,0.15999999999999998,0.040606963805363765,0.0,0.0,0.14999999999999997,10
structural,null,holdout,clustering,1,10,0.15999999999999998,0.040606963805363765,0.0,0.0,0.14999999999999997,10
structural,null,holdout,clustering,2,10,0.15999999999999998,0.040606963805363765,0.0,0.0,0.14999999999999997,10
structural,null,holdout,clustering,3,10,0.15999999999999998,0.040606963805363765,0.0,0.0,0.14999999999999997,10
structural,null,holdout,clustering,4,10,0.15999999999999998,0.040606963805363765,0.0,0.0,0.14999999999999997,10
structural,null,holdout,clustering,5,10,0.15999999999999998,0.040606963805363765,0.0,0.0,0.14999999999999997,10
structural,null,holdout,clustering,6,10,0.15999999999999998,0.040606963805363765,0.0,0.0,0.14999999999999997,10
structural,null,holdout,clustering,7,10,0.15999999999999998,0.040606963805363765,0.0,0.0,0.14999999999999997,10
structural,null,holdout,clustering,8,5,0.18000000000000002,0.05642811372291081,0.0,0.0,0.14999999999999997,10
structural,null,holdout,clustering,8,10,0.15999999999999998,0.040606963805363765,0.0,0.0,0.14999999999999997,10
structural,null,holdout,clustering,8,25,0.12600000000000003,0.016589152527596726,0.0,0.0,0.14999999999999997,10
structural,null,holdout,competing_models,0,10,0.13999999999999999,0.040606963805363765,0.0,0.0,0.14999999999999997,10
structural,null,holdout,competing_models,1,10,0.49000000000000005,0.015081047752360664,0.0,0.0,0.14999999999999997,10
structural,null,holdout,competing_models,2,10,0.45,0.05592202176243729,0.0,0.0,0.14999999999999997,10
structural,null,holdout,competing_models,3,10,0.48,0.02500908842000647,0.0,0.0,0.14999999999999997,10
structural,null,holdout,competing_models,4,10,0.45999999999999996,0.03286838155762567,0.0,0.0,0.14999999999999997,10
structural,null,holdout,competing_models,5,10,0.45999999999999996,0.043968431983939925,0.0,0.0,0.14999999999999997,10
structural,null,holdout,competing_models,6,10,0.465,0.029446687080051895,0.0,0.0,0.14999999999999997,10
structural,null,holdout,competing_models,7,10,0.465,0.033932357442811485,0.0,0.0,0.14999999999999997,10
structural,null,holdout,competing_models,8,5,0.45,0.06952019510772303,0.0,0.0,0.14999999999999997,10
structural,null,holdout,competing_models,8,10,0.465,0.033932357442811485,0.0,0.0,0.14999999999999997,10
structural,null,holdout,competing_models,8,25,0.466,0.021381075338510327,0.0,0.0,0.14999999999999997,10
structural,null,holdout,context_oracle,0,10,0.585,0.0585302049775716,0.585,0.0585302049775716,0.14999999999999997,10
structural,null,holdout,context_oracle,1,10,0.585,0.056048973167046684,0.585,0.056048973167046684,0.14999999999999997,10
structural,null,holdout,context_oracle,2,10,0.63,0.05889337416010378,0.63,0.05889337416010378,0.14999999999999997,10
structural,null,holdout,context_oracle,3,10,0.57,0.05642811372291077,0.57,0.05642811372291077,0.14999999999999997,10
structural,null,holdout,context_oracle,4,10,0.655,0.04602191203318151,0.655,0.04602191203318151,0.14999999999999997,10
structural,null,holdout,context_oracle,5,10,0.575,0.05128110656114109,0.575,0.05128110656114109,0.14999999999999997,10
structural,null,holdout,context_oracle,6,10,0.6200000000000001,0.06573676311525131,0.6200000000000001,0.06573676311525131,0.14999999999999997,10
structural,null,holdout,context_oracle,7,10,0.6050000000000001,0.05450604454644074,0.6050000000000001,0.05450604454644074,0.14999999999999997,10
structural,null,holdout,context_oracle,8,5,0.64,0.09048628651416393,0.64,0.09048628651416393,0.14999999999999997,10
structural,null,holdout,context_oracle,8,10,0.605,0.07043430558720785,0.605,0.07043430558720785,0.14999999999999997,10
structural,null,holdout,context_oracle,8,25,0.5999999999999999,8.371663225071135e-17,0.5999999999999999,8.371663225071135e-17,0.14999999999999997,10
structural,null,holdout,delta_only,0,10,0.145,0.04602191203318153,0.0,0.0,0.14999999999999997,10
structural,null,holdout,delta_only,1,10,0.16999999999999998,0.0511423211738898,0.0,0.0,0.14999999999999997,10
structural,null,holdout,delta_only,2,10,0.23000000000000007,0.04828291119451135,0.0,0.0,0.14999999999999997,10
structural,null,holdout,delta_only,3,10,0.21000000000000002,0.06911004288443635,0.0,0.0,0.14999999999999997,10
structural,null,holdout,delta_only,4,10,0.19,0.06263629556878302,0.0,0.0,0.14999999999999997,10
structural,null,holdout,delta_only,5,10,0.2,0.06308854906325863,0.0,0.0,0.14999999999999997,10
structural,null,holdout,delta_only,6,10,0.21500000000000002,0.04783926094926254,0.0,0.0,0.14999999999999997,10
structural,null,holdout,delta_only,7,10,0.225,0.045399965714333454,0.0,0.0,0.14999999999999997,10
structural,null,holdout,delta_only,8,5,0.19,0.08564388794429341,0.0,0.0,0.14999999999999997,10
structural,null,holdout,delta_only,8,10,0.24,0.03694087177983073,0.0,0.0,0.14999999999999997,10
structural,null,holdout,delta_only,8,25,0.21000000000000002,0.043317011794433674,0.0,0.0,0.14999999999999997,10
structural,null,holdout,frequency,0,10,0.495,0.011310785814270504,0.0,0.0,0.14999999999999997,10
structural,null,holdout,frequency,1,10,0.495,0.011310785814270504,0.0,0.0,0.14999999999999997,10
structural,null,holdout,frequency,2,10,0.495,0.011310785814270504,0.0,0.0,0.14999999999999997,10
structural,null,holdout,frequency,3,10,0.495,0.011310785814270504,0.0,0.0,0.14999999999999997,10
structural,null,holdout,frequency,4,10,0.495,0.011310785814270504,0.0,0.0,0.14999999999999997,10
structural,null,holdout,frequency,5,10,0.495,0.011310785814270504,0.0,0.0,0.14999999999999997,10
structural,null,holdout,frequency,6,10,0.495,0.011310785814270504,0.0,0.0,0.14999999999999997,10
structural,null,holdout,frequency,7,10,0.495,0.011310785814270504,0.0,0.0,0.14999999999999997,10
structural,null,holdout,frequency,8,5,0.5,0.0,0.0,0.0,0.14999999999999997,10
structural,null,holdout,frequency,8,10,0.495,0.011310785814270504,0.0,0.0,0.14999999999999997,10
structural,null,holdout,frequency,8,25,0.28400000000000003,0.043080089260368264,0.0,0.0,0.14999999999999997,10
structural,null,holdout,mdi,0,10,0.5,0.0,0.0,0.0,0.14999999999999997,10
structural,null,holdout,mdi,1,10,0.5,0.0,0.0,0.0,0.14999999999999997,10
structural,null,holdout,mdi,2,10,0.485,0.033932357442811485,0.0,0.0,0.14999999999999997,10
structural,null,holdout,mdi,3,10,0.5,0.0,0.0,0.0,0.14999999999999997,10
structural,null,holdout,mdi,4,10,0.5,0.0,0.0,0.0,0.14999999999999997,10
structural,null,holdout,mdi,5,10,0.5,0.0,0.0,0.0,0.14999999999999997,10
structural,null,holdout,mdi,6,10,0.5,0.0,0.0,0.0,0.14999999999999997,10
structural,null,holdout,mdi,7,10,0.5,0.0,0.0,0.0,0.14999999999999997,10
structural,null,holdout,mdi,8,5,0.5,0.0,0.0,0.0,0.14999999999999997,10
structural,null,holdout,mdi,8,10,0.5,0.0,0.0,0.0,0.14999999999999997,10
structural,null,holdout,mdi,8,25,0.48200000000000004,0.010556733426652455,0.0,0.0,0.14999999999999997,10
structural,null,holdout,mdi_decay0,0,10,0.5,0.0,0.0,0.0,0.14999999999999997,10
structural,null,holdout,mdi_decay0,1,10,0.5,0.0,0.0,0.0,0.14999999999999997,10
structural,null,holdout,mdi_decay0,2,10,0.485,0.033932357442811485,0.0,0.0,0.14999999999999997,10
structural,null,holdout,mdi_decay0,3,10,0.5,0.0,0.0,0.0,0.14999999999999997,10
structural,null,holdout,mdi_decay0,4,10,0.5,0.0,0.0,0.0,0.14999999999999997,10
structural,null,holdout,mdi_decay0,5,10,0.5,0.0,0.0,0.0,0.14999999999999997,10
structural,null,holdout,mdi_decay0,6,10,0.5,0.0,0.0,0.0,0.14999999999999997,10
structural,null,holdout,mdi_decay0,7,10,0.5,0.0,0.0,0.0,0.14999999999999997,10
structural,null,holdout,mdi_decay0,8,5,0.5,0.0,0.0,0.0,0.14999999999999997,10
structural,null,holdout,mdi_decay0,8,10,0.5,0.0,0.0,0.0,0.14999999999999997,10
structural,null,holdout,mdi_decay0,8,25,0.47800000000000004,0.012527259113756602,0.0,0.0,0.14999999999999997,10
structural,null,holdout,mdi_decay020,0,10,0.5,0.0,0.0,0.0,0.14999999999999997,10
structural,null,holdout,mdi_decay020,1,10,0.5,0.0,0.0,0.0,0.14999999999999997,10
structural,null,holdout,mdi_decay020,2,10,0.485,0.033932357442811485,0.0,0.0,0.14999999999999997,10
structural,null,holdout,mdi_decay020,3,10,0.5,0.0,0.0,0.0,0.14999999999999997,10
structural,null,holdout,mdi_decay020,4,10,0.5,0.0,0.0,0.0,0.14999999999999997,10
structural,null,holdout,mdi_decay020,5,10,0.5,0.0,0.0,0.0,0.14999999999999997,10
structural,null,holdout,mdi_decay020,6,10,0.5,0.0,0.0,0.0,0.14999999999999997,10
structural,null,holdout,mdi_decay020,7,10,0.5,0.0,0.0,0.0,0.14999999999999997,10
structural,null,holdout,mdi_decay020,8,5,0.5,0.0,0.0,0.0,0.14999999999999997,10
structural,null,holdout,mdi_decay020,8,10,0.5,0.0,0.0,0.0,0.14999999999999997,10
structural,null,holdout,mdi_decay020,8,25,0.484,0.013147352623050265,0.0,0.0,0.14999999999999997,10
structural,null,holdout,mdi_no_novelty,0,10,0.5,0.0,0.0,0.0,0.14999999999999997,10
structural,null,holdout,mdi_no_novelty,1,10,0.5,0.0,0.0,0.0,0.14999999999999997,10
structural,null,holdout,mdi_no_novelty,2,10,0.47000000000000003,0.03455502144221818,0.0,0.0,0.14999999999999997,10
structural,null,holdout,mdi_no_novelty,3,10,0.5,0.0,0.0,0.0,0.14999999999999997,10
structural,null,holdout,mdi_no_novelty,4,10,0.5,0.0,0.0,0.0,0.14999999999999997,10
structural,null,holdout,mdi_no_novelty,5,10,0.5,0.0,0.0,0.0,0.14999999999999997,10
structural,null,holdout,mdi_no_novelty,6,10,0.5,0.0,0.0,0.0,0.14999999999999997,10
structural,null,holdout,mdi_no_novelty,7,10,0.5,0.0,0.0,0.0,0.14999999999999997,10
structural,null,holdout,mdi_no_novelty,8,5,0.5,0.0,0.0,0.0,0.14999999999999997,10
structural,null,holdout,mdi_no_novelty,8,10,0.5,0.0,0.0,0.0,0.14999999999999997,10
structural,null,holdout,mdi_no_novelty,8,25,0.48200000000000004,0.018408764813272607,0.0,0.0,0.14999999999999997,10
structural,null,holdout,mdi_original,0,10,0.48,0.04524314325708196,0.0,0.0,0.14999999999999997,10
structural,null,holdout,mdi_original,1,10,0.495,0.01131078581427049,0.0,0.0,0.14999999999999997,10
structural,null,holdout,mdi_original,2,10,0.47000000000000003,0.025009088420006466,0.0,0.0,0.14999999999999997,10
structural,null,holdout,mdi_original,3,10,0.5,0.0,0.0,0.0,0.14999999999999997,10
structural,null,holdout,mdi_original,4,10,0.5,0.0,0.0,0.0,0.14999999999999997,10
structural,null,holdout,mdi_original,5,10,0.485,0.01727751072110909,0.0,0.0,0.14999999999999997,10
structural,null,holdout,mdi_original,6,10,0.5,0.0,0.0,0.0,0.14999999999999997,10
structural,null,holdout,mdi_original,7,10,0.5,0.0,0.0,0.0,0.14999999999999997,10
structural,null,holdout,mdi_original,8,5,0.5,0.0,0.0,0.0,0.14999999999999997,10
structural,null,holdout,mdi_original,8,10,0.5,0.0,0.0,0.0,0.14999999999999997,10
structural,null,holdout,mdi_original,8,25,0.484,0.014776348711932296,0.0,0.0,0.14999999999999997,10
structural,null,holdout,mdi_reset,0,10,0.5,0.0,0.0,0.0,0.14999999999999997,10
structural,null,holdout,mdi_reset,1,10,0.5,0.0,0.0,0.0,0.14999999999999997,10
structural,null,holdout,mdi_reset,2,10,0.5,0.0,0.0,0.0,0.14999999999999997,10
structural,null,holdout,mdi_reset,3,10,0.5,0.0,0.0,0.0,0.14999999999999997,10
structural,null,holdout,mdi_reset,4,10,0.5,0.0,0.0,0.0,0.14999999999999997,10
structural,null,holdout,mdi_reset,5,10,0.5,0.0,0.0,0.0,0.14999999999999997,10
structural,null,holdout,mdi_reset,6,10,0.5,0.0,0.0,0.0,0.14999999999999997,10
structural,null,holdout,mdi_reset,7,10,0.5,0.0,0.0,0.0,0.14999999999999997,10
structural,null,holdout,mdi_reset,8,5,0.5,0.0,0.0,0.0,0.14999999999999997,10
structural,null,holdout,mdi_reset,8,10,0.5,0.0,0.0,0.0,0.14999999999999997,10
structural,null,holdout,mdi_reset,8,25,0.48599999999999993,0.01913570437970502,0.0,0.0,0.14999999999999997,10
structural,null,holdout,mdi_with_delta,0,10,0.5,0.0,0.0,0.0,0.14999999999999997,10
structural,null,holdout,mdi_with_delta,1,10,0.5,0.0,0.0,0.0,0.14999999999999997,10
structural,null,holdout,mdi_with_delta,2,10,0.44000000000000006,0.04709055651362149,0.0,0.0,0.14999999999999997,10
structural,null,holdout,mdi_with_delta,3,10,0.485,0.024141455597255692,0.0,0.0,0.14999999999999997,10
structural,null,holdout,mdi_with_delta,4,10,0.5,0.0,0.0,0.0,0.14999999999999997,10
structural,null,holdout,mdi_with_delta,5,10,0.465,0.04783926094926254,0.0,0.0,0.14999999999999997,10
structural,null,holdout,mdi_with_delta,6,10,0.5,0.0,0.0,0.0,0.14999999999999997,10
structural,null,holdout,mdi_with_delta,7,10,0.5,0.0,0.0,0.0,0.14999999999999997,10
structural,null,holdout,mdi_with_delta,8,5,0.49000000000000005,0.022621571628540983,0.0,0.0,0.14999999999999997,10
structural,null,holdout,mdi_with_delta,8,10,0.475,0.04539996571433347,0.0,0.0,0.14999999999999997,10
structural,null,holdout,mdi_with_delta,8,25,0.392,0.013822008576887269,0.0,0.0,0.14999999999999997,10
structural,null,holdout,predicate_match,0,10,0.13999999999999999,0.040606963805363765,0.0,0.0,0.14999999999999997,10
structural,null,holdout,predicate_match,1,10,0.25,0.06952019510772302,0.0,0.0,0.14999999999999997,10
structural,null,holdout,predicate_match,2,10,0.22999999999999998,0.06353758354890779,0.0,0.0,0.14999999999999997,10
structural,null,holdout,predicate_match,3,10,0.29500000000000004,0.06183689349415336,0.0,0.0,0.14999999999999997,10
structural,null,holdout,predicate_match,4,10,0.22999999999999998,0.0564281137229108,0.0,0.0,0.14999999999999997,10
structural,null,holdout,predicate_match,5,10,0.22999999999999998,0.06353758354890779,0.0,0.0,0.14999999999999997,10
structural,null,holdout,predicate_match,6,10,0.29500000000000004,0.06183689349415336,0.0,0.0,0.14999999999999997,10
structural,null,holdout,predicate_match,7,10,0.22999999999999998,0.0564281137229108,0.0,0.0,0.14999999999999997,10
structural,null,holdout,predicate_match,8,5,0.27,0.10144737334811316,0.0,0.0,0.14999999999999997,10
structural,null,holdout,predicate_match,8,10,0.22999999999999998,0.06353758354890779,0.0,0.0,0.14999999999999997,10
structural,null,holdout,predicate_match,8,25,0.248,0.02355734966404152,0.0,0.0,0.14999999999999997,10
structural,null,holdout,random,0,10,0.12000000000000002,0.03844927838735581,0.0,0.0,0.14999999999999997,10
structural,null,holdout,random,1,10,0.12000000000000002,0.03844927838735581,0.0,0.0,0.14999999999999997,10
structural,null,holdout,random,2,10,0.12000000000000002,0.03844927838735581,0.0,0.0,0.14999999999999997,10
structural,null,holdout,random,3,10,0.12000000000000002,0.03844927838735581,0.0,0.0,0.14999999999999997,10
structural,null,holdout,random,4,10,0.12000000000000002,0.03844927838735581,0.0,0.0,0.14999999999999997,10
structural,null,holdout,random,5,10,0.12000000000000002,0.03844927838735581,0.0,0.0,0.14999999999999997,10
structural,null,holdout,random,6,10,0.12000000000000002,0.03844927838735581,0.0,0.0,0.14999999999999997,10
structural,null,holdout,random,7,10,0.12000000000000002,0.03844927838735581,0.0,0.0,0.14999999999999997,10
structural,null,holdout,random,8,5,0.08,0.06573676311525133,0.0,0.0,0.14999999999999997,10
structural,null,holdout,random,8,10,0.12000000000000002,0.03844927838735581,0.0,0.0,0.14999999999999997,10
structural,null,holdout,random,8,25,0.146,0.030199774589374336,0.0,0.0,0.14999999999999997,10
structural,null,holdout,recurrence,0,10,0.13999999999999999,0.040606963805363765,0.0,0.0,0.14999999999999997,10
structural,null,holdout,recurrence,1,10,0.13999999999999999,0.040606963805363765,0.0,0.0,0.14999999999999997,10
structural,null,holdout,recurrence,2,10,0.13999999999999999,0.040606963805363765,0.0,0.0,0.14999999999999997,10
structural,null,holdout,recurrence,3,10,0.13999999999999999,0.040606963805363765,0.0,0.0,0.14999999999999997,10
structural,null,holdout,recurrence,4,10,0.13999999999999999,0.040606963805363765,0.0,0.0,0.14999999999999997,10
structural,null,holdout,recurrence,5,10,0.13999999999999999,0.040606963805363765,0.0,0.0,0.14999999999999997,10
structural,null,holdout,recurrence,6,10,0.13999999999999999,0.040606963805363765,0.0,0.0,0.14999999999999997,10
structural,null,holdout,recurrence,7,10,0.13999999999999999,0.040606963805363765,0.0,0.0,0.14999999999999997,10
structural,null,holdout,recurrence,8,5,0.13999999999999999,0.06032419100944265,0.0,0.0,0.14999999999999997,10
structural,null,holdout,recurrence,8,10,0.13999999999999999,0.040606963805363765,0.0,0.0,0.14999999999999997,10
structural,null,holdout,recurrence,8,25,0.156,0.03803295529307615,0.0,0.0,0.14999999999999997,10
structural,null,holdout,similarity,0,10,0.40499999999999997,0.049013405195172145,0.0,0.0,0.14999999999999997,10
structural,null,holdout,similarity,1,10,0.40499999999999997,0.049013405195172145,0.0,0.0,0.14999999999999997,10
structural,null,holdout,similarity,2,10,0.40499999999999997,0.049013405195172145,0.0,0.0,0.14999999999999997,10
structural,null,holdout,similarity,3,10,0.40499999999999997,0.049013405195172145,0.0,0.0,0.14999999999999997,10
structural,null,holdout,similarity,4,10,0.40499999999999997,0.049013405195172145,0.0,0.0,0.14999999999999997,10
structural,null,holdout,similarity,5,10,0.40499999999999997,0.049013405195172145,0.0,0.0,0.14999999999999997,10
structural,null,holdout,similarity,6,10,0.40499999999999997,0.049013405195172145,0.0,0.0,0.14999999999999997,10
structural,null,holdout,similarity,7,10,0.40499999999999997,0.049013405195172145,0.0,0.0,0.14999999999999997,10
structural,null,holdout,similarity,8,5,0.43,0.05889337416010381,0.0,0.0,0.14999999999999997,10
structural,null,holdout,similarity,8,10,0.40499999999999997,0.049013405195172145,0.0,0.0,0.14999999999999997,10
structural,null,holdout,similarity,8,25,0.32599999999999996,0.04160292285358514,0.0,0.0,0.14999999999999997,10
structural,null,holdout,value_profile,0,10,0.13999999999999999,0.040606963805363765,0.0,0.0,0.14999999999999997,10
structural,null,holdout,value_profile,1,10,0.48,0.018470435889915378,0.0,0.0,0.14999999999999997,10
structural,null,holdout,value_profile,2,10,0.42000000000000004,0.06573676311525131,0.0,0.0,0.14999999999999997,10
structural,null,holdout,value_profile,3,10,0.485,0.024141455597255675,0.0,0.0,0.14999999999999997,10
structural,null,holdout,value_profile,4,10,0.475,0.01885130969045083,0.0,0.0,0.14999999999999997,10
structural,null,holdout,value_profile,5,10,0.45,0.05592202176243729,0.0,0.0,0.14999999999999997,10
structural,null,holdout,value_profile,6,10,0.48,0.02500908842000647,0.0,0.0,0.14999999999999997,10
structural,null,holdout,value_profile,7,10,0.48,0.018470435889915378,0.0,0.0,0.14999999999999997,10
structural,null,holdout,value_profile,8,5,0.45,0.06952019510772303,0.0,0.0,0.14999999999999997,10
structural,null,holdout,value_profile,8,10,0.45,0.05592202176243729,0.0,0.0,0.14999999999999997,10
structural,null,holdout,value_profile,8,25,0.4640000000000001,0.024129676403777042,0.0,0.0,0.14999999999999997,10
structural,switch,exposed,association_only,0,10,0.485,0.033932357442811485,0.0,0.0,0.14999999999999997,10
structural,switch,exposed,association_only,1,10,0.485,0.033932357442811485,0.0,0.0,0.14999999999999997,10
structural,switch,exposed,association_only,2,10,1.0,0.0,1.0,0.0,0.14999999999999997,10
structural,switch,exposed,association_only,3,10,1.0,0.0,1.0,0.0,0.14999999999999997,10
structural,switch,exposed,association_only,4,10,1.0,0.0,1.0,0.0,0.14999999999999997,10
structural,switch,exposed,association_only,5,10,0.030000000000000006,0.03844927838735581,-0.9400000000000001,0.0768985567747116,0.14999999999999997,10
structural,switch,exposed,association_only,6,10,0.29500000000000004,0.06838635757163815,-0.41,0.1367727151432763,0.14999999999999997,10
structural,switch,exposed,association_only,7,10,0.57,0.03016209550472129,0.14000000000000004,0.060324191009442606,0.14999999999999997,10
structural,switch,exposed,association_only,8,5,0.8699999999999999,0.10690537669255168,0.74,0.21381075338510336,0.14999999999999997,10
structural,switch,exposed,association_only,8,10,0.8100000000000002,0.04060696380536379,0.6200000000000001,0.08121392761072754,0.14999999999999997,10
structural,switch,exposed,association_only,8,25,0.5780000000000001,0.008121392761072743,0.15600000000000003,0.01624278552214549,0.14999999999999997,10
structural,switch,exposed,clustering,0,10,0.15999999999999998,0.040606963805363765,0.0,0.0,0.14999999999999997,10
structural,switch,exposed,clustering,1,10,0.15999999999999998,0.040606963805363765,0.0,0.0,0.14999999999999997,10
structural,switch,exposed,clustering,2,10,0.15999999999999998,0.040606963805363765,0.0,0.0,0.14999999999999997,10
structural,switch,exposed,clustering,3,10,0.15999999999999998,0.040606963805363765,0.0,0.0,0.14999999999999997,10
structural,switch,exposed,clustering,4,10,0.15999999999999998,0.040606963805363765,0.0,0.0,0.14999999999999997,10
structural,switch,exposed,clustering,5,10,0.15999999999999998,0.040606963805363765,0.0,0.0,0.14999999999999997,10
structural,switch,exposed,clustering,6,10,0.15999999999999998,0.040606963805363765,0.0,0.0,0.14999999999999997,10
structural,switch,exposed,clustering,7,10,0.15999999999999998,0.040606963805363765,0.0,0.0,0.14999999999999997,10
structural,switch,exposed,clustering,8,5,0.18000000000000002,0.05642811372291081,0.0,0.0,0.14999999999999997,10
structural,switch,exposed,clustering,8,10,0.15999999999999998,0.040606963805363765,0.0,0.0,0.14999999999999997,10
structural,switch,exposed,clustering,8,25,0.12600000000000003,0.016589152527596726,0.0,0.0,0.14999999999999997,10
structural,switch,exposed,competing_models,0,10,0.13999999999999999,0.040606963805363765,0.0,0.0,0.14999999999999997,10
structural,switch,exposed,competing_models,1,10,0.5,0.0,0.0,0.0,0.14999999999999997,10
structural,switch,exposed,competing_models,2,10,1.0,0.0,1.0,0.0,0.14999999999999997,10
structural,switch,exposed,competing_models,3,10,1.0,0.0,1.0,0.0,0.14999999999999997,10
structural,switch,exposed,competing_models,4,10,1.0,0.0,1.0,0.0,0.14999999999999997,10
structural,switch,exposed,competing_models,5,10,0.0,0.0,-1.0,0.0,0.14999999999999997,10
structural,switch,exposed,competing_models,6,10,0.12500000000000003,0.0777259410349585,-0.7499999999999999,0.15545188206991697,0.14999999999999997,10
structural,switch,exposed,competing_models,7,10,1.0,0.0,1.0,0.0,0.14999999999999997,10
structural,switch,exposed,competing_models,8,5,1.0,0.0,1.0,0.0,0.14999999999999997,10
structural,switch,exposed,competing_models,8,10,1.0,0.0,1.0,0.0,0.14999999999999997,10
structural,switch,exposed,competing_models,8,25,0.5999999999999999,8.371663225071135e-17,0.19999999999999996,0.0,0.14999999999999997,10
structural,switch,exposed,context_oracle,0,10,0.585,0.0585302049775716,0.585,0.0585302049775716,0.14999999999999997,10
structural,switch,exposed,context_oracle,1,10,0.585,0.056048973167046684,0.585,0.056048973167046684,0.14999999999999997,10
structural,switch,exposed,context_oracle,2,10,0.63,0.05889337416010378,0.63,0.05889337416010378,0.14999999999999997,10
structural,switch,exposed,context_oracle,3,10,0.57,0.05642811372291077,0.57,0.05642811372291077,0.14999999999999997,10
structural,switch,exposed,context_oracle,4,10,0.655,0.04602191203318151,0.655,0.04602191203318151,0.14999999999999997,10
structural,switch,exposed,context_oracle,5,10,0.575,0.05128110656114109,0.575,0.05128110656114109,0.14999999999999997,10
structural,switch,exposed,context_oracle,6,10,0.6200000000000001,0.06573676311525131,0.6200000000000001,0.06573676311525131,0.14999999999999997,10
structural,switch,exposed,context_oracle,7,10,0.6050000000000001,0.05450604454644074,0.6050000000000001,0.05450604454644074,0.14999999999999997,10
structural,switch,exposed,context_oracle,8,5,0.64,0.09048628651416393,0.64,0.09048628651416393,0.14999999999999997,10
structural,switch,exposed,context_oracle,8,10,0.605,0.07043430558720785,0.605,0.07043430558720785,0.14999999999999997,10
structural,switch,exposed,context_oracle,8,25,0.5999999999999999,8.371663225071135e-17,0.5999999999999999,8.371663225071135e-17,0.14999999999999997,10
structural,switch,exposed,delta_only,0,10,0.145,0.04602191203318153,0.0,0.0,0.14999999999999997,10
structural,switch,exposed,delta_only,1,10,0.19499999999999998,0.04901340519517214,0.0,0.0,0.14999999999999997,10
structural,switch,exposed,delta_only,2,10,0.8150000000000001,0.06754979571591213,0.8150000000000001,0.06754979571591213,0.14999999999999997,10
structural,switch,exposed,delta_only,3,10,0.785,0.08095095683631576,0.785,0.08095095683631576,0.14999999999999997,10
structural,switch,exposed,delta_only,4,10,0.5700000000000001,0.07388174355966146,0.5700000000000001,0.07388174355966146,0.14999999999999997,10
structural,switch,exposed,delta_only,5,10,0.0,0.0,-0.55,0.06952019510772303,0.14999999999999997,10
structural,switch,exposed,delta_only,6,10,0.0,0.0,-0.5599999999999999,0.0750272652600194,0.14999999999999997,10
structural,switch,exposed,delta_only,7,10,0.035,0.05345268834627584,-0.43499999999999994,0.1380657360995446,0.14999999999999997,10
structural,switch,exposed,delta_only,8,5,0.0,0.0,-0.74,0.13985588336774574,0.14999999999999997,10
structural,switch,exposed,delta_only,8,10,0.045000000000000005,0.04901340519517214,-0.425,0.12978685207657406,0.14999999999999997,10
structural,switch,exposed,delta_only,8,25,0.18,0.03568827268628032,-0.024000000000000007,0.018836222605448594,0.14999999999999997,10
structural,switch,exposed,frequency,0,10,0.495,0.011310785814270504,0.0,0.0,0.14999999999999997,10
structural,switch,exposed,frequency,1,10,0.495,0.011310785814270504,0.0,0.0,0.14999999999999997,10
structural,switch,exposed,frequency,2,10,0.495,0.011310785814270504,0.0,0.0,0.14999999999999997,10
structural,switch,exposed,frequency,3,10,0.495,0.011310785814270504,0.0,0.0,0.14999999999999997,10
structural,switch,exposed,frequency,4,10,0.495,0.011310785814270504,0.0,0.0,0.14999999999999997,10
structural,switch,exposed,frequency,5,10,0.495,0.011310785814270504,0.0,0.0,0.14999999999999997,10
structural,switch,exposed,frequency,6,10,0.495,0.011310785814270504,0.0,0.0,0.14999999999999997,10
structural,switch,exposed,frequency,7,10,0.495,0.011310785814270504,0.0,0.0,0.14999999999999997,10
structural,switch,exposed,frequency,8,5,0.5,0.0,0.0,0.0,0.14999999999999997,10
structural,switch,exposed,frequency,8,10,0.495,0.011310785814270504,0.0,0.0,0.14999999999999997,10
structural,switch,exposed,frequency,8,25,0.28400000000000003,0.043080089260368264,0.0,0.0,0.14999999999999997,10
structural,switch,exposed,mdi,0,10,0.5,0.0,0.0,0.0,0.14999999999999997,10
structural,switch,exposed,mdi,1,10,0.5,0.0,0.0,0.0,0.14999999999999997,10
structural,switch,exposed,mdi,2,10,1.0,0.0,1.0,0.0,0.14999999999999997,10
structural,switch,exposed,mdi,3,10,0.99,0.01508104775236067,0.9800000000000001,0.03016209550472134,0.14999999999999997,10
structural,switch,exposed,mdi,4,10,0.9949999999999999,0.011310785814270504,0.99,0.022621571628541007,0.14999999999999997,10
structural,switch,exposed,mdi,5,10,0.07,0.04524314325708199,-0.8600000000000001,0.09048628651416392,0.14999999999999997,10
structural,switch,exposed,mdi,6,10,0.25,0.07153569059883398,-0.5,0.143071381197668,0.14999999999999997,10
structural,switch,exposed,mdi,7,10,0.695,0.03131814778439152,0.38999999999999996,0.06263629556878302,0.14999999999999997,10
structural,switch,exposed,mdi,8,5,1.0,0.0,1.0,0.0,0.14999999999999997,10
structural,switch,exposed,mdi,8,10,0.95,0.04130115022390258,0.9,0.08260230044780516,0.14999999999999997,10
structural,switch,exposed,mdi,8,25,0.594,0.0069110042884436024,0.20999999999999996,0.027187745479428635,0.14999999999999997,10
structural,switch,exposed,mdi_decay0,0,10,0.5,0.0,0.0,0.0,0.14999999999999997,10
structural,switch,exposed,mdi_decay0,1,10,0.5,0.0,0.0,0.0,0.14999999999999997,10
structural,switch,exposed,mdi_decay0,2,10,1.0,0.0,1.0,0.0,0.14999999999999997,10
structural,switch,exposed,mdi_decay0,3,10,0.985,0.017277510721109102,0.97,0.034555021442218205,0.14999999999999997,10
structural,switch,exposed,mdi_decay0,4,10,0.9949999999999999,0.011310785814270504,0.99,0.022621571628541007,0.14999999999999997,10
structural,switch,exposed,mdi_decay0,5,10,0.05500000000000001,0.03556857998685378,-0.89,0.07113715997370754,0.14999999999999997,10
structural,switch,exposed,mdi_decay0,6,10,0.10500000000000001,0.035568579986853775,-0.79,0.07113715997370754,0.14999999999999997,10
structural,switch,exposed,mdi_decay0,7,10,0.495,0.035568579986853796,-0.010000000000000009,0.07113715997370759,0.14999999999999997,10
structural,switch,exposed,mdi_decay0,8,5,0.97,0.03455502144221817,0.9400000000000001,0.06911004288443634,0.14999999999999997,10
structural,switch,exposed,mdi_decay0,8,10,0.9,0.05331955566546178,0.8,0.10663911133092359,0.14999999999999997,10
structural,switch,exposed,mdi_decay0,8,25,0.5880000000000001,0.0073881743559661124,0.194,0.027848942250355387,0.14999999999999997,10
structural,switch,exposed,mdi_decay020,0,10,0.5,0.0,0.0,0.0,0.14999999999999997,10
structural,switch,exposed,mdi_decay020,1,10,0.5,0.0,0.0,0.0,0.14999999999999997,10
structural,switch,exposed,mdi_decay020,2,10,1.0,0.0,1.0,0.0,0.14999999999999997,10
structural,switch,exposed,mdi_decay020,3,10,0.985,0.017277510721109102,0.9700000000000001,0.034555021442218205,0.14999999999999997,10
structural,switch,exposed,mdi_decay020,4,10,0.9949999999999999,0.011310785814270504,0.99,0.022621571628541007,0.14999999999999997,10
structural,switch,exposed,mdi_decay020,5,10,0.09500000000000001,0.049013405195172145,-0.8100000000000002,0.09802681039034422,0.14999999999999997,10
structural,switch,exposed,mdi_decay020,6,10,0.7449999999999999,0.05949372988282918,0.49000000000000005,0.11898745976565835,0.14999999999999997,10
structural,switch,exposed,mdi_decay020,7,10,0.9599999999999997,0.03286838155762567,0.9199999999999999,0.06573676311525134,0.14999999999999997,10
structural,switch,exposed,mdi_decay020,8,5,1.0,0.0,1.0,0.0,0.14999999999999997,10
structural,switch,exposed,mdi_decay020,8,10,0.9949999999999999,0.011310785814270504,0.99,0.022621571628541007,0.14999999999999997,10
structural,switch,exposed,mdi_decay020,8,25,0.5979999999999999,0.004524314325708177,0.21599999999999997,0.023167945163289697,0.14999999999999997,10
structural,switch,exposed,mdi_no_novelty,0,10,0.5,0.0,0.0,0.0,0.14999999999999997,10
structural,switch,exposed,mdi_no_novelty,1,10,0.5,0.0,0.0,0.0,0.14999999999999997,10
structural,switch,exposed,mdi_no_novelty,2,10,1.0,0.0,1.0,0.0,0.14999999999999997,10
structural,switch,exposed,mdi_no_novelty,3,10,1.0,0.0,1.0,0.0,0.14999999999999997,10
structural,switch,exposed,mdi_no_novelty,4,10,1.0,0.0,1.0,0.0,0.14999999999999997,10
structural,switch,exposed,mdi_no_novelty,5,10,0.0,0.0,-1.0,0.0,0.14999999999999997,10
structural,switch,exposed,mdi_no_novelty,6,10,0.215,0.08268829974277671,-0.57,0.16537659948555342,0.14999999999999997,10
structural,switch,exposed,mdi_no_novelty,7,10,0.625,0.03863368845438131,0.25,0.07726737690876263,0.14999999999999997,10
structural,switch,exposed,mdi_no_novelty,8,5,1.0,0.0,1.0,0.0,0.14999999999999997,10
structural,switch,exposed,mdi_no_novelty,8,10,0.9400000000000001,0.036940871779830735,0.8799999999999999,0.07388174355966146,0.14999999999999997,10
structural,switch,exposed,mdi_no_novelty,8,25,0.5999999999999999,8.371663225071135e-17,0.19999999999999996,0.0,0.14999999999999997,10
structural,switch,exposed,mdi_original,0,10,0.48,0.04524314325708196,0.0,0.0,0.14999999999999997,10
structural,switch,exposed,mdi_original,1,10,0.485,0.033932357442811485,0.0,0.0,0.14999999999999997,10
structural,switch,exposed,mdi_original,2,10,0.985,0.024141455597255678,0.97,0.048282911194511356,0.14999999999999997,10
structural,switch,exposed,mdi_original,3,10,1.0,0.0,1.0,0.0,0.14999999999999997,10
structural,switch,exposed,mdi_original,4,10,1.0,0.0,1.0,0.0,0.14999999999999997,10
structural,switch,exposed,mdi_original,5,10,0.07000000000000002,0.04198386011486575,-0.8600000000000001,0.08396772022973145,0.14999999999999997,10
structural,switch,exposed,mdi_original,6,10,0.33,0.06573676311525131,-0.33999999999999997,0.13147352623050265,0.14999999999999997,10
structural,switch,exposed,mdi_original,7,10,0.5599999999999999,0.040606963805363744,0.11999999999999997,0.0812139276107275,0.14999999999999997,10
structural,switch,exposed,mdi_original,8,5,0.85,0.10796387158251297,0.7,0.21592774316502594,0.14999999999999997,10
structural,switch,exposed,mdi_original,8,10,0.7849999999999999,0.04147288131899182,0.5700000000000001,0.08294576263798363,0.14999999999999997,10
structural,switch,exposed,mdi_original,8,25,0.534,0.020289474669622623,0.07000000000000003,0.042253855566983606,0.14999999999999997,10
structural,switch,exposed,mdi_reset,0,10,0.5,0.0,0.0,0.0,0.14999999999999997,10
structural,switch,exposed,mdi_reset,1,10,0.5,0.0,0.0,0.0,0.14999999999999997,10
structural,switch,exposed,mdi_reset,2,10,0.5,0.0,0.0,0.0,0.14999999999999997,10
structural,switch,exposed,mdi_reset,3,10,0.5,0.0,0.0,0.0,0.14999999999999997,10
structural,switch,exposed,mdi_reset,4,10,0.5,0.0,0.0,0.0,0.14999999999999997,10
structural,switch,exposed,mdi_reset,5,10,0.5,0.0,0.0,0.0,0.14999999999999997,10
structural,switch,exposed,mdi_reset,6,10,0.5,0.0,0.0,0.0,0.14999999999999997,10
structural,switch,exposed,mdi_reset,7,10,0.5,0.0,0.0,0.0,0.14999999999999997,10
structural,switch,exposed,mdi_reset,8,5,0.5,0.0,0.0,0.0,0.14999999999999997,10
structural,switch,exposed,mdi_reset,8,10,0.5,0.0,0.0,0.0,0.14999999999999997,10
structural,switch,exposed,mdi_reset,8,25,0.48599999999999993,0.01913570437970502,0.0,0.0,0.14999999999999997,10
structural,switch,exposed,mdi_with_delta,0,10,0.5,0.0,0.0,0.0,0.14999999999999997,10
structural,switch,exposed,mdi_with_delta,1,10,0.495,0.01131078581427049,0.0,0.0,0.14999999999999997,10
structural,switch,exposed,mdi_with_delta,2,10,1.0,0.0,1.0,0.0,0.14999999999999997,10
structural,switch,exposed,mdi_with_delta,3,10,1.0,0.0,1.0,0.0,0.14999999999999997,10
structural,switch,exposed,mdi_with_delta,4,10,0.99,0.01508104775236067,0.985,0.024141455597255702,0.14999999999999997,10
structural,switch,exposed,mdi_with_delta,5,10,0.015000000000000003,0.01727751072110909,-0.97,0.034555021442218205,0.14999999999999997,10
structural,switch,exposed,mdi_with_delta,6,10,0.11500000000000002,0.0585302049775716,-0.7700000000000001,0.11706040995514318,0.14999999999999997,10
structural,switch,exposed,mdi_with_delta,7,10,0.41,0.05001817684001294,-0.12500000000000003,0.07203075318821234,0.14999999999999997,10
structural,switch,exposed,mdi_with_delta,8,5,0.61,0.07872538050508089,0.22999999999999998,0.14326995364742623,0.14999999999999997,10
structural,switch,exposed,mdi_with_delta,8,10,0.47000000000000003,0.06353758354890782,-0.019999999999999983,0.07763444489843434,0.14999999999999997,10
structural,switch,exposed,mdi_with_delta,8,25,0.39,0.01815998628573339,-0.074,0.03094372287735941,0.14999999999999997,10
structural,switch,exposed,predicate_match,0,10,0.13999999999999999,0.040606963805363765,0.0,0.0,0.14999999999999997,10
structural,switch,exposed,predicate_match,1,10,0.25,0.06952019510772302,0.0,0.0,0.14999999999999997,10
structural,switch,exposed,predicate_match,2,10,0.61,0.06911004288443634,0.61,0.06911004288443634,0.14999999999999997,10
structural,switch,exposed,predicate_match,3,10,1.0,0.0,1.0,0.0,0.14999999999999997,10
structural,switch,exposed,predicate_match,4,10,0.7050000000000001,0.07043430558720787,0.7050000000000001,0.07043430558720787,0.14999999999999997,10
structural,switch,exposed,predicate_match,5,10,0.0,0.0,-0.7050000000000001,0.07043430558720787,0.14999999999999997,10
structural,switch,exposed,predicate_match,6,10,0.39,0.06032419100944264,-0.22000000000000003,0.12064838201888528,0.14999999999999997,10
structural,switch,exposed,predicate_match,7,10,0.525,0.09273618185204684,0.13499999999999998,0.13909149861276682,0.14999999999999997,10
structural,switch,exposed,predicate_match,8,5,1.0,0.0,1.0,0.0,0.14999999999999997,10
structural,switch,exposed,predicate_match,8,10,1.0,0.0,1.0,0.0,0.14999999999999997,10
structural,switch,exposed,predicate_match,8,25,0.5999999999999999,8.371663225071135e-17,0.23199999999999993,0.028772805298835497,0.14999999999999997,10
structural,switch,exposed,random,0,10,0.12000000000000002,0.03844927838735581,0.0,0.0,0.14999999999999997,10
structural,switch,exposed,random,1,10,0.12000000000000002,0.03844927838735581,0.0,0.0,0.14999999999999997,10
structural,switch,exposed,random,2,10,0.12000000000000002,0.03844927838735581,0.0,0.0,0.14999999999999997,10
structural,switch,exposed,random,3,10,0.12000000000000002,0.03844927838735581,0.0,0.0,0.14999999999999997,10
structural,switch,exposed,random,4,10,0.12000000000000002,0.03844927838735581,0.0,0.0,0.14999999999999997,10
structural,switch,exposed,random,5,10,0.12000000000000002,0.03844927838735581,0.0,0.0,0.14999999999999997,10
structural,switch,exposed,random,6,10,0.12000000000000002,0.03844927838735581,0.0,0.0,0.14999999999999997,10
structural,switch,exposed,random,7,10,0.12000000000000002,0.03844927838735581,0.0,0.0,0.14999999999999997,10
structural,switch,exposed,random,8,5,0.08,0.06573676311525133,0.0,0.0,0.14999999999999997,10
structural,switch,exposed,random,8,10,0.12000000000000002,0.03844927838735581,0.0,0.0,0.14999999999999997,10
structural,switch,exposed,random,8,25,0.146,0.030199774589374336,0.0,0.0,0.14999999999999997,10
structural,switch,exposed,recurrence,0,10,0.13999999999999999,0.040606963805363765,0.0,0.0,0.14999999999999997,10
structural,switch,exposed,recurrence,1,10,0.215,0.07917550069989343,0.0,0.0,0.14999999999999997,10
structural,switch,exposed,recurrence,2,10,0.49000000000000005,0.07872538050508088,0.39,0.11158956300508927,0.14999999999999997,10
structural,switch,exposed,recurrence,3,10,0.6950000000000001,0.049013405195172166,0.635,0.06320110677819658,0.14999999999999997,10
structural,switch,exposed,recurrence,4,10,0.7050000000000001,0.07242436679176704,0.675,0.07772594103495853,0.14999999999999997,10
structural,switch,exposed,recurrence,5,10,0.08500000000000002,0.0447693800106212,-0.565,0.08930030750728801,0.14999999999999997,10
structural,switch,exposed,recurrence,6,10,0.32,0.048282911194511356,-0.175,0.07397788119767551,0.14999999999999997,10
structural,switch,exposed,recurrence,7,10,0.395,0.057054416075662466,5.551115123125783e-18,0.08086310986867402,0.14999999999999997,10
structural,switch,exposed,recurrence,8,5,0.57,0.11209794633409337,0.20999999999999996,0.21710947876886127,0.14999999999999997,10
structural,switch,exposed,recurrence,8,10,0.51,0.07502726526001942,0.16499999999999998,0.1370322954017514,0.14999999999999997,10
structural,switch,exposed,recurrence,8,25,0.42400000000000004,0.032902961663515286,0.10600000000000001,0.04526827135857885,0.14999999999999997,10
structural,switch,exposed,similarity,0,10,0.40499999999999997,0.049013405195172145,0.0,0.0,0.14999999999999997,10
structural,switch,exposed,similarity,1,10,0.40499999999999997,0.049013405195172145,0.0,0.0,0.14999999999999997,10
structural,switch,exposed,similarity,2,10,0.40499999999999997,0.049013405195172145,0.0,0.0,0.14999999999999997,10
structural,switch,exposed,similarity,3,10,0.40499999999999997,0.049013405195172145,0.0,0.0,0.14999999999999997,10
structural,switch,exposed,similarity,4,10,0.40499999999999997,0.049013405195172145,0.0,0.0,0.14999999999999997,10
structural,switch,exposed,similarity,5,10,0.40499999999999997,0.049013405195172145,0.0,0.0,0.14999999999999997,10
structural,switch,exposed,similarity,6,10,0.40499999999999997,0.049013405195172145,0.0,0.0,0.14999999999999997,10
structural,switch,exposed,similarity,7,10,0.40499999999999997,0.049013405195172145,0.0,0.0,0.14999999999999997,10
structural,switch,exposed,similarity,8,5,0.43,0.05889337416010381,0.0,0.0,0.14999999999999997,10
structural,switch,exposed,similarity,8,10,0.40499999999999997,0.049013405195172145,0.0,0.0,0.14999999999999997,10
structural,switch,exposed,similarity,8,25,0.32599999999999996,0.04160292285358514,0.0,0.0,0.14999999999999997,10
structural,switch,exposed,value_profile,0,10,0.13999999999999999,0.040606963805363765,0.0,0.0,0.14999999999999997,10
structural,switch,exposed,value_profile,1,10,0.48,0.018470435889915378,0.0,0.0,0.14999999999999997,10
structural,switch,exposed,value_profile,2,10,1.0,0.0,1.0,0.0,0.14999999999999997,10
structural,switch,exposed,value_profile,3,10,1.0,0.0,1.0,0.0,0.14999999999999997,10
structural,switch,exposed,value_profile,4,10,1.0,0.0,1.0,0.0,0.14999999999999997,10
structural,switch,exposed,value_profile,5,10,0.0,0.0,-1.0,0.0,0.14999999999999997,10
structural,switch,exposed,value_profile,6,10,0.385,0.05072368667405657,-0.23000000000000004,0.10144737334811313,0.14999999999999997,10
structural,switch,exposed,value_profile,7,10,0.61,0.06032419100944262,0.22000000000000003,0.12064838201888528,0.14999999999999997,10
structural,switch,exposed,value_profile,8,5,1.0,0.0,1.0,0.0,0.14999999999999997,10
structural,switch,exposed,value_profile,8,10,0.9949999999999999,0.011310785814270504,0.99,0.022621571628541007,0.14999999999999997,10
structural,switch,exposed,value_profile,8,25,0.5999999999999999,8.371663225071135e-17,0.19999999999999996,0.0,0.14999999999999997,10
structural,switch,holdout,association_only,0,10,0.485,0.033932357442811485,0.0,0.0,0.14999999999999997,10
structural,switch,holdout,association_only,1,10,0.485,0.033932357442811485,0.0,0.0,0.14999999999999997,10
structural,switch,holdout,association_only,2,10,1.0,0.0,1.0,0.0,0.14999999999999997,10
structural,switch,holdout,association_only,3,10,1.0,0.0,1.0,0.0,0.14999999999999997,10
structural,switch,holdout,association_only,4,10,1.0,0.0,1.0,0.0,0.14999999999999997,10
structural,switch,holdout,association_only,5,10,0.01,0.015081047752360662,-0.9800000000000001,0.03016209550472134,0.14999999999999997,10
structural,switch,holdout,association_only,6,10,0.32499999999999996,0.034760097553861516,-0.35,0.06952019510772303,0.14999999999999997,10
structural,switch,holdout,association_only,7,10,0.55,0.023845230199611323,0.10000000000000005,0.047690460399222645,0.14999999999999997,10
structural,switch,holdout,association_only,8,5,0.9200000000000002,0.04524314325708196,0.8400000000000001,0.09048628651416392,0.14999999999999997,10
structural,switch,holdout,association_only,8,10,0.7649999999999999,0.05345268834627585,0.53,0.10690537669255169,0.14999999999999997,10
structural,switch,holdout,association_only,8,25,0.5800000000000001,0.013488899178479523,0.16000000000000003,0.02697779835695906,0.14999999999999997,10
structural,switch,holdout,clustering,0,10,0.15999999999999998,0.040606963805363765,0.0,0.0,0.14999999999999997,10
structural,switch,holdout,clustering,1,10,0.15999999999999998,0.040606963805363765,0.0,0.0,0.14999999999999997,10
structural,switch,holdout,clustering,2,10,0.15999999999999998,0.040606963805363765,0.0,0.0,0.14999999999999997,10
structural,switch,holdout,clustering,3,10,0.15999999999999998,0.040606963805363765,0.0,0.0,0.14999999999999997,10
structural,switch,holdout,clustering,4,10,0.15999999999999998,0.040606963805363765,0.0,0.0,0.14999999999999997,10
structural,switch,holdout,clustering,5,10,0.15999999999999998,0.040606963805363765,0.0,0.0,0.14999999999999997,10
structural,switch,holdout,clustering,6,10,0.15999999999999998,0.040606963805363765,0.0,0.0,0.14999999999999997,10
structural,switch,holdout,clustering,7,10,0.15999999999999998,0.040606963805363765,0.0,0.0,0.14999999999999997,10
structural,switch,holdout,clustering,8,5,0.18000000000000002,0.05642811372291081,0.0,0.0,0.14999999999999997,10
structural,switch,holdout,clustering,8,10,0.15999999999999998,0.040606963805363765,0.0,0.0,0.14999999999999997,10
structural,switch,holdout,clustering,8,25,0.12600000000000003,0.016589152527596726,0.0,0.0,0.14999999999999997,10
structural,switch,holdout,competing_models,0,10,0.13999999999999999,0.040606963805363765,0.0,0.0,0.14999999999999997,10
structural,switch,holdout,competing_models,1,10,0.475,0.025291685959649136,0.0,0.0,0.14999999999999997,10
structural,switch,holdout,competing_models,2,10,1.0,0.0,1.0,0.0,0.14999999999999997,10
structural,switch,holdout,competing_models,3,10,1.0,0.0,1.0,0.0,0.14999999999999997,10
structural,switch,holdout,competing_models,4,10,1.0,0.0,1.0,0.0,0.14999999999999997,10
structural,switch,holdout,competing_models,5,10,0.0,0.0,-1.0,0.0,0.14999999999999997,10
structural,switch,holdout,competing_models,6,10,0.195,0.05705441607566246,-0.6100000000000001,0.11410883215132492,0.14999999999999997,10
structural,switch,holdout,competing_models,7,10,1.0,0.0,1.0,0.0,0.14999999999999997,10
structural,switch,holdout,competing_models,8,5,1.0,0.0,1.0,0.0,0.14999999999999997,10
structural,switch,holdout,competing_models,8,10,1.0,0.0,1.0,0.0,0.14999999999999997,10
structural,switch,holdout,competing_models,8,25,0.5999999999999999,8.371663225071135e-17,0.19999999999999996,0.0,0.14999999999999997,10
structural,switch,holdout,context_oracle,0,10,0.585,0.0585302049775716,0.585,0.0585302049775716,0.14999999999999997,10
structural,switch,holdout,context_oracle,1,10,0.585,0.056048973167046684,0.585,0.056048973167046684,0.14999999999999997,10
structural,switch,holdout,context_oracle,2,10,0.63,0.05889337416010378,0.63,0.05889337416010378,0.14999999999999997,10
structural,switch,holdout,context_oracle,3,10,0.57,0.05642811372291077,0.57,0.05642811372291077,0.14999999999999997,10
structural,switch,holdout,context_oracle,4,10,0.655,0.04602191203318151,0.655,0.04602191203318151,0.14999999999999997,10
structural,switch,holdout,context_oracle,5,10,0.575,0.05128110656114109,0.575,0.05128110656114109,0.14999999999999997,10
structural,switch,holdout,context_oracle,6,10,0.6200000000000001,0.06573676311525131,0.6200000000000001,0.06573676311525131,0.14999999999999997,10
structural,switch,holdout,context_oracle,7,10,0.6050000000000001,0.05450604454644074,0.6050000000000001,0.05450604454644074,0.14999999999999997,10
structural,switch,holdout,context_oracle,8,5,0.64,0.09048628651416393,0.64,0.09048628651416393,0.14999999999999997,10
structural,switch,holdout,context_oracle,8,10,0.605,0.07043430558720785,0.605,0.07043430558720785,0.14999999999999997,10
structural,switch,holdout,context_oracle,8,25,0.5999999999999999,8.371663225071135e-17,0.5999999999999999,8.371663225071135e-17,0.14999999999999997,10
structural,switch,holdout,delta_only,0,10,0.145,0.04602191203318153,0.0,0.0,0.14999999999999997,10
structural,switch,holdout,delta_only,1,10,0.21999999999999997,0.05385011157546033,0.0,0.0,0.14999999999999997,10
structural,switch,holdout,delta_only,2,10,0.7950000000000002,0.05705441607566248,0.7950000000000002,0.05705441607566248,0.14999999999999997,10
structural,switch,holdout,delta_only,3,10,0.8,0.05840864678825165,0.8,0.05840864678825165,0.14999999999999997,10
structural,switch,holdout,delta_only,4,10,0.575,0.0758750578789474,0.575,0.0758750578789474,0.14999999999999997,10
structural,switch,holdout,delta_only,5,10,0.01,0.01508104775236066,-0.5549999999999999,0.05705441607566246,0.14999999999999997,10
structural,switch,holdout,delta_only,6,10,0.005,0.011310785814270492,-0.58,0.056428113722910796,0.14999999999999997,10
structural,switch,holdout,delta_only,7,10,0.05,0.0446103408578504,-0.41999999999999993,0.13509959143182426,0.14999999999999997,10
structural,switch,holdout,delta_only,8,5,0.01,0.022621571628540983,-0.65,0.15545188206991703,0.14999999999999997,10
structural,switch,holdout,delta_only,8,10,0.045000000000000005,0.03936269025254045,-0.43,0.1297320781336085,0.14999999999999997,10
structural,switch,holdout,delta_only,8,25,0.178,0.035973910371936355,-0.03400000000000001,0.0278489422503554,0.14999999999999997,10
structural,switch,holdout,frequency,0,10,0.495,0.011310785814270504,0.0,0.0,0.14999999999999997,10
structural,switch,holdout,frequency,1,10,0.495,0.011310785814270504,0.0,0.0,0.14999999999999997,10
structural,switch,holdout,frequency,2,10,0.495,0.011310785814270504,0.0,0.0,0.14999999999999997,10
structural,switch,holdout,frequency,3,10,0.495,0.011310785814270504,0.0,0.0,0.14999999999999997,10
structural,switch,holdout,frequency,4,10,0.495,0.011310785814270504,0.0,0.0,0.14999999999999997,10
structural,switch,holdout,frequency,5,10,0.495,0.011310785814270504,0.0,0.0,0.14999999999999997,10
structural,switch,holdout,frequency,6,10,0.495,0.011310785814270504,0.0,0.0,0.14999999999999997,10
structural,switch,holdout,frequency,7,10,0.495,0.011310785814270504,0.0,0.0,0.14999999999999997,10
structural,switch,holdout,frequency,8,5,0.5,0.0,0.0,0.0,0.14999999999999997,10
structural,switch,holdout,frequency,8,10,0.495,0.011310785814270504,0.0,0.0,0.14999999999999997,10
structural,switch,holdout,frequency,8,25,0.28400000000000003,0.043080089260368264,0.0,0.0,0.14999999999999997,10
structural,switch,holdout,mdi,0,10,0.5,0.0,0.0,0.0,0.14999999999999997,10
structural,switch,holdout,mdi,1,10,0.5,0.0,0.0,0.0,0.14999999999999997,10
structural,switch,holdout,mdi,2,10,0.9949999999999999,0.011310785814270504,0.99,0.022621571628541007,0.14999999999999997,10
structural,switch,holdout,mdi,3,10,0.99,0.02262157162854098,0.9800000000000001,0.045243143257081966,0.14999999999999997,10
structural,switch,holdout,mdi,4,10,1.0,0.0,1.0,0.0,0.14999999999999997,10
structural,switch,holdout,mdi,5,10,0.0,0.0,-1.0,0.0,0.14999999999999997,10
structural,switch,holdout,mdi,6,10,0.23000000000000004,0.06353758354890779,-0.5399999999999999,0.12707516709781563,0.14999999999999997,10
structural,switch,holdout,mdi,7,10,0.6749999999999999,0.04215280993274858,0.35,0.08430561986549713,0.14999999999999997,10
structural,switch,holdout,mdi,8,5,1.0,0.0,1.0,0.0,0.14999999999999997,10
structural,switch,holdout,mdi,8,10,0.985,0.017277510721109102,0.97,0.034555021442218205,0.14999999999999997,10
structural,switch,holdout,mdi,8,25,0.5999999999999999,8.371663225071135e-17,0.23200000000000004,0.022571245489164324,0.14999999999999997,10
structural,switch,holdout,mdi_decay0,0,10,0.5,0.0,0.0,0.0,0.14999999999999997,10
structural,switch,holdout,mdi_decay0,1,10,0.5,0.0,0.0,0.0,0.14999999999999997,10
structural,switch,holdout,mdi_decay0,2,10,1.0,0.0,1.0,0.0,0.14999999999999997,10
structural,switch,holdout,mdi_decay0,3,10,0.9949999999999999,0.011310785814270504,0.99,0.022621571628541007,0.14999999999999997,10
structural,switch,holdout,mdi_decay0,4,10,1.0,0.0,1.0,0.0,0.14999999999999997,10
structural,switch,holdout,mdi_decay0,5,10,0.0,0.0,-1.0,0.0,0.14999999999999997,10
structural,switch,holdout,mdi_decay0,6,10,0.05500000000000001,0.04602191203318153,-0.89,0.09204382406636304,0.14999999999999997,10
structural,switch,holdout,mdi_decay0,7,10,0.5,0.023845230199611336,5.551115123125783e-18,0.04769046039922268,0.14999999999999997,10
structural,switch,holdout,mdi_decay0,8,5,1.0,0.0,1.0,0.0,0.14999999999999997,10
structural,switch,holdout,mdi_decay0,8,10,0.885,0.037890663536852325,0.77,0.07578132707370465,0.14999999999999997,10
structural,switch,holdout,mdi_decay0,8,25,0.592,0.0073881743559661124,0.20200000000000004,0.018408764813272607,0.14999999999999997,10
structural,switch,holdout,mdi_decay020,0,10,0.5,0.0,0.0,0.0,0.14999999999999997,10
structural,switch,holdout,mdi_decay020,1,10,0.5,0.0,0.0,0.0,0.14999999999999997,10
structural,switch,holdout,mdi_decay020,2,10,0.9949999999999999,0.011310785814270504,0.99,0.022621571628541007,0.14999999999999997,10
structural,switch,holdout,mdi_decay020,3,10,0.99,0.02262157162854098,0.9800000000000001,0.045243143257081966,0.14999999999999997,10
structural,switch,holdout,mdi_decay020,4,10,1.0,0.0,1.0,0.0,0.14999999999999997,10
structural,switch,holdout,mdi_decay020,5,10,0.06999999999999999,0.04828291119451135,-0.86,0.09656582238902268,0.14999999999999997,10
structural,switch,holdout,mdi_decay020,6,10,0.73,0.058893374160103824,0.45999999999999996,0.11778674832020763,0.14999999999999997,10
structural,switch,holdout,mdi_decay020,7,10,0.9650000000000001,0.03789066353685235,0.93,0.0757813270737047,0.14999999999999997,10
structural,switch,holdout,mdi_decay020,8,5,1.0,0.0,1.0,0.0,0.14999999999999997,10
structural,switch,holdout,mdi_decay020,8,10,1.0,0.0,1.0,0.0,0.14999999999999997,10
structural,switch,holdout,mdi_decay020,8,25,0.5999999999999999,8.371663225071135e-17,0.23200000000000004,0.021540044630184142,0.14999999999999997,10
structural,switch,holdout,mdi_no_novelty,0,10,0.5,0.0,0.0,0.0,0.14999999999999997,10
structural,switch,holdout,mdi_no_novelty,1,10,0.5,0.0,0.0,0.0,0.14999999999999997,10
structural,switch,holdout,mdi_no_novelty,2,10,1.0,0.0,1.0,0.0,0.14999999999999997,10
structural,switch,holdout,mdi_no_novelty,3,10,1.0,0.0,1.0,0.0,0.14999999999999997,10
structural,switch,holdout,mdi_no_novelty,4,10,1.0,0.0,1.0,0.0,0.14999999999999997,10
structural,switch,holdout,mdi_no_novelty,5,10,0.0,0.0,-1.0,0.0,0.14999999999999997,10
structural,switch,holdout,mdi_no_novelty,6,10,0.23500000000000001,0.07359257711325337,-0.53,0.14718515422650677,0.14999999999999997,10
structural,switch,holdout,mdi_no_novelty,7,10,0.64,0.03286838155762566,0.27999999999999997,0.06573676311525133,0.14999999999999997,10
structural,switch,holdout,mdi_no_novelty,8,5,1.0,0.0,1.0,0.0,0.14999999999999997,10
structural,switch,holdout,mdi_no_novelty,8,10,0.9550000000000001,0.03556857998685377,0.9100000000000001,0.07113715997370754,0.14999999999999997,10
structural,switch,holdout,mdi_no_novelty,8,25,0.5999999999999999,8.371663225071135e-17,0.19999999999999996,0.0,0.14999999999999997,10
structural,switch,holdout,mdi_original,0,10,0.48,0.04524314325708196,0.0,0.0,0.14999999999999997,10
structural,switch,holdout,mdi_original,1,10,0.48,0.045243143257081966,0.0,0.0,0.14999999999999997,10
structural,switch,holdout,mdi_original,2,10,0.96,0.04709055651362147,0.9200000000000002,0.09418111302724294,0.14999999999999997,10
structural,switch,holdout,mdi_original,3,10,1.0,0.0,1.0,0.0,0.14999999999999997,10
structural,switch,holdout,mdi_original,4,10,0.9949999999999999,0.011310785814270504,0.99,0.022621571628541007,0.14999999999999997,10
structural,switch,holdout,mdi_original,5,10,0.12999999999999998,0.05385011157546034,-0.7400000000000001,0.10770022315092063,0.14999999999999997,10
structural,switch,holdout,mdi_original,6,10,0.355,0.06838635757163815,-0.29,0.13677271514327632,0.14999999999999997,10
structural,switch,holdout,mdi_original,7,10,0.5599999999999999,0.032868381557625656,0.12000000000000004,0.06573676311525131,0.14999999999999997,10
structural,switch,holdout,mdi_original,8,5,0.7700000000000001,0.08294576263798363,0.54,0.16589152527596726,0.14999999999999997,10
structural,switch,holdout,mdi_original,8,10,0.725,0.06584479402316085,0.45,0.1316895880463217,0.14999999999999997,10
structural,switch,holdout,mdi_original,8,25,0.5359999999999999,0.014776348711932305,0.07800000000000004,0.028969746716706823,0.14999999999999997,10
structural,switch,holdout,mdi_reset,0,10,0.5,0.0,0.0,0.0,0.14999999999999997,10
structural,switch,holdout,mdi_reset,1,10,0.5,0.0,0.0,0.0,0.14999999999999997,10
structural,switch,holdout,mdi_reset,2,10,0.5,0.0,0.0,0.0,0.14999999999999997,10
structural,switch,holdout,mdi_reset,3,10,0.5,0.0,0.0,0.0,0.14999999999999997,10
structural,switch,holdout,mdi_reset,4,10,0.5,0.0,0.0,0.0,0.14999999999999997,10
structural,switch,holdout,mdi_reset,5,10,0.5,0.0,0.0,0.0,0.14999999999999997,10
structural,switch,holdout,mdi_reset,6,10,0.5,0.0,0.0,0.0,0.14999999999999997,10
structural,switch,holdout,mdi_reset,7,10,0.5,0.0,0.0,0.0,0.14999999999999997,10
structural,switch,holdout,mdi_reset,8,5,0.5,0.0,0.0,0.0,0.14999999999999997,10
structural,switch,holdout,mdi_reset,8,10,0.5,0.0,0.0,0.0,0.14999999999999997,10
structural,switch,holdout,mdi_reset,8,25,0.48599999999999993,0.01913570437970502,0.0,0.0,0.14999999999999997,10
structural,switch,holdout,mdi_with_delta,0,10,0.5,0.0,0.0,0.0,0.14999999999999997,10
structural,switch,holdout,mdi_with_delta,1,10,0.495,0.01131078581427049,0.0,0.0,0.14999999999999997,10
structural,switch,holdout,mdi_with_delta,2,10,1.0,0.0,1.0,0.0,0.14999999999999997,10
structural,switch,holdout,mdi_with_delta,3,10,1.0,0.0,1.0,0.0,0.14999999999999997,10
structural,switch,holdout,mdi_with_delta,4,10,0.9800000000000001,0.034555021442218156,0.9800000000000001,0.034555021442218156,0.14999999999999997,10
structural,switch,holdout,mdi_with_delta,5,10,0.01,0.022621571628540983,-0.9800000000000001,0.045243143257081966,0.14999999999999997,10
structural,switch,holdout,mdi_with_delta,6,10,0.09,0.03286838155762566,-0.82,0.0657367631152513,0.14999999999999997,10
structural,switch,holdout,mdi_with_delta,7,10,0.41,0.06263629556878302,-0.1,0.0734959354732514,0.14999999999999997,10
structural,switch,holdout,mdi_with_delta,8,5,0.6,0.08922068171570079,0.20999999999999996,0.1667462013361117,0.14999999999999997,10
structural,switch,holdout,mdi_with_delta,8,10,0.485,0.060910445708045664,0.004999999999999993,0.08165033014856432,0.14999999999999997,10
structural,switch,holdout,mdi_with_delta,8,25,0.368,0.027145885954249195,-0.084,0.04900760444893072,0.14999999999999997,10
structural,switch,holdout,predicate_match,0,10,0.13999999999999999,0.040606963805363765,0.0,0.0,0.14999999999999997,10
structural,switch,holdout,predicate_match,1,10,0.25,0.06952019510772302,0.0,0.0,0.14999999999999997,10
structural,switch,holdout,predicate_match,2,10,0.61,0.06911004288443634,0.61,0.06911004288443634,0.14999999999999997,10
structural,switch,holdout,predicate_match,3,10,1.0,0.0,1.0,0.0,0.14999999999999997,10
structural,switch,holdout,predicate_match,4,10,0.7050000000000001,0.07043430558720787,0.7050000000000001,0.07043430558720787,0.14999999999999997,10
structural,switch,holdout,predicate_match,5,10,0.0,0.0,-0.7050000000000001,0.07043430558720787,0.14999999999999997,10
structural,switch,holdout,predicate_match,6,10,0.39,0.06032419100944264,-0.22000000000000003,0.12064838201888528,0.14999999999999997,10
structural,switch,holdout,predicate_match,7,10,0.525,0.09273618185204684,0.13499999999999998,0.13909149861276682,0.14999999999999997,10
structural,switch,holdout,predicate_match,8,5,1.0,0.0,1.0,0.0,0.14999999999999997,10
structural,switch,holdout,predicate_match,8,10,1.0,0.0,1.0,0.0,0.14999999999999997,10
structural,switch,holdout,predicate_match,8,25,0.5999999999999999,8.371663225071135e-17,0.23199999999999993,0.028772805298835497,0.14999999999999997,10
structural,switch,holdout,random,0,10,0.12000000000000002,0.03844927838735581,0.0,0.0,0.14999999999999997,10
structural,switch,holdout,random,1,10,0.12000000000000002,0.03844927838735581,0.0,0.0,0.14999999999999997,10
structural,switch,holdout,random,2,10,0.12000000000000002,0.03844927838735581,0.0,0.0,0.14999999999999997,10
structural,switch,holdout,random,3,10,0.12000000000000002,0.03844927838735581,0.0,0.0,0.14999999999999997,10
structural,switch,holdout,random,4,10,0.12000000000000002,0.03844927838735581,0.0,0.0,0.14999999999999997,10
structural,switch,holdout,random,5,10,0.12000000000000002,0.03844927838735581,0.0,0.0,0.14999999999999997,10
structural,switch,holdout,random,6,10,0.12000000000000002,0.03844927838735581,0.0,0.0,0.14999999999999997,10
structural,switch,holdout,random,7,10,0.12000000000000002,0.03844927838735581,0.0,0.0,0.14999999999999997,10
structural,switch,holdout,random,8,5,0.08,0.06573676311525133,0.0,0.0,0.14999999999999997,10
structural,switch,holdout,random,8,10,0.12000000000000002,0.03844927838735581,0.0,0.0,0.14999999999999997,10
structural,switch,holdout,random,8,25,0.146,0.030199774589374336,0.0,0.0,0.14999999999999997,10
structural,switch,holdout,recurrence,0,10,0.13999999999999999,0.040606963805363765,0.0,0.0,0.14999999999999997,10
structural,switch,holdout,recurrence,1,10,0.13999999999999999,0.040606963805363765,0.0,0.0,0.14999999999999997,10
structural,switch,holdout,recurrence,2,10,0.13999999999999999,0.040606963805363765,0.0,0.0,0.14999999999999997,10
structural,switch,holdout,recurrence,3,10,0.13999999999999999,0.040606963805363765,0.0,0.0,0.14999999999999997,10
structural,switch,holdout,recurrence,4,10,0.13999999999999999,0.040606963805363765,0.0,0.0,0.14999999999999997,10
structural,switch,holdout,recurrence,5,10,0.13999999999999999,0.040606963805363765,0.0,0.0,0.14999999999999997,10
structural,switch,holdout,recurrence,6,10,0.13999999999999999,0.040606963805363765,0.0,0.0,0.14999999999999997,10
structural,switch,holdout,recurrence,7,10,0.13999999999999999,0.040606963805363765,0.0,0.0,0.14999999999999997,10
structural,switch,holdout,recurrence,8,5,0.13999999999999999,0.06032419100944265,0.0,0.0,0.14999999999999997,10
structural,switch,holdout,recurrence,8,10,0.13999999999999999,0.040606963805363765,0.0,0.0,0.14999999999999997,10
structural,switch,holdout,recurrence,8,25,0.156,0.03803295529307615,0.0,0.0,0.14999999999999997,10
structural,switch,holdout,similarity,0,10,0.40499999999999997,0.049013405195172145,0.0,0.0,0.14999999999999997,10
structural,switch,holdout,similarity,1,10,0.40499999999999997,0.049013405195172145,0.0,0.0,0.14999999999999997,10
structural,switch,holdout,similarity,2,10,0.40499999999999997,0.049013405195172145,0.0,0.0,0.14999999999999997,10
structural,switch,holdout,similarity,3,10,0.40499999999999997,0.049013405195172145,0.0,0.0,0.14999999999999997,10
structural,switch,holdout,similarity,4,10,0.40499999999999997,0.049013405195172145,0.0,0.0,0.14999999999999997,10
structural,switch,holdout,similarity,5,10,0.40499999999999997,0.049013405195172145,0.0,0.0,0.14999999999999997,10
structural,switch,holdout,similarity,6,10,0.40499999999999997,0.049013405195172145,0.0,0.0,0.14999999999999997,10
structural,switch,holdout,similarity,7,10,0.40499999999999997,0.049013405195172145,0.0,0.0,0.14999999999999997,10
structural,switch,holdout,similarity,8,5,0.43,0.05889337416010381,0.0,0.0,0.14999999999999997,10
structural,switch,holdout,similarity,8,10,0.40499999999999997,0.049013405195172145,0.0,0.0,0.14999999999999997,10
structural,switch,holdout,similarity,8,25,0.32599999999999996,0.04160292285358514,0.0,0.0,0.14999999999999997,10
structural,switch,holdout,value_profile,0,10,0.13999999999999999,0.040606963805363765,0.0,0.0,0.14999999999999997,10
structural,switch,holdout,value_profile,1,10,0.45999999999999996,0.028214056861455398,0.0,0.0,0.14999999999999997,10
structural,switch,holdout,value_profile,2,10,1.0,0.0,1.0,0.0,0.14999999999999997,10
structural,switch,holdout,value_profile,3,10,1.0,0.0,1.0,0.0,0.14999999999999997,10
structural,switch,holdout,value_profile,4,10,1.0,0.0,1.0,0.0,0.14999999999999997,10
structural,switch,holdout,value_profile,5,10,0.0,0.0,-1.0,0.0,0.14999999999999997,10
structural,switch,holdout,value_profile,6,10,0.39,0.05541130766974611,-0.22000000000000003,0.11082261533949221,0.14999999999999997,10
structural,switch,holdout,value_profile,7,10,0.61,0.06032419100944262,0.22000000000000003,0.12064838201888528,0.14999999999999997,10
structural,switch,holdout,value_profile,8,5,1.0,0.0,1.0,0.0,0.14999999999999997,10
structural,switch,holdout,value_profile,8,10,0.985,0.017277510721109102,0.97,0.034555021442218205,0.14999999999999997,10
structural,switch,holdout,value_profile,8,25,0.5999999999999999,8.371663225071135e-17,0.20399999999999996,0.006032419100944269,0.14999999999999997,10
